{"type":"FeatureCollection","name":"Tehsil Nishtar mauzas (tentative, from PULSE)","features":[{"type":"Feature","properties":{"mauza":"Kamahan","pulse_name":null,"qanoongo_circle":"Kamahan","status":"matched","area_km2":9.282,"area_acres":2294,"area_kanal":18349,"perimeter_km":19.61,"centroid_lat":31.446415,"centroid_lng":74.388281,"inside_point_lat":31.4479,"inside_point_lng":74.384231,"parts":1,"bbox":[74.36735,31.426178,74.415563,31.462545]},"geometry":{"type":"Polygon","coordinates":[[[74.373037,31.461599],[74.372893,31.461294],[74.372607,31.461111],[74.372464,31.460684],[74.371105,31.459525],[74.370891,31.459525],[74.370533,31.459158],[74.369889,31.458914],[74.368029,31.457328],[74.367314,31.456108],[74.367314,31.455802],[74.367743,31.455619],[74.367743,31.455436],[74.368029,31.455253],[74.368029,31.454826],[74.368315,31.454521],[74.368315,31.451409],[74.368745,31.45086],[74.368745,31.450311],[74.368888,31.45025],[74.368888,31.449823],[74.369031,31.449762],[74.369031,31.449334],[74.369174,31.449273],[74.369174,31.448846],[74.369317,31.448785],[74.369031,31.447504],[74.368888,31.447443],[74.368888,31.446772],[74.368745,31.446711],[74.368601,31.445063],[74.369317,31.444392],[74.369317,31.444209],[74.369889,31.443782],[74.369603,31.443355],[74.370819,31.443355],[74.370891,31.443232],[74.371677,31.443232],[74.371749,31.44311],[74.372679,31.442988],[74.373752,31.442317],[74.373752,31.442134],[74.37461,31.44128],[74.376685,31.440914],[74.376756,31.440304],[74.376899,31.440243],[74.376756,31.439449],[74.377042,31.439266],[74.377042,31.438961],[74.377472,31.43829],[74.377615,31.437619],[74.377901,31.437436],[74.377901,31.437131],[74.378473,31.436581],[74.378473,31.436276],[74.378902,31.435544],[74.38019,31.434568],[74.38069,31.434568],[74.380762,31.434446],[74.381406,31.434324],[74.38162,31.434568],[74.381978,31.434568],[74.382336,31.434812],[74.382836,31.434812],[74.383409,31.4353],[74.38348,31.435544],[74.384124,31.435544],[74.384196,31.435422],[74.384839,31.435422],[74.384911,31.4353],[74.386985,31.4353],[74.3872,31.435056],[74.387415,31.435056],[74.387629,31.434812],[74.388273,31.434568],[74.388631,31.434019],[74.388631,31.433591],[74.388488,31.43353],[74.388631,31.432249],[74.388344,31.431822],[74.388344,31.430785],[74.389489,31.429503],[74.389775,31.429015],[74.389775,31.42871],[74.390061,31.428527],[74.390061,31.428222],[74.390347,31.428039],[74.390634,31.427368],[74.391206,31.427123],[74.391706,31.427123],[74.392207,31.426574],[74.392207,31.426391],[74.394425,31.426269],[74.394496,31.426147],[74.396285,31.426147],[74.396642,31.426391],[74.398001,31.426513],[74.398359,31.426757],[74.399575,31.426757],[74.399933,31.427001],[74.401006,31.427001],[74.401077,31.427123],[74.40215,31.427123],[74.402651,31.426879],[74.403867,31.426879],[74.404153,31.427001],[74.404725,31.427612],[74.404725,31.427917],[74.405155,31.428466],[74.405155,31.428893],[74.405441,31.429076],[74.405441,31.429625],[74.403939,31.430235],[74.403295,31.430846],[74.402365,31.430968],[74.402293,31.43109],[74.401435,31.430724],[74.401077,31.430724],[74.400433,31.430113],[74.400219,31.430113],[74.399933,31.429869],[74.399432,31.430296],[74.399289,31.430724],[74.398574,31.431395],[74.398574,31.431578],[74.397429,31.432615],[74.397429,31.432798],[74.394854,31.435056],[74.394854,31.435239],[74.394282,31.435788],[74.394282,31.436093],[74.393996,31.436398],[74.393996,31.436703],[74.393709,31.436887],[74.393709,31.437192],[74.392851,31.437863],[74.392708,31.438534],[74.392422,31.439022],[74.392136,31.439205],[74.391993,31.439754],[74.392636,31.440182],[74.392851,31.440182],[74.393209,31.440548],[74.393423,31.440548],[74.393996,31.441158],[74.393996,31.442439],[74.393852,31.4425],[74.393996,31.442622],[74.393996,31.443294],[74.394353,31.443599],[74.395855,31.443477],[74.396213,31.444209],[74.397,31.444209],[74.397358,31.443965],[74.398144,31.443843],[74.398931,31.443416],[74.398931,31.4425],[74.398645,31.442073],[74.398645,31.441646],[74.398788,31.441524],[74.400147,31.44128],[74.400505,31.440914],[74.401292,31.440792],[74.401936,31.440426],[74.402293,31.440426],[74.403366,31.439937],[74.40401,31.439937],[74.404511,31.439693],[74.407014,31.439571],[74.407587,31.439327],[74.40866,31.438351],[74.409303,31.438229],[74.41009,31.437863],[74.410448,31.437863],[74.41052,31.437741],[74.410877,31.437741],[74.410949,31.437619],[74.411306,31.437619],[74.411378,31.437497],[74.411736,31.437497],[74.412093,31.437131],[74.41288,31.437253],[74.413381,31.437619],[74.413595,31.437619],[74.415169,31.439083],[74.415598,31.439876],[74.41474,31.440609],[74.413595,31.441097],[74.41195,31.441219],[74.411879,31.441097],[74.411378,31.441097],[74.411306,31.440975],[74.41052,31.440975],[74.410305,31.441158],[74.410162,31.442439],[74.410019,31.4425],[74.410019,31.442805],[74.409733,31.443294],[74.40916,31.443782],[74.408087,31.444026],[74.406943,31.444514],[74.406585,31.444819],[74.406585,31.445124],[74.406299,31.445551],[74.406156,31.446955],[74.406013,31.447016],[74.406013,31.447809],[74.40587,31.447931],[74.405369,31.447931],[74.405155,31.448114],[74.405012,31.448785],[74.404582,31.449456],[74.404439,31.451226],[74.404725,31.451531],[74.404868,31.453057],[74.404725,31.453118],[74.404296,31.454521],[74.403867,31.454948],[74.403438,31.45568],[74.403438,31.455985],[74.402866,31.456535],[74.402866,31.456962],[74.402579,31.457267],[74.402436,31.458548],[74.402579,31.458609],[74.402722,31.459647],[74.402579,31.459708],[74.402579,31.460013],[74.402293,31.460501],[74.401793,31.460623],[74.40122,31.460135],[74.400433,31.45867],[74.399575,31.458304],[74.398645,31.458182],[74.397,31.457328],[74.396499,31.457328],[74.396428,31.457206],[74.395927,31.457206],[74.395855,31.457084],[74.395355,31.457084],[74.395283,31.456962],[74.394496,31.456962],[74.394139,31.456718],[74.393495,31.456596],[74.392565,31.457023],[74.39185,31.458426],[74.391635,31.458426],[74.391063,31.45806],[74.39092,31.457389],[74.390347,31.456962],[74.390347,31.456779],[74.38999,31.456474],[74.388917,31.456474],[74.387271,31.457267],[74.387415,31.457816],[74.387057,31.457816],[74.386985,31.457938],[74.386628,31.457938],[74.386055,31.458182],[74.385269,31.459647],[74.384696,31.459891],[74.384339,31.459891],[74.383695,31.460867],[74.383552,31.460745],[74.383266,31.460806],[74.383409,31.460989],[74.382479,31.460867],[74.380834,31.462209],[74.379617,31.462087],[74.379546,31.462209],[74.379188,31.462209],[74.378974,31.462453],[74.377901,31.462576],[74.377829,31.462453],[74.377042,31.462453],[74.376971,31.462331],[74.376327,31.462331],[74.376255,31.462209],[74.375469,31.462209],[74.375397,31.462087],[74.374896,31.462087],[74.374825,31.461965],[74.374324,31.461965],[74.374253,31.461843],[74.373037,31.461599]]]}},{"type":"Feature","properties":{"mauza":"Dulu Kalan","pulse_name":null,"qanoongo_circle":"Kamahan","status":"split estimated from official map","area_km2":8.75,"area_acres":2162,"area_kanal":17297,"perimeter_km":17.88,"centroid_lat":31.401205,"centroid_lng":74.378434,"inside_point_lat":31.40299,"inside_point_lng":74.375791,"parts":1,"bbox":[74.362342,31.37724,74.396964,31.423859]},"geometry":{"type":"Polygon","coordinates":[[[74.386842,31.423889],[74.386699,31.423767],[74.385912,31.423767],[74.385412,31.423523],[74.384625,31.423523],[74.384267,31.423157],[74.383909,31.423035],[74.383909,31.422852],[74.383623,31.422669],[74.383623,31.422364],[74.382693,31.421571],[74.382479,31.421571],[74.381978,31.421083],[74.381477,31.420961],[74.38112,31.420594],[74.380762,31.420594],[74.380547,31.42035],[74.38019,31.42035],[74.380118,31.420228],[74.379474,31.420228],[74.37926,31.420472],[74.378401,31.420839],[74.376041,31.420716],[74.375969,31.420839],[74.375039,31.420961],[74.374539,31.421327],[74.374324,31.421327],[74.373537,31.42212],[74.373394,31.422547],[74.373108,31.422791],[74.372893,31.422791],[74.37275,31.42212],[74.372464,31.421815],[74.372321,31.421144],[74.372035,31.420839],[74.371892,31.420167],[74.371606,31.419862],[74.371463,31.419191],[74.371177,31.418886],[74.371034,31.418215],[74.370747,31.41791],[74.370604,31.417238],[74.370318,31.416933],[74.370175,31.416262],[74.369889,31.415957],[74.369746,31.415286],[74.36946,31.414981],[74.369317,31.414309],[74.369031,31.414004],[74.368888,31.413333],[74.368601,31.413028],[74.368458,31.412357],[74.368172,31.412052],[74.368029,31.411381],[74.367743,31.411075],[74.3676,31.410404],[74.367314,31.410099],[74.367171,31.409428],[74.366885,31.409123],[74.366742,31.408452],[74.366456,31.408147],[74.366312,31.407475],[74.366026,31.40717],[74.365883,31.406499],[74.365597,31.406194],[74.365454,31.405523],[74.365168,31.405218],[74.365025,31.404546],[74.364739,31.404241],[74.364596,31.40357],[74.36431,31.403265],[74.364166,31.402594],[74.36388,31.402289],[74.363737,31.401618],[74.363451,31.401312],[74.363308,31.400641],[74.363022,31.400336],[74.362879,31.399665],[74.362593,31.39936],[74.362593,31.399055],[74.362307,31.398628],[74.362307,31.398445],[74.36295,31.398445],[74.363451,31.398689],[74.364381,31.398689],[74.364453,31.398811],[74.365096,31.398811],[74.365168,31.398933],[74.365955,31.398933],[74.366169,31.39875],[74.366312,31.39759],[74.366599,31.397407],[74.366599,31.397102],[74.366885,31.396919],[74.367314,31.396187],[74.367314,31.39576],[74.367171,31.395699],[74.367171,31.395027],[74.367314,31.394966],[74.367314,31.394295],[74.367171,31.394234],[74.367314,31.393075],[74.368315,31.392648],[74.368458,31.392099],[74.369317,31.391427],[74.36946,31.391],[74.369746,31.390817],[74.369746,31.390512],[74.370032,31.390329],[74.370175,31.38917],[74.370032,31.389109],[74.370032,31.388682],[74.369889,31.38862],[74.369889,31.387095],[74.370175,31.386912],[74.370175,31.386607],[74.370461,31.386424],[74.370891,31.385692],[74.370891,31.38502],[74.371034,31.384959],[74.371177,31.383556],[74.37132,31.383495],[74.37132,31.382702],[74.371892,31.382458],[74.374109,31.382458],[74.374181,31.382336],[74.374539,31.382336],[74.374753,31.382152],[74.374753,31.381725],[74.374896,31.381664],[74.375039,31.380871],[74.375326,31.380383],[74.375755,31.380139],[74.376542,31.380139],[74.376828,31.380017],[74.377042,31.379529],[74.377901,31.378796],[74.378115,31.378796],[74.378616,31.378308],[74.378831,31.378308],[74.38019,31.37721],[74.381263,31.377332],[74.382622,31.378064],[74.384124,31.378308],[74.384482,31.378552],[74.384982,31.378552],[74.385483,31.378796],[74.387271,31.378918],[74.387343,31.379041],[74.388416,31.379163],[74.388416,31.380078],[74.38813,31.380383],[74.38813,31.380932],[74.387844,31.381115],[74.387844,31.381664],[74.387558,31.381847],[74.387558,31.383251],[74.387271,31.383556],[74.387271,31.383861],[74.386985,31.384044],[74.386842,31.385203],[74.386699,31.385264],[74.386699,31.385814],[74.386556,31.385875],[74.386556,31.386424],[74.386413,31.386485],[74.386413,31.387034],[74.38627,31.387095],[74.38627,31.387644],[74.385984,31.387888],[74.385412,31.388071],[74.385269,31.388865],[74.385054,31.388865],[74.384696,31.389231],[74.383909,31.389475],[74.383552,31.38978],[74.383552,31.390207],[74.383766,31.39039],[74.384696,31.390512],[74.384768,31.390634],[74.385555,31.390634],[74.38627,31.391122],[74.38627,31.391427],[74.386413,31.391488],[74.386413,31.39216],[74.386127,31.392648],[74.385841,31.392831],[74.385555,31.39338],[74.38441,31.394173],[74.384124,31.395089],[74.383552,31.395516],[74.383409,31.396065],[74.384196,31.396858],[74.385412,31.39698],[74.385769,31.397224],[74.386127,31.397224],[74.386628,31.397468],[74.387128,31.397468],[74.387844,31.397834],[74.387844,31.398139],[74.387987,31.3982],[74.387844,31.399238],[74.387415,31.399665],[74.386985,31.400458],[74.386556,31.400763],[74.386556,31.401068],[74.386413,31.401129],[74.386556,31.402289],[74.386914,31.402594],[74.387271,31.402594],[74.387343,31.402716],[74.389274,31.402838],[74.390133,31.402472],[74.39049,31.402106],[74.391063,31.401923],[74.391063,31.401495],[74.391206,31.401434],[74.391206,31.400153],[74.391492,31.400031],[74.392851,31.400153],[74.393066,31.399909],[74.393566,31.399909],[74.393924,31.399665],[74.394711,31.399665],[74.394782,31.399787],[74.395998,31.399665],[74.39607,31.399787],[74.396571,31.399787],[74.396714,31.400702],[74.397,31.401007],[74.397,31.402167],[74.396642,31.402289],[74.395855,31.403082],[74.395998,31.404119],[74.395569,31.404424],[74.395283,31.404974],[74.394568,31.405462],[74.393423,31.40595],[74.392493,31.406072],[74.392136,31.406316],[74.39049,31.406316],[74.390419,31.406438],[74.390276,31.406316],[74.388917,31.406316],[74.388702,31.406499],[74.388702,31.407658],[74.388559,31.407719],[74.388702,31.408147],[74.388559,31.408208],[74.388559,31.408513],[74.388416,31.408635],[74.387629,31.408635],[74.387558,31.408513],[74.386556,31.408574],[74.385841,31.409794],[74.385841,31.410343],[74.385698,31.410404],[74.385698,31.410831],[74.385555,31.410892],[74.385555,31.411564],[74.384124,31.412479],[74.38441,31.413394],[74.384553,31.413455],[74.384553,31.414126],[74.384839,31.414432],[74.384839,31.414859],[74.385126,31.415347],[74.385769,31.415896],[74.387844,31.415896],[74.387987,31.415774],[74.388559,31.416018],[74.388702,31.417055],[74.388988,31.41736],[74.388988,31.417788],[74.389131,31.417849],[74.389131,31.418276],[74.389417,31.418703],[74.389417,31.41913],[74.38999,31.420167],[74.38999,31.420594],[74.389704,31.421083],[74.389417,31.421266],[74.389131,31.421937],[74.387271,31.423462],[74.387271,31.423645],[74.386842,31.423889]]]}},{"type":"Feature","properties":{"mauza":"Dulu Khurd","pulse_name":null,"qanoongo_circle":"Kamahan","status":"split estimated from official map","validation_iou_vs_pulse":0.277,"area_km2":3.495,"area_acres":864,"area_kanal":6908,"perimeter_km":8.78,"centroid_lat":31.413298,"centroid_lng":74.359977,"inside_point_lat":31.412998,"inside_point_lng":74.359767,"parts":1,"bbox":[74.346033,31.398475,74.372786,31.423615]},"geometry":{"type":"Polygon","coordinates":[[[74.371964,31.423523],[74.371463,31.423523],[74.371391,31.423645],[74.36946,31.423645],[74.369102,31.423401],[74.368601,31.423401],[74.368387,31.423157],[74.367886,31.423157],[74.367529,31.422913],[74.366742,31.422913],[74.366169,31.422669],[74.366026,31.422364],[74.365311,31.421815],[74.365311,31.42151],[74.364667,31.420594],[74.364095,31.42035],[74.363165,31.420228],[74.363093,31.420106],[74.361162,31.419984],[74.360661,31.420228],[74.359302,31.420228],[74.359231,31.420106],[74.357013,31.420228],[74.356942,31.42035],[74.35544,31.420594],[74.354939,31.420839],[74.35358,31.420961],[74.35265,31.42035],[74.35172,31.420228],[74.351648,31.420106],[74.351291,31.420106],[74.350718,31.419862],[74.349932,31.419252],[74.349717,31.419252],[74.348787,31.418642],[74.346856,31.418398],[74.345997,31.417543],[74.346426,31.416262],[74.347428,31.415347],[74.347428,31.415042],[74.347571,31.414981],[74.347571,31.414554],[74.347428,31.414493],[74.347571,31.413089],[74.348501,31.412967],[74.352006,31.410099],[74.352292,31.40955],[74.35358,31.408391],[74.35358,31.408086],[74.353866,31.40778],[74.354152,31.406743],[74.354581,31.406438],[74.354581,31.406255],[74.354867,31.406011],[74.355082,31.406011],[74.355726,31.405462],[74.356155,31.404668],[74.356584,31.404302],[74.356799,31.404302],[74.35687,31.404058],[74.357156,31.403814],[74.357371,31.403814],[74.358587,31.402777],[74.358873,31.402106],[74.359159,31.401923],[74.359159,31.401618],[74.359445,31.401129],[74.359731,31.400885],[74.359946,31.400885],[74.360304,31.400519],[74.360948,31.400397],[74.361162,31.400214],[74.361162,31.399787],[74.361448,31.399604],[74.361448,31.398933],[74.361734,31.39875],[74.361734,31.398567],[74.362235,31.398445],[74.362521,31.39936],[74.362807,31.399665],[74.36295,31.400336],[74.363237,31.400641],[74.36338,31.401312],[74.363666,31.401618],[74.363809,31.402289],[74.364095,31.402594],[74.364238,31.403265],[74.364524,31.40357],[74.364667,31.404241],[74.364953,31.404546],[74.365096,31.405218],[74.365383,31.405523],[74.365526,31.406194],[74.365812,31.406499],[74.365955,31.40717],[74.366241,31.407475],[74.366384,31.408147],[74.36667,31.408452],[74.366813,31.409123],[74.367099,31.409428],[74.367242,31.410099],[74.367529,31.410404],[74.367672,31.411075],[74.367958,31.411381],[74.368101,31.412052],[74.368387,31.412357],[74.36853,31.413028],[74.368816,31.413333],[74.368959,31.414004],[74.369245,31.414309],[74.369388,31.414981],[74.369674,31.415286],[74.369818,31.415957],[74.370104,31.416262],[74.370247,31.416933],[74.370533,31.417238],[74.370676,31.41791],[74.370962,31.418215],[74.371105,31.418886],[74.371391,31.419191],[74.371534,31.419862],[74.37182,31.420167],[74.371964,31.420839],[74.37225,31.421144],[74.372393,31.421815],[74.372679,31.42212],[74.372822,31.422913],[74.371964,31.423523]]]}},{"type":"Feature","properties":{"mauza":"Attari Saroba","pulse_name":"Attari Saroba","qanoongo_circle":"Kamahan","status":"matched","validation_iou_vs_pulse":0.964,"area_km2":6.883,"area_acres":1701,"area_kanal":13607,"perimeter_km":11.93,"centroid_lat":31.430788,"centroid_lng":74.369093,"inside_point_lat":31.431547,"inside_point_lng":74.362199,"parts":1,"bbox":[74.350611,31.420076,74.3921,31.443263]},"geometry":{"type":"Polygon","coordinates":[[[74.350718,31.434263],[74.350718,31.433591],[74.350575,31.43353],[74.350575,31.431639],[74.350861,31.431212],[74.351148,31.428466],[74.351434,31.428161],[74.351434,31.427856],[74.35172,31.427551],[74.35172,31.427246],[74.352149,31.426696],[74.352149,31.426391],[74.352721,31.425415],[74.353294,31.424805],[74.353508,31.424805],[74.354152,31.424256],[74.354152,31.424073],[74.354724,31.423523],[74.354724,31.423096],[74.35501,31.422669],[74.35501,31.421022],[74.354867,31.4209],[74.35544,31.420655],[74.356513,31.420533],[74.357013,31.420289],[74.358372,31.420289],[74.358444,31.420167],[74.360661,31.420289],[74.361162,31.420045],[74.362092,31.420045],[74.362164,31.420167],[74.363093,31.420167],[74.363594,31.420411],[74.364095,31.420411],[74.36481,31.420778],[74.365239,31.42151],[74.365239,31.421815],[74.365955,31.422364],[74.366169,31.42273],[74.366742,31.422974],[74.367529,31.422974],[74.367886,31.423218],[74.368387,31.423218],[74.368601,31.423462],[74.369102,31.423462],[74.36946,31.423706],[74.371391,31.423706],[74.371463,31.423584],[74.371964,31.423584],[74.373466,31.422547],[74.373609,31.42212],[74.374324,31.421388],[74.374539,31.421388],[74.375039,31.421022],[74.375969,31.4209],[74.376041,31.420778],[74.378401,31.4209],[74.378473,31.420778],[74.378831,31.420778],[74.379474,31.420289],[74.380118,31.420289],[74.38019,31.420411],[74.380547,31.420411],[74.380762,31.420655],[74.38112,31.420655],[74.381477,31.421022],[74.381978,31.421144],[74.382479,31.421632],[74.382693,31.421632],[74.383552,31.422364],[74.383552,31.422669],[74.383838,31.422852],[74.383838,31.423035],[74.384267,31.423218],[74.384625,31.423584],[74.385412,31.423584],[74.385912,31.423828],[74.386699,31.423828],[74.386771,31.42395],[74.387271,31.423828],[74.388702,31.424805],[74.38906,31.425415],[74.389632,31.425659],[74.390133,31.425659],[74.390204,31.425781],[74.390705,31.425781],[74.390777,31.425903],[74.39142,31.425903],[74.391492,31.426025],[74.391993,31.426025],[74.392136,31.426147],[74.392136,31.426574],[74.39185,31.426757],[74.391706,31.427062],[74.391206,31.427062],[74.390562,31.427368],[74.390276,31.428039],[74.38999,31.428222],[74.38999,31.428527],[74.389704,31.42871],[74.389704,31.429015],[74.389417,31.429503],[74.388273,31.430785],[74.388273,31.431822],[74.388559,31.432249],[74.388559,31.433042],[74.388416,31.433103],[74.388559,31.434019],[74.388273,31.434507],[74.388058,31.434507],[74.386985,31.435239],[74.384911,31.435239],[74.384839,31.435361],[74.384196,31.435361],[74.384124,31.435483],[74.38348,31.435483],[74.38348,31.4353],[74.382836,31.434751],[74.382336,31.434751],[74.381978,31.434507],[74.38162,31.434507],[74.381406,31.434263],[74.380762,31.434385],[74.38069,31.434507],[74.38019,31.434507],[74.378831,31.435544],[74.378401,31.436276],[74.378401,31.436581],[74.378115,31.436764],[74.378115,31.436948],[74.377829,31.437131],[74.377829,31.437436],[74.377543,31.437619],[74.377543,31.437924],[74.377114,31.438595],[74.376971,31.439266],[74.376685,31.439449],[74.376685,31.439754],[74.376828,31.439815],[74.376685,31.440853],[74.37461,31.441219],[74.373394,31.442561],[74.37318,31.442561],[74.372679,31.442927],[74.371749,31.443049],[74.371677,31.443171],[74.369603,31.443294],[74.366956,31.441097],[74.36574,31.441219],[74.365526,31.441402],[74.365526,31.441707],[74.365239,31.441829],[74.364166,31.441829],[74.363093,31.441097],[74.361877,31.441097],[74.361806,31.441219],[74.360304,31.441097],[74.359946,31.440853],[74.359159,31.440731],[74.358802,31.440487],[74.358015,31.440365],[74.357228,31.439998],[74.356441,31.439998],[74.355797,31.439632],[74.35501,31.439632],[74.354438,31.439388],[74.352292,31.43768],[74.352149,31.437253],[74.351863,31.43707],[74.351434,31.436337],[74.351434,31.436032],[74.351148,31.435605],[74.351148,31.435178],[74.350861,31.434751],[74.350861,31.434324],[74.350718,31.434263]]]}},{"type":"Feature","properties":{"mauza":"Leel","pulse_name":"Leel","qanoongo_circle":"Kamahan","status":"matched","validation_iou_vs_pulse":0.966,"area_km2":2.274,"area_acres":562,"area_kanal":4495,"perimeter_km":7.57,"centroid_lat":31.452056,"centroid_lng":74.410387,"inside_point_lat":31.450951,"inside_point_lng":74.410126,"parts":1,"bbox":[74.402258,31.439846,74.417852,31.462423]},"geometry":{"type":"Polygon","coordinates":[[[74.404797,31.462453],[74.404582,31.461965],[74.403795,31.461721],[74.402436,31.460745],[74.402222,31.460745],[74.402651,31.460013],[74.402651,31.459708],[74.402794,31.459647],[74.402651,31.458609],[74.402508,31.458548],[74.402508,31.457755],[74.402651,31.457694],[74.402651,31.457267],[74.402937,31.456962],[74.402937,31.456535],[74.403509,31.455985],[74.403509,31.45568],[74.404368,31.454521],[74.404368,31.454216],[74.404654,31.453911],[74.404654,31.453484],[74.40494,31.453057],[74.404797,31.451531],[74.404511,31.451226],[74.404654,31.449456],[74.405083,31.448785],[74.405226,31.448114],[74.405369,31.447992],[74.40587,31.447992],[74.406085,31.447809],[74.406085,31.447016],[74.406228,31.446955],[74.406371,31.445551],[74.406514,31.44549],[74.406657,31.444819],[74.408087,31.444087],[74.40916,31.443843],[74.409804,31.443294],[74.41009,31.442805],[74.41009,31.4425],[74.410233,31.442439],[74.410233,31.441646],[74.410376,31.441585],[74.410376,31.441158],[74.41052,31.441036],[74.411306,31.441036],[74.411378,31.441158],[74.411879,31.441158],[74.41195,31.44128],[74.413023,31.44128],[74.413095,31.441158],[74.413595,31.441158],[74.41474,31.44067],[74.415813,31.439815],[74.416457,31.439937],[74.417315,31.440426],[74.417315,31.440975],[74.417029,31.441463],[74.416314,31.442012],[74.416171,31.443171],[74.415884,31.443355],[74.415884,31.443782],[74.415598,31.443965],[74.415598,31.444514],[74.415312,31.444819],[74.415312,31.445368],[74.415455,31.445429],[74.415455,31.445978],[74.415598,31.446039],[74.415598,31.447443],[74.415741,31.447504],[74.415741,31.447931],[74.415884,31.447992],[74.415884,31.45086],[74.415741,31.450921],[74.415741,31.451592],[74.415455,31.451897],[74.415455,31.452568],[74.415312,31.452629],[74.415312,31.453057],[74.415169,31.453118],[74.415169,31.454033],[74.415956,31.454704],[74.416171,31.454704],[74.417387,31.455802],[74.417601,31.455802],[74.417887,31.456169],[74.417887,31.456474],[74.417744,31.456535],[74.417744,31.458792],[74.417601,31.458853],[74.417601,31.459158],[74.417315,31.45928],[74.415098,31.459403],[74.415026,31.459525],[74.412952,31.459525],[74.412022,31.459158],[74.410806,31.459036],[74.410305,31.459586],[74.410305,31.460135],[74.410448,31.460196],[74.410448,31.460989],[74.410305,31.461111],[74.409518,31.461111],[74.409447,31.460989],[74.40866,31.460989],[74.408588,31.460867],[74.407229,31.460989],[74.406728,31.461355],[74.406228,31.461477],[74.405441,31.462331],[74.404797,31.462453]]]}},{"type":"Feature","properties":{"mauza":"Ghanakar","pulse_name":"Ghanakar","qanoongo_circle":"Kamahan","status":"matched","validation_iou_vs_pulse":0.981,"area_km2":3.275,"area_acres":809,"area_kanal":6475,"perimeter_km":8.85,"centroid_lat":31.390425,"centroid_lng":74.393411,"inside_point_lat":31.392373,"inside_point_lng":74.394103,"parts":1,"bbox":[74.383516,31.378705,74.404547,31.402746]},"geometry":{"type":"Polygon","coordinates":[[[74.387343,31.402655],[74.386628,31.402289],[74.386485,31.401129],[74.386628,31.401068],[74.386628,31.400763],[74.387057,31.400458],[74.387057,31.400275],[74.387343,31.400092],[74.387486,31.399665],[74.387915,31.399238],[74.387915,31.398933],[74.388058,31.398872],[74.387915,31.397834],[74.387128,31.397407],[74.386628,31.397407],[74.386556,31.397285],[74.385769,31.397163],[74.385412,31.396919],[74.384196,31.396797],[74.38348,31.396065],[74.383623,31.395516],[74.384196,31.395089],[74.384482,31.394173],[74.385626,31.39338],[74.385626,31.393197],[74.386198,31.392648],[74.386485,31.39216],[74.386485,31.391488],[74.386342,31.391427],[74.386342,31.391122],[74.385841,31.390695],[74.383766,31.390329],[74.383623,31.390207],[74.383623,31.38978],[74.383909,31.389536],[74.384696,31.389292],[74.385054,31.388926],[74.385269,31.388926],[74.385483,31.38862],[74.385483,31.388071],[74.385984,31.387949],[74.386342,31.387644],[74.386342,31.387095],[74.386485,31.387034],[74.386485,31.386485],[74.386628,31.386424],[74.386628,31.385875],[74.386771,31.385814],[74.386771,31.385264],[74.386914,31.385203],[74.386914,31.384532],[74.387057,31.384471],[74.387057,31.384044],[74.387343,31.383861],[74.387343,31.383556],[74.387629,31.383251],[74.387629,31.381847],[74.387915,31.381664],[74.387915,31.381115],[74.388201,31.380932],[74.388201,31.380383],[74.388488,31.380078],[74.388488,31.379163],[74.388774,31.378979],[74.388774,31.378796],[74.388917,31.378674],[74.389847,31.378796],[74.390777,31.379773],[74.391134,31.379773],[74.391206,31.379895],[74.391993,31.379895],[74.392923,31.379407],[74.393709,31.379407],[74.393781,31.379285],[74.394282,31.379285],[74.394353,31.379163],[74.395283,31.379285],[74.395498,31.379529],[74.395998,31.379529],[74.397358,31.380261],[74.397858,31.380261],[74.398431,31.380505],[74.398645,31.380749],[74.399146,31.380871],[74.399647,31.381359],[74.40072,31.381603],[74.400577,31.381725],[74.400577,31.382763],[74.40072,31.382824],[74.40072,31.383739],[74.400863,31.3838],[74.40072,31.385448],[74.400863,31.385509],[74.401006,31.386302],[74.401864,31.387522],[74.400433,31.388193],[74.400433,31.388865],[74.401149,31.390085],[74.401435,31.390268],[74.401864,31.391183],[74.402293,31.391488],[74.402293,31.391671],[74.40308,31.392465],[74.403581,31.392587],[74.404582,31.393441],[74.404582,31.393868],[74.40401,31.394295],[74.403724,31.394966],[74.403438,31.395211],[74.401936,31.395333],[74.401363,31.395577],[74.400147,31.397041],[74.399074,31.397285],[74.398001,31.398933],[74.398001,31.39936],[74.397214,31.399482],[74.396857,31.399726],[74.39607,31.399726],[74.395998,31.399604],[74.395641,31.399604],[74.395569,31.399726],[74.393924,31.399604],[74.393566,31.399848],[74.393066,31.399848],[74.392851,31.400092],[74.391492,31.39997],[74.391134,31.400153],[74.391134,31.401434],[74.390991,31.401495],[74.390991,31.401923],[74.39049,31.402045],[74.390133,31.402411],[74.389274,31.402777],[74.387343,31.402655]]]}},{"type":"Feature","properties":{"mauza":"Bhallar","pulse_name":null,"qanoongo_circle":"Kamahan","status":"matched","area_km2":3.402,"area_acres":841,"area_kanal":6726,"perimeter_km":9.12,"centroid_lat":31.413915,"centroid_lng":74.395248,"inside_point_lat":31.412387,"inside_point_lng":74.394818,"parts":1,"bbox":[74.384231,31.399451,74.404547,31.426666]},"geometry":{"type":"Polygon","coordinates":[[[74.392207,31.42633],[74.391993,31.425964],[74.390777,31.425842],[74.390705,31.42572],[74.389632,31.425598],[74.38906,31.425354],[74.388774,31.424805],[74.388416,31.4245],[74.388201,31.4245],[74.387558,31.423889],[74.3872,31.423767],[74.387343,31.423462],[74.389203,31.421937],[74.389489,31.421266],[74.389775,31.421083],[74.390061,31.420594],[74.390061,31.420167],[74.389489,31.41913],[74.389489,31.418703],[74.389203,31.418276],[74.38906,31.41736],[74.388774,31.417055],[74.388631,31.416018],[74.387987,31.415713],[74.387844,31.415835],[74.385769,31.415835],[74.385197,31.415347],[74.384911,31.414859],[74.384911,31.414432],[74.384625,31.414126],[74.384625,31.413455],[74.384482,31.413394],[74.384196,31.412479],[74.384911,31.411991],[74.385126,31.411991],[74.385626,31.411564],[74.385626,31.410892],[74.385769,31.410831],[74.385769,31.410404],[74.385912,31.410343],[74.385912,31.409794],[74.386628,31.408574],[74.388416,31.408696],[74.388631,31.408513],[74.388631,31.408208],[74.388774,31.408147],[74.388774,31.407841],[74.388631,31.40778],[74.388774,31.407658],[74.388774,31.406499],[74.388917,31.406377],[74.390276,31.406377],[74.390347,31.406499],[74.39049,31.406377],[74.392136,31.406377],[74.392493,31.406133],[74.393423,31.406011],[74.394568,31.405523],[74.395355,31.404974],[74.395641,31.404424],[74.39607,31.404119],[74.395927,31.403082],[74.396642,31.40235],[74.397071,31.402167],[74.397071,31.401007],[74.396785,31.400702],[74.396642,31.399787],[74.397214,31.399543],[74.398144,31.399421],[74.398144,31.399604],[74.398574,31.399909],[74.398574,31.400092],[74.399003,31.400397],[74.399003,31.40058],[74.400147,31.40174],[74.40029,31.402777],[74.400433,31.402838],[74.400505,31.403204],[74.401292,31.403326],[74.401363,31.403448],[74.403009,31.403448],[74.40308,31.403326],[74.403581,31.403326],[74.403724,31.40357],[74.403724,31.406804],[74.40401,31.407109],[74.40401,31.40778],[74.404296,31.408208],[74.404296,31.409733],[74.404582,31.41016],[74.404582,31.410587],[74.403867,31.411259],[74.403867,31.411808],[74.403724,31.411869],[74.403581,31.41254],[74.403152,31.413089],[74.403152,31.413394],[74.402579,31.414371],[74.401578,31.415164],[74.401435,31.416689],[74.401292,31.41675],[74.401292,31.417299],[74.401149,31.41736],[74.401006,31.419374],[74.40029,31.420533],[74.40029,31.420839],[74.399861,31.421388],[74.399861,31.423279],[74.399718,31.42334],[74.399718,31.424256],[74.399575,31.424317],[74.399575,31.424744],[74.399432,31.424805],[74.399432,31.426208],[74.399289,31.426269],[74.399289,31.426696],[74.398359,31.426696],[74.398001,31.426452],[74.397214,31.426452],[74.397143,31.42633],[74.396642,31.42633],[74.396285,31.426086],[74.394496,31.426086],[74.394425,31.426208],[74.392207,31.42633]]]}},{"type":"Feature","properties":{"mauza":"Kot Wadhawa Singh","pulse_name":"Kot Wadhawa Singh","qanoongo_circle":"Kamahan","status":"matched","validation_iou_vs_pulse":0.972,"area_km2":1.275,"area_acres":315,"area_kanal":2520,"perimeter_km":5.28,"centroid_lat":31.448546,"centroid_lng":74.419789,"inside_point_lat":31.445582,"inside_point_lng":74.420141,"parts":1,"bbox":[74.415276,31.440334,74.425005,31.457419]},"geometry":{"type":"Polygon","coordinates":[[[74.420319,31.45745],[74.419676,31.45745],[74.418603,31.456474],[74.417959,31.456352],[74.417816,31.455924],[74.417387,31.455741],[74.416171,31.454643],[74.415956,31.454643],[74.415241,31.454033],[74.415241,31.453118],[74.415384,31.453057],[74.415527,31.451897],[74.415813,31.451592],[74.415813,31.450921],[74.415956,31.45086],[74.415956,31.447992],[74.415813,31.447931],[74.415813,31.447504],[74.41567,31.447443],[74.41567,31.446039],[74.415527,31.445978],[74.415384,31.444819],[74.41567,31.444514],[74.41567,31.443965],[74.415956,31.443782],[74.415956,31.443355],[74.416242,31.443171],[74.416385,31.442012],[74.417101,31.441463],[74.417387,31.440975],[74.417387,31.440548],[74.417887,31.440548],[74.418245,31.440304],[74.418603,31.440304],[74.418674,31.440426],[74.419175,31.440304],[74.41939,31.44067],[74.420176,31.440792],[74.420248,31.440914],[74.421893,31.441036],[74.422465,31.44128],[74.42268,31.441524],[74.422895,31.441524],[74.423109,31.441768],[74.423324,31.441768],[74.42361,31.442134],[74.42361,31.442561],[74.424039,31.443232],[74.424468,31.444514],[74.425041,31.445307],[74.424898,31.445856],[74.424755,31.445917],[74.424755,31.447687],[74.424039,31.448358],[74.424039,31.448541],[74.422895,31.449517],[74.42268,31.449517],[74.422036,31.450128],[74.421822,31.450128],[74.421464,31.450433],[74.421178,31.451348],[74.421035,31.451409],[74.421536,31.451775],[74.422752,31.451897],[74.423324,31.452141],[74.423467,31.452935],[74.423324,31.452996],[74.423324,31.453423],[74.423181,31.453484],[74.423181,31.455497],[74.423467,31.455924],[74.423467,31.456352],[74.422895,31.456596],[74.422537,31.456596],[74.422465,31.456718],[74.421965,31.456718],[74.421893,31.45684],[74.421106,31.456962],[74.420534,31.457206],[74.420319,31.45745]]]}},{"type":"Feature","properties":{"mauza":"Bakhshish Pura","pulse_name":"Bakhshish Pura","qanoongo_circle":"Kamahan","status":"matched","validation_iou_vs_pulse":0.938,"area_km2":1.551,"area_acres":383,"area_kanal":3065,"perimeter_km":7.74,"centroid_lat":31.463771,"centroid_lng":74.415446,"inside_point_lat":31.463399,"inside_point_lng":74.413989,"parts":1,"bbox":[74.404976,31.456443,74.426865,31.472674]},"geometry":{"type":"Polygon","coordinates":[[[74.4269,31.472217],[74.426042,31.472705],[74.425541,31.472705],[74.42547,31.472583],[74.423825,31.472705],[74.423538,31.472461],[74.423538,31.472278],[74.422108,31.47124],[74.421679,31.470447],[74.421249,31.470142],[74.420391,31.468616],[74.419819,31.468189],[74.419676,31.467518],[74.419533,31.467457],[74.419533,31.46703],[74.419175,31.466603],[74.416385,31.466603],[74.415741,31.466969],[74.414668,31.467091],[74.414025,31.467457],[74.411378,31.467579],[74.411306,31.467701],[74.41052,31.467701],[74.410448,31.467823],[74.409947,31.467823],[74.409876,31.467945],[74.409232,31.467945],[74.408731,31.468311],[74.407515,31.468677],[74.407229,31.468311],[74.407229,31.467884],[74.407086,31.467823],[74.407086,31.467518],[74.4068,31.467213],[74.4068,31.466908],[74.406371,31.466115],[74.406228,31.465199],[74.405798,31.464528],[74.405655,31.463735],[74.40494,31.462514],[74.405441,31.462392],[74.406085,31.461843],[74.406228,31.461538],[74.406728,31.461416],[74.407229,31.46105],[74.408588,31.460928],[74.40866,31.46105],[74.410305,31.461172],[74.41052,31.460989],[74.410376,31.459586],[74.410806,31.459097],[74.412022,31.459219],[74.412952,31.459586],[74.415026,31.459586],[74.415098,31.459464],[74.417315,31.459342],[74.417601,31.459219],[74.417673,31.458853],[74.417816,31.458792],[74.417816,31.456535],[74.417959,31.456413],[74.418603,31.456535],[74.419676,31.457511],[74.420319,31.457511],[74.420677,31.457999],[74.420892,31.457999],[74.421965,31.458975],[74.422179,31.458975],[74.422966,31.459708],[74.423181,31.459708],[74.423753,31.460318],[74.423753,31.461111],[74.423324,31.461538],[74.423324,31.462453],[74.423181,31.462514],[74.423181,31.46282],[74.422537,31.462942],[74.421893,31.463674],[74.421536,31.463674],[74.421321,31.463918],[74.421035,31.463979],[74.421035,31.464284],[74.421536,31.464955],[74.422179,31.464833],[74.422322,31.465138],[74.422609,31.465321],[74.422322,31.465626],[74.422036,31.465687],[74.42175,31.466176],[74.422036,31.467823],[74.422179,31.467884],[74.422179,31.468433],[74.422322,31.468494],[74.422322,31.469288],[74.422036,31.469471],[74.422036,31.469654],[74.422966,31.470447],[74.423181,31.470447],[74.423538,31.470935],[74.423753,31.470935],[74.424111,31.471301],[74.424611,31.471423],[74.424826,31.471667],[74.425541,31.471057],[74.426471,31.470935],[74.426471,31.471362],[74.4269,31.471911],[74.4269,31.472217]]]}},{"type":"Feature","properties":{"mauza":"Deo Khurd o Kalan","pulse_name":"Deo Khurd o Kalan","qanoongo_circle":"Kamahan","status":"matched","validation_iou_vs_pulse":0.983,"area_km2":6.799,"area_acres":1680,"area_kanal":13440,"perimeter_km":11.46,"centroid_lat":31.417807,"centroid_lng":74.414177,"inside_point_lat":31.419954,"inside_point_lng":74.413846,"parts":1,"bbox":[74.399396,31.402502,74.430727,31.43228]},"geometry":{"type":"Polygon","coordinates":[[[74.410663,31.43231],[74.409733,31.4317],[74.409518,31.4317],[74.409303,31.431456],[74.409089,31.431456],[74.408302,31.430724],[74.408087,31.430724],[74.407301,31.430113],[74.406514,31.429869],[74.406299,31.429625],[74.405655,31.429625],[74.405512,31.429503],[74.405512,31.429076],[74.405226,31.428893],[74.405226,31.428466],[74.404797,31.427917],[74.404797,31.427612],[74.404153,31.42694],[74.403867,31.426818],[74.402651,31.426818],[74.40215,31.427062],[74.401077,31.427062],[74.401006,31.42694],[74.399933,31.42694],[74.39936,31.426696],[74.39936,31.426269],[74.399504,31.426208],[74.399504,31.424805],[74.399647,31.424744],[74.399647,31.424317],[74.39979,31.424256],[74.39979,31.42334],[74.399933,31.423279],[74.399933,31.421388],[74.400362,31.420839],[74.400362,31.420533],[74.401077,31.419374],[74.40122,31.41736],[74.401363,31.417299],[74.401363,31.41675],[74.401506,31.416689],[74.40165,31.415164],[74.402651,31.414371],[74.403223,31.413394],[74.403223,31.413089],[74.403652,31.41254],[74.403652,31.412235],[74.403939,31.411808],[74.403939,31.411259],[74.404654,31.410587],[74.404654,31.41016],[74.404368,31.409733],[74.404368,31.408208],[74.404082,31.40778],[74.404082,31.407109],[74.403795,31.406804],[74.403795,31.40357],[74.403652,31.403326],[74.404368,31.40296],[74.405155,31.40296],[74.405226,31.402838],[74.411163,31.40296],[74.411235,31.402838],[74.413452,31.402716],[74.413882,31.402472],[74.416171,31.403936],[74.416314,31.40473],[74.416528,31.405035],[74.418317,31.404913],[74.419032,31.405523],[74.419175,31.406072],[74.419819,31.406499],[74.421536,31.405645],[74.423324,31.405523],[74.424039,31.405889],[74.424039,31.407292],[74.424468,31.407964],[74.424468,31.408391],[74.424325,31.408452],[74.424182,31.409245],[74.42361,31.409733],[74.422895,31.410038],[74.422895,31.411075],[74.422609,31.411503],[74.422609,31.41193],[74.423395,31.412845],[74.424039,31.412967],[74.424111,31.413089],[74.424755,31.413089],[74.424826,31.413211],[74.425899,31.413333],[74.426257,31.413699],[74.427187,31.413821],[74.428117,31.413211],[74.428903,31.413211],[74.429476,31.413577],[74.429476,31.414004],[74.429905,31.414187],[74.430191,31.414676],[74.430048,31.416567],[74.430763,31.417238],[74.430763,31.417666],[74.430048,31.418337],[74.430477,31.419008],[74.429976,31.41913],[74.429619,31.41974],[74.429333,31.419923],[74.427902,31.423401],[74.426614,31.424439],[74.425756,31.426086],[74.423896,31.427612],[74.423896,31.427795],[74.422322,31.429137],[74.421607,31.428771],[74.421106,31.428893],[74.420749,31.429991],[74.420534,31.429991],[74.419604,31.430724],[74.41939,31.430724],[74.41803,31.4317],[74.417458,31.431944],[74.416957,31.431944],[74.416886,31.432066],[74.416385,31.432066],[74.416314,31.432188],[74.414525,31.432066],[74.414454,31.432188],[74.413953,31.432188],[74.413882,31.43231],[74.410663,31.43231]]]}},{"type":"Feature","properties":{"mauza":"Jhathol","pulse_name":"Jhathol","qanoongo_circle":"Kamahan","status":"matched","validation_iou_vs_pulse":0.973,"area_km2":1.724,"area_acres":426,"area_kanal":3409,"perimeter_km":5.97,"centroid_lat":31.436341,"centroid_lng":74.401813,"inside_point_lat":31.435697,"inside_point_lng":74.401542,"parts":1,"bbox":[74.3921,31.429595,74.412272,31.444117]},"geometry":{"type":"Polygon","coordinates":[[[74.394067,31.443294],[74.394067,31.442622],[74.393924,31.442561],[74.394067,31.442439],[74.394067,31.441158],[74.393423,31.440487],[74.393209,31.440487],[74.392851,31.440121],[74.392207,31.439876],[74.392064,31.439449],[74.392779,31.438534],[74.392923,31.437863],[74.393781,31.437192],[74.393781,31.436887],[74.394067,31.436703],[74.394067,31.436398],[74.394353,31.436093],[74.394496,31.435544],[74.395498,31.434629],[74.395498,31.434446],[74.397501,31.432798],[74.397501,31.432615],[74.398645,31.431578],[74.398645,31.431395],[74.399074,31.43109],[74.399504,31.430296],[74.399933,31.42993],[74.400219,31.430174],[74.400433,31.430174],[74.401077,31.430785],[74.401435,31.430785],[74.402293,31.431151],[74.402365,31.431029],[74.403295,31.430907],[74.403939,31.430296],[74.404725,31.430052],[74.40494,31.429808],[74.405512,31.429564],[74.405655,31.429686],[74.406299,31.429686],[74.406514,31.42993],[74.407301,31.430174],[74.408087,31.430785],[74.408302,31.430785],[74.409089,31.431517],[74.409303,31.431517],[74.409518,31.431761],[74.409733,31.431761],[74.409947,31.432005],[74.410162,31.432005],[74.410376,31.432249],[74.410734,31.432371],[74.410734,31.434751],[74.41102,31.435056],[74.41102,31.435361],[74.411449,31.43591],[74.411449,31.436215],[74.411736,31.436703],[74.412308,31.43707],[74.412093,31.43707],[74.411736,31.437436],[74.411378,31.437436],[74.411306,31.437558],[74.410949,31.437558],[74.410877,31.43768],[74.41052,31.43768],[74.410448,31.437802],[74.41009,31.437802],[74.410019,31.437924],[74.409661,31.437924],[74.409303,31.438168],[74.40866,31.43829],[74.407587,31.439266],[74.407014,31.43951],[74.404511,31.439632],[74.40401,31.439876],[74.403366,31.439876],[74.403009,31.440121],[74.401936,31.440365],[74.401292,31.440731],[74.400505,31.440853],[74.400147,31.441219],[74.398788,31.441463],[74.398574,31.441646],[74.398574,31.442073],[74.39886,31.4425],[74.39886,31.443416],[74.398144,31.443782],[74.397358,31.443904],[74.397,31.444148],[74.396213,31.444148],[74.39607,31.443599],[74.395855,31.443416],[74.394353,31.443538],[74.394067,31.443294]]]}},{"type":"Feature","properties":{"mauza":"Shahzada","pulse_name":"Shahzada","qanoongo_circle":"Kahna","status":"matched","validation_iou_vs_pulse":0.956,"area_km2":5.463,"area_acres":1350,"area_kanal":10800,"perimeter_km":11.23,"centroid_lat":31.35348,"centroid_lng":74.395834,"inside_point_lat":31.35503,"inside_point_lng":74.398109,"parts":1,"bbox":[74.378795,31.341239,74.409697,31.365891]},"geometry":{"type":"Polygon","coordinates":[[[74.389489,31.365921],[74.389203,31.365677],[74.389203,31.365006],[74.38906,31.364945],[74.388917,31.363786],[74.388774,31.363725],[74.388774,31.361589],[74.388631,31.361528],[74.388631,31.360613],[74.388344,31.360308],[74.388344,31.359881],[74.387486,31.359209],[74.386985,31.358355],[74.386771,31.358355],[74.386556,31.358111],[74.385626,31.358111],[74.384124,31.356769],[74.383623,31.356647],[74.383266,31.35628],[74.382693,31.356036],[74.382193,31.356036],[74.381835,31.355792],[74.381048,31.355792],[74.380476,31.355548],[74.38019,31.355304],[74.380333,31.354023],[74.380476,31.353901],[74.380118,31.353474],[74.379761,31.353474],[74.379045,31.352985],[74.379045,31.350972],[74.379188,31.350728],[74.379045,31.350667],[74.379045,31.350362],[74.378759,31.350179],[74.378759,31.349629],[74.378902,31.349568],[74.378902,31.349141],[74.379761,31.348226],[74.379904,31.347799],[74.380333,31.347433],[74.381191,31.347372],[74.381191,31.346456],[74.381048,31.346395],[74.381048,31.345602],[74.380905,31.345541],[74.381048,31.34487],[74.381549,31.344748],[74.382479,31.343894],[74.383194,31.34426],[74.383695,31.34426],[74.383909,31.344016],[74.384696,31.344016],[74.385769,31.344504],[74.386413,31.344504],[74.387558,31.344992],[74.387772,31.345236],[74.38813,31.345236],[74.39092,31.346456],[74.391993,31.346456],[74.392064,31.346578],[74.392565,31.346456],[74.392636,31.346578],[74.393137,31.346578],[74.393209,31.3467],[74.393996,31.3467],[74.394496,31.345907],[74.394639,31.34487],[74.395212,31.344504],[74.396428,31.344504],[74.396499,31.344382],[74.397429,31.344382],[74.397501,31.34426],[74.400004,31.34426],[74.400076,31.344382],[74.401435,31.34426],[74.401793,31.344016],[74.402436,31.343894],[74.403366,31.343222],[74.403366,31.343039],[74.403939,31.342551],[74.404296,31.342551],[74.404797,31.342063],[74.405012,31.342063],[74.405369,31.341331],[74.406156,31.341331],[74.406514,31.341575],[74.408159,31.341697],[74.40823,31.341575],[74.408731,31.341575],[74.40959,31.341209],[74.409733,31.343344],[74.408874,31.343833],[74.407801,31.343955],[74.407587,31.344138],[74.407587,31.344565],[74.408016,31.345114],[74.408159,31.346761],[74.408302,31.346822],[74.408302,31.347128],[74.408731,31.347921],[74.408874,31.351033],[74.408731,31.351094],[74.408731,31.351521],[74.408588,31.351582],[74.408588,31.352741],[74.408731,31.352802],[74.408731,31.353229],[74.408874,31.35329],[74.408874,31.353718],[74.409017,31.353779],[74.40916,31.355426],[74.409303,31.355487],[74.409303,31.35628],[74.409447,31.356341],[74.409447,31.357379],[74.409303,31.35744],[74.409447,31.358599],[74.40916,31.359087],[74.408445,31.359392],[74.408445,31.360064],[74.409017,31.360735],[74.409017,31.36165],[74.408731,31.361833],[74.408588,31.36226],[74.407658,31.362382],[74.406299,31.362993],[74.405655,31.362993],[74.405298,31.363237],[74.404511,31.363237],[74.404439,31.363359],[74.403939,31.363359],[74.403867,31.363481],[74.403366,31.363481],[74.403295,31.363603],[74.40165,31.363725],[74.401578,31.363847],[74.400934,31.363847],[74.400863,31.363969],[74.39936,31.363969],[74.39886,31.364213],[74.397071,31.364213],[74.397,31.364335],[74.396571,31.364396],[74.396571,31.365677],[74.396213,31.365677],[74.395283,31.365311],[74.394782,31.365311],[74.394711,31.365189],[74.394353,31.365189],[74.394282,31.365067],[74.391778,31.364457],[74.391563,31.36464],[74.391563,31.365067],[74.391134,31.365372],[74.391134,31.365555],[74.390061,31.365799],[74.38999,31.365921],[74.389489,31.365921]]]}},{"type":"Feature","properties":{"mauza":"Saraich","pulse_name":"Saraich","qanoongo_circle":"Kahna","status":"matched","validation_iou_vs_pulse":0.924,"area_km2":8.662,"area_acres":2140,"area_kanal":17124,"perimeter_km":15.15,"centroid_lat":31.31558,"centroid_lng":74.436855,"inside_point_lat":31.313293,"inside_point_lng":74.437595,"parts":1,"bbox":[74.408982,31.302187,74.455478,31.334649]},"geometry":{"type":"Polygon","coordinates":[[[74.45394,31.33468],[74.452867,31.334558],[74.452795,31.334436],[74.452008,31.334436],[74.451937,31.334314],[74.44743,31.334314],[74.447359,31.334436],[74.447001,31.334436],[74.447001,31.334253],[74.445284,31.332849],[74.444855,31.332117],[74.444855,31.331568],[74.444354,31.331141],[74.443496,31.330774],[74.442566,31.330774],[74.44228,31.33053],[74.44228,31.330347],[74.441565,31.329554],[74.441279,31.329066],[74.441279,31.328761],[74.440921,31.328334],[74.439991,31.328212],[74.439919,31.32809],[74.439133,31.32809],[74.439061,31.327968],[74.438417,31.327968],[74.438274,31.32809],[74.437988,31.327846],[74.437988,31.327418],[74.437702,31.327113],[74.437702,31.326442],[74.437344,31.325893],[74.436987,31.325893],[74.436629,31.325649],[74.436128,31.325649],[74.435914,31.325405],[74.435556,31.325405],[74.435198,31.324917],[74.434984,31.324917],[74.43434,31.324429],[74.433982,31.324429],[74.433625,31.324062],[74.43341,31.324062],[74.431479,31.322476],[74.430978,31.322476],[74.430119,31.322842],[74.429905,31.323086],[74.42876,31.323574],[74.428403,31.323574],[74.427759,31.32394],[74.427115,31.32394],[74.426328,31.323208],[74.426114,31.323208],[74.425041,31.322354],[74.42361,31.321744],[74.423252,31.321744],[74.422609,31.321133],[74.422394,31.321133],[74.422394,31.320828],[74.422108,31.320401],[74.422108,31.319974],[74.421965,31.319913],[74.421965,31.319364],[74.421679,31.319059],[74.421679,31.318632],[74.421392,31.318327],[74.421392,31.318022],[74.421106,31.317594],[74.420963,31.316069],[74.42082,31.316008],[74.420677,31.315093],[74.420534,31.315032],[74.420534,31.314726],[74.420248,31.314543],[74.420105,31.313994],[74.41846,31.312347],[74.418245,31.312347],[74.417744,31.311981],[74.416957,31.311981],[74.416099,31.311248],[74.415813,31.31076],[74.415813,31.310455],[74.41567,31.310394],[74.41567,31.309357],[74.415384,31.30893],[74.415384,31.307648],[74.415241,31.307404],[74.41381,31.307343],[74.413309,31.307099],[74.412093,31.307099],[74.41102,31.307587],[74.409089,31.307587],[74.408946,31.307465],[74.408946,31.306672],[74.409089,31.306611],[74.409089,31.305574],[74.409232,31.305513],[74.409232,31.305208],[74.409661,31.304963],[74.410162,31.304963],[74.41052,31.304597],[74.411092,31.304353],[74.411879,31.304475],[74.412236,31.304719],[74.412737,31.304719],[74.413667,31.305208],[74.414025,31.305208],[74.415098,31.304414],[74.415098,31.304231],[74.41567,31.303804],[74.41567,31.303621],[74.416242,31.303255],[74.41846,31.303377],[74.418531,31.303499],[74.419747,31.303743],[74.420391,31.304109],[74.420892,31.304109],[74.420963,31.304231],[74.422752,31.304231],[74.422966,31.304475],[74.425613,31.304475],[74.425899,31.304597],[74.427115,31.303987],[74.427902,31.303987],[74.427973,31.303865],[74.428331,31.303865],[74.428903,31.303621],[74.429261,31.303316],[74.429261,31.303133],[74.429976,31.302645],[74.430477,31.302767],[74.430692,31.303011],[74.433768,31.303011],[74.433839,31.303133],[74.434483,31.303133],[74.434554,31.303011],[74.435055,31.303011],[74.43527,31.302767],[74.435842,31.302523],[74.436486,31.302523],[74.436557,31.302401],[74.436843,31.302523],[74.437916,31.302523],[74.437988,31.302401],[74.439347,31.302523],[74.439848,31.302157],[74.440206,31.302157],[74.440277,31.302279],[74.443496,31.302401],[74.443854,31.302645],[74.444497,31.302645],[74.444998,31.302401],[74.4465,31.302401],[74.446572,31.302523],[74.447073,31.302523],[74.448003,31.303011],[74.448503,31.303011],[74.449004,31.302767],[74.449934,31.302767],[74.450292,31.303011],[74.450792,31.303011],[74.450935,31.303194],[74.450649,31.303377],[74.450649,31.30356],[74.450077,31.303987],[74.450077,31.30417],[74.449505,31.304597],[74.449505,31.30478],[74.448646,31.305574],[74.448646,31.308564],[74.45208,31.313384],[74.45208,31.319303],[74.454369,31.321194],[74.454083,31.321683],[74.454083,31.321988],[74.453797,31.322293],[74.453797,31.322598],[74.453511,31.322903],[74.453511,31.323208],[74.453224,31.323513],[74.453224,31.32809],[74.453511,31.328151],[74.453868,31.328517],[74.454083,31.328517],[74.45444,31.328883],[74.454655,31.328883],[74.455013,31.329249],[74.455227,31.329249],[74.455513,31.329493],[74.455513,31.331507],[74.453224,31.333886],[74.45394,31.33468]]]}},{"type":"Feature","properties":{"mauza":"Chak Aasu","pulse_name":"Chak Aasu","qanoongo_circle":"Kahna","status":"matched","validation_iou_vs_pulse":0.982,"area_km2":6.952,"area_acres":1718,"area_kanal":13744,"perimeter_km":11.49,"centroid_lat":31.27722,"centroid_lng":74.431315,"inside_point_lat":31.278634,"inside_point_lng":74.431014,"parts":1,"bbox":[74.416135,31.262281,74.445177,31.290838]},"geometry":{"type":"Polygon","coordinates":[[[74.44321,31.290624],[74.442995,31.290624],[74.442781,31.290868],[74.441708,31.290746],[74.441636,31.290624],[74.441279,31.290624],[74.440349,31.28977],[74.43856,31.28977],[74.438489,31.289648],[74.436128,31.289648],[74.435627,31.290014],[74.434912,31.289648],[74.433553,31.28977],[74.432623,31.290624],[74.432265,31.290624],[74.432194,31.290746],[74.430263,31.290746],[74.429333,31.290258],[74.428832,31.290258],[74.428331,31.290502],[74.425112,31.290502],[74.424826,31.289953],[74.424182,31.289282],[74.422108,31.289282],[74.421679,31.288915],[74.421249,31.288],[74.420534,31.287573],[74.420534,31.28739],[74.419819,31.286719],[74.419676,31.28617],[74.418674,31.284522],[74.418674,31.284217],[74.418245,31.283546],[74.418102,31.282875],[74.417601,31.282569],[74.417315,31.282692],[74.416385,31.282692],[74.416099,31.282325],[74.416099,31.277993],[74.416671,31.277444],[74.416814,31.277017],[74.417101,31.277139],[74.41753,31.277078],[74.417673,31.276407],[74.418102,31.275857],[74.417959,31.273966],[74.417816,31.273905],[74.417816,31.269572],[74.417959,31.269511],[74.417959,31.267376],[74.418102,31.267315],[74.418245,31.266644],[74.418531,31.266521],[74.41989,31.266521],[74.420534,31.266033],[74.421321,31.266033],[74.421392,31.265911],[74.422609,31.265911],[74.42268,31.266033],[74.423324,31.266155],[74.423968,31.266644],[74.425184,31.266521],[74.425541,31.266277],[74.426042,31.266277],[74.42783,31.265423],[74.428331,31.265423],[74.428903,31.265179],[74.430978,31.263837],[74.432623,31.263226],[74.432838,31.262982],[74.433052,31.262982],[74.433267,31.262738],[74.433839,31.262494],[74.434483,31.262616],[74.435413,31.263226],[74.435842,31.262982],[74.4362,31.262982],[74.436557,31.263471],[74.437344,31.263593],[74.437845,31.263226],[74.43806,31.263226],[74.438417,31.26286],[74.439276,31.262494],[74.439919,31.262494],[74.439991,31.262372],[74.440921,31.262494],[74.440992,31.262372],[74.441493,31.262372],[74.441565,31.26225],[74.441922,31.262372],[74.441922,31.262555],[74.442208,31.262738],[74.442495,31.263226],[74.442495,31.263532],[74.442781,31.263837],[74.442781,31.264142],[74.443067,31.26463],[74.442781,31.264996],[74.442208,31.26524],[74.441851,31.26524],[74.441207,31.265667],[74.441064,31.26646],[74.440921,31.266521],[74.440921,31.267315],[74.44135,31.268047],[74.442638,31.269206],[74.442638,31.269389],[74.44321,31.269939],[74.443496,31.27061],[74.444211,31.270915],[74.445213,31.271891],[74.445213,31.273173],[74.444211,31.274454],[74.444211,31.274881],[74.444354,31.274942],[74.444354,31.27842],[74.444497,31.278481],[74.444497,31.279274],[74.444641,31.279335],[74.444641,31.279885],[74.444497,31.279946],[74.444354,31.280861],[74.444497,31.280922],[74.444641,31.281593],[74.444211,31.281776],[74.444211,31.282081],[74.444068,31.282142],[74.444068,31.282814],[74.443925,31.282875],[74.443925,31.283424],[74.443782,31.283485],[74.443782,31.284034],[74.443639,31.284095],[74.443639,31.284766],[74.443496,31.284827],[74.443496,31.286109],[74.443782,31.286414],[74.443782,31.287329],[74.444354,31.288305],[74.444784,31.288671],[74.444569,31.288671],[74.444211,31.288976],[74.444211,31.28916],[74.443925,31.289343],[74.443925,31.289648],[74.443639,31.289831],[74.443639,31.290136],[74.44321,31.290441],[74.44321,31.290624]]]}},{"type":"Feature","properties":{"mauza":"Jhulky","pulse_name":"Jhulky","qanoongo_circle":"Kahna","status":"matched","validation_iou_vs_pulse":0.96,"area_km2":8.737,"area_acres":2159,"area_kanal":17271,"perimeter_km":13.43,"centroid_lat":31.330755,"centroid_lng":74.391661,"inside_point_lat":31.333551,"inside_point_lng":74.392386,"parts":1,"bbox":[74.373215,31.311584,74.413703,31.346609]},"geometry":{"type":"Polygon","coordinates":[[[74.40959,31.341148],[74.408731,31.341514],[74.40823,31.341514],[74.408159,31.341636],[74.406514,31.341514],[74.406156,31.34127],[74.405369,31.34127],[74.405012,31.341697],[74.405012,31.342002],[74.404797,31.342002],[74.404296,31.34249],[74.403939,31.34249],[74.403295,31.343039],[74.403295,31.343222],[74.403009,31.343466],[74.402794,31.343466],[74.402436,31.343833],[74.401793,31.343955],[74.401435,31.344199],[74.400934,31.344199],[74.400863,31.344321],[74.400076,31.344321],[74.400004,31.344199],[74.397501,31.344199],[74.397429,31.344321],[74.396499,31.344321],[74.396428,31.344443],[74.395212,31.344443],[74.394568,31.34487],[74.394425,31.345907],[74.393996,31.346639],[74.393209,31.346639],[74.393137,31.346517],[74.392636,31.346517],[74.392565,31.346395],[74.392279,31.346517],[74.391993,31.346395],[74.39092,31.346395],[74.38813,31.345175],[74.387772,31.345175],[74.387558,31.344931],[74.386413,31.344443],[74.385769,31.344443],[74.384696,31.343955],[74.383909,31.343955],[74.383695,31.344199],[74.383194,31.344199],[74.382479,31.343833],[74.382336,31.343039],[74.38162,31.34249],[74.38162,31.342307],[74.380977,31.34188],[74.380762,31.34188],[74.380404,31.341514],[74.38019,31.341514],[74.379188,31.34066],[74.379188,31.340354],[74.379474,31.339866],[74.379761,31.339683],[74.379904,31.339134],[74.38019,31.338829],[74.380333,31.338036],[74.378902,31.336998],[74.378902,31.336815],[74.378473,31.33651],[74.378473,31.336327],[74.377901,31.3359],[74.377042,31.334253],[74.376756,31.33407],[74.376756,31.333764],[74.376327,31.333215],[74.376184,31.332544],[74.375898,31.332361],[74.375898,31.331812],[74.375612,31.331385],[74.375612,31.330835],[74.375182,31.330286],[74.375182,31.329737],[74.374896,31.329432],[74.374753,31.328395],[74.374467,31.32809],[74.374181,31.327174],[74.373895,31.326991],[74.373609,31.326442],[74.37318,31.326137],[74.37318,31.325588],[74.373609,31.325222],[74.373823,31.325222],[74.374181,31.324917],[74.374181,31.324734],[74.375326,31.323757],[74.375969,31.323513],[74.37647,31.322964],[74.376756,31.321683],[74.377042,31.321378],[74.377042,31.32095],[74.377328,31.320523],[74.377328,31.319974],[74.377615,31.319669],[74.377615,31.319242],[74.377901,31.318815],[74.377901,31.317899],[74.377615,31.317716],[74.377615,31.317045],[74.377901,31.316862],[74.378187,31.316191],[74.378473,31.315947],[74.378831,31.315947],[74.379188,31.315703],[74.379832,31.315703],[74.380476,31.315215],[74.38112,31.315215],[74.381334,31.314971],[74.381692,31.314971],[74.38205,31.314726],[74.382693,31.314849],[74.383051,31.315215],[74.384124,31.315215],[74.384482,31.314971],[74.384053,31.314299],[74.384053,31.31375],[74.384339,31.313323],[74.384482,31.311798],[74.384911,31.311553],[74.385555,31.311553],[74.386055,31.31192],[74.38627,31.31192],[74.386914,31.31253],[74.387415,31.312652],[74.387772,31.313018],[74.387987,31.313018],[74.388344,31.313384],[74.389274,31.313384],[74.389274,31.313567],[74.389561,31.313628],[74.389775,31.313872],[74.390419,31.313994],[74.39142,31.314726],[74.391563,31.315276],[74.392207,31.315825],[74.392422,31.315825],[74.392923,31.316435],[74.39328,31.316435],[74.393495,31.316679],[74.393852,31.316679],[74.394067,31.316923],[74.394425,31.316923],[74.394639,31.317167],[74.394997,31.317167],[74.395283,31.317411],[74.395426,31.318693],[74.395569,31.318754],[74.395712,31.319913],[74.395855,31.319974],[74.395855,31.321011],[74.396928,31.321805],[74.397572,31.321927],[74.398645,31.322903],[74.399146,31.323025],[74.399289,31.32333],[74.399861,31.323757],[74.400362,31.324612],[74.402293,31.324612],[74.402365,31.32449],[74.404582,31.324367],[74.405012,31.324734],[74.405441,31.325466],[74.405441,31.325771],[74.405727,31.325954],[74.405727,31.326259],[74.406442,31.327479],[74.406943,31.327907],[74.407515,31.328151],[74.408016,31.328151],[74.408874,31.328883],[74.409017,31.329432],[74.40916,31.329493],[74.409017,31.331019],[74.40916,31.33108],[74.409303,31.331629],[74.409947,31.331934],[74.411736,31.331934],[74.41195,31.33169],[74.412308,31.33169],[74.412737,31.331446],[74.413023,31.331568],[74.413452,31.332056],[74.413595,31.333825],[74.413739,31.333886],[74.413595,31.335046],[74.412379,31.335046],[74.412093,31.334924],[74.412022,31.335046],[74.411521,31.335046],[74.41102,31.335351],[74.410591,31.336083],[74.410448,31.336754],[74.410305,31.336815],[74.410305,31.337242],[74.410162,31.337304],[74.410019,31.340538],[74.409733,31.340721],[74.40959,31.341148]]]}},{"type":"Feature","properties":{"mauza":"Mehdipura","pulse_name":null,"qanoongo_circle":"Kahna","status":"matched","area_km2":4.371,"area_acres":1080,"area_kanal":8640,"perimeter_km":9.73,"centroid_lat":31.331584,"centroid_lng":74.42849,"inside_point_lat":31.331476,"inside_point_lng":74.430155,"parts":1,"bbox":[74.41313,31.321103,74.446894,31.342582]},"geometry":{"type":"Polygon","coordinates":[[[74.44693,31.334436],[74.446787,31.334558],[74.444569,31.334558],[74.443138,31.335168],[74.442924,31.335412],[74.441994,31.335778],[74.441779,31.336022],[74.441565,31.336022],[74.440349,31.33712],[74.439848,31.337242],[74.439633,31.337487],[74.439419,31.337487],[74.439204,31.337731],[74.438632,31.337975],[74.437988,31.338097],[74.437201,31.339439],[74.435627,31.340599],[74.435627,31.340782],[74.434769,31.341575],[74.434483,31.342246],[74.43341,31.34249],[74.433338,31.342612],[74.432766,31.342368],[74.431407,31.34249],[74.431335,31.342368],[74.430835,31.342368],[74.430763,31.342246],[74.429976,31.342124],[74.429547,31.341758],[74.429118,31.340843],[74.428188,31.340171],[74.427973,31.340171],[74.427616,31.339805],[74.427401,31.339805],[74.426757,31.339195],[74.425827,31.339561],[74.426257,31.338768],[74.425327,31.337975],[74.425112,31.337975],[74.424039,31.336998],[74.423467,31.336754],[74.422108,31.336754],[74.422036,31.336632],[74.421536,31.336632],[74.421464,31.33651],[74.420963,31.33651],[74.420892,31.336388],[74.41939,31.33651],[74.419318,31.336632],[74.417959,31.336632],[74.416457,31.3359],[74.416099,31.3359],[74.416028,31.335778],[74.413524,31.335168],[74.41381,31.33468],[74.41381,31.333886],[74.413667,31.333825],[74.413524,31.332056],[74.413095,31.331629],[74.413095,31.331446],[74.413524,31.331019],[74.413524,31.330591],[74.41381,31.330286],[74.41381,31.329859],[74.414096,31.329554],[74.414096,31.329127],[74.414382,31.3287],[74.414382,31.327174],[74.414525,31.327113],[74.414811,31.32571],[74.415098,31.325527],[74.415098,31.325344],[74.41567,31.324856],[74.415884,31.324856],[74.416242,31.32449],[74.416814,31.324245],[74.418174,31.324245],[74.418746,31.324001],[74.422108,31.321072],[74.422322,31.321072],[74.423252,31.321805],[74.42361,31.321805],[74.425041,31.322415],[74.426114,31.323269],[74.426328,31.323269],[74.427115,31.324001],[74.427759,31.324001],[74.428403,31.323635],[74.42876,31.323635],[74.429905,31.323147],[74.430119,31.322903],[74.430978,31.322537],[74.431479,31.322537],[74.43341,31.324123],[74.433625,31.324123],[74.433982,31.32449],[74.43434,31.32449],[74.434554,31.324734],[74.435198,31.324978],[74.435556,31.325466],[74.435914,31.325466],[74.436128,31.32571],[74.436629,31.32571],[74.436987,31.325954],[74.437344,31.325954],[74.43763,31.326442],[74.43763,31.327113],[74.437916,31.327418],[74.437916,31.327846],[74.438274,31.328151],[74.438417,31.328029],[74.439061,31.328029],[74.439133,31.328151],[74.439919,31.328151],[74.439991,31.328273],[74.440921,31.328395],[74.441493,31.329554],[74.441779,31.329737],[74.442208,31.33053],[74.442566,31.330835],[74.443496,31.330835],[74.444354,31.331202],[74.444784,31.331568],[74.444784,31.332117],[74.445213,31.332849],[74.44693,31.334253],[74.44693,31.334436]],[[74.429404,31.340171],[74.428903,31.339805],[74.428546,31.339805],[74.428474,31.339683],[74.427902,31.339744],[74.42826,31.339988],[74.428617,31.339988],[74.429118,31.340232],[74.429404,31.340171]]]}},{"type":"Feature","properties":{"mauza":"Gajjumatta","pulse_name":null,"qanoongo_circle":"Kahna","status":"split estimated from official map","area_km2":6.936,"area_acres":1714,"area_kanal":13712,"perimeter_km":17.22,"centroid_lat":31.389282,"centroid_lng":74.361742,"inside_point_lat":31.391885,"inside_point_lng":74.359481,"parts":1,"bbox":[74.342886,31.370284,74.391814,31.412998]},"geometry":{"type":"Polygon","coordinates":[[[74.347571,31.413028],[74.347571,31.412113],[74.347428,31.412052],[74.347428,31.411625],[74.347285,31.411564],[74.347142,31.41016],[74.346999,31.410099],[74.346999,31.40894],[74.346856,31.408879],[74.346856,31.40833],[74.346569,31.407841],[74.345997,31.40778],[74.345926,31.407658],[74.344996,31.407658],[74.344924,31.407536],[74.343279,31.407658],[74.343064,31.407414],[74.34285,31.407414],[74.342993,31.406743],[74.343279,31.406438],[74.343136,31.40418],[74.343422,31.403936],[74.344495,31.40357],[74.34471,31.403265],[74.344424,31.399421],[74.344853,31.399177],[74.345353,31.399177],[74.345926,31.398933],[74.346569,31.398384],[74.346569,31.398078],[74.346856,31.397895],[74.346856,31.39759],[74.347142,31.397407],[74.347142,31.397102],[74.347428,31.396675],[74.347428,31.396126],[74.347571,31.396065],[74.347714,31.395394],[74.348143,31.394966],[74.348286,31.394051],[74.349431,31.392282],[74.349431,31.388559],[74.349574,31.388498],[74.349431,31.387705],[74.349717,31.387461],[74.350218,31.387339],[74.350289,31.387461],[74.35079,31.387461],[74.351362,31.387705],[74.352292,31.388315],[74.35265,31.388315],[74.35315,31.387888],[74.353294,31.387461],[74.354295,31.386668],[74.354295,31.386363],[74.354438,31.386302],[74.354295,31.385386],[74.354438,31.385325],[74.354581,31.384654],[74.355153,31.384166],[74.356584,31.383556],[74.356942,31.383678],[74.357442,31.384166],[74.3578,31.384166],[74.358372,31.383922],[74.358587,31.383678],[74.358945,31.383678],[74.359159,31.383434],[74.359445,31.383373],[74.359445,31.383068],[74.359588,31.383007],[74.359588,31.382702],[74.360018,31.381908],[74.360018,31.381359],[74.360304,31.380932],[74.360304,31.380261],[74.360447,31.3802],[74.36059,31.379285],[74.360876,31.378857],[74.360876,31.378064],[74.361305,31.377332],[74.361949,31.377088],[74.362593,31.376539],[74.362593,31.376234],[74.362879,31.375806],[74.362593,31.375135],[74.362307,31.374952],[74.36245,31.372939],[74.362307,31.372878],[74.362307,31.37245],[74.362164,31.372389],[74.362164,31.37184],[74.361734,31.371413],[74.361734,31.371108],[74.361877,31.371047],[74.361734,31.370254],[74.362664,31.370376],[74.362736,31.370498],[74.36338,31.370498],[74.363451,31.37062],[74.363952,31.37062],[74.364023,31.370742],[74.364667,31.370742],[74.364739,31.370864],[74.365239,31.370864],[74.365311,31.370986],[74.365955,31.370986],[74.366026,31.371108],[74.366527,31.371108],[74.366599,31.37123],[74.367242,31.37123],[74.367314,31.371352],[74.367815,31.371352],[74.367886,31.371474],[74.36853,31.371474],[74.368601,31.371596],[74.369102,31.371596],[74.369174,31.371718],[74.369818,31.371718],[74.369889,31.37184],[74.37039,31.37184],[74.370461,31.371962],[74.371105,31.371962],[74.371177,31.372084],[74.371677,31.372084],[74.371749,31.372206],[74.372393,31.372206],[74.372464,31.372328],[74.373108,31.372328],[74.37318,31.37245],[74.37368,31.37245],[74.373752,31.372572],[74.374396,31.372572],[74.374467,31.372695],[74.374968,31.372695],[74.375039,31.372817],[74.375683,31.372817],[74.375755,31.372939],[74.376255,31.372939],[74.376327,31.373061],[74.376971,31.373061],[74.377042,31.373183],[74.377543,31.373183],[74.377615,31.373305],[74.378258,31.373305],[74.37833,31.373427],[74.378831,31.373427],[74.378902,31.373549],[74.379546,31.373549],[74.379617,31.373671],[74.380118,31.373671],[74.38019,31.373793],[74.380834,31.373793],[74.380905,31.373915],[74.381406,31.373915],[74.381477,31.374037],[74.382121,31.374037],[74.382193,31.374159],[74.382693,31.374159],[74.382765,31.374281],[74.383409,31.374281],[74.38348,31.374403],[74.383981,31.374403],[74.384053,31.374525],[74.384696,31.374525],[74.384768,31.374647],[74.385412,31.374647],[74.385483,31.374769],[74.386699,31.374891],[74.386771,31.375013],[74.387271,31.375013],[74.387343,31.375135],[74.387987,31.375135],[74.388058,31.375257],[74.388559,31.375257],[74.388631,31.375379],[74.389274,31.375379],[74.389346,31.375501],[74.389847,31.375501],[74.389918,31.375623],[74.390562,31.375623],[74.390634,31.375745],[74.391134,31.375745],[74.391206,31.375868],[74.39185,31.375868],[74.39142,31.376234],[74.391277,31.376905],[74.39049,31.376905],[74.390419,31.376783],[74.389918,31.376783],[74.389847,31.376661],[74.389131,31.376722],[74.388988,31.377515],[74.388702,31.377698],[74.388702,31.378491],[74.388845,31.378735],[74.388559,31.379102],[74.387343,31.378979],[74.387271,31.378857],[74.386342,31.378857],[74.38627,31.378735],[74.385483,31.378735],[74.384982,31.378491],[74.384482,31.378491],[74.384124,31.378247],[74.382622,31.378003],[74.381263,31.377271],[74.38019,31.377149],[74.378831,31.378247],[74.378616,31.378247],[74.378115,31.378735],[74.377901,31.378735],[74.376971,31.379529],[74.376828,31.379956],[74.376542,31.380078],[74.375755,31.380078],[74.375254,31.380383],[74.374539,31.382275],[74.374181,31.382275],[74.374109,31.382397],[74.371892,31.382397],[74.37182,31.382519],[74.371463,31.382519],[74.371248,31.382702],[74.371248,31.383495],[74.371105,31.383556],[74.371105,31.384349],[74.370962,31.38441],[74.370962,31.384959],[74.370819,31.38502],[74.370819,31.385692],[74.37039,31.386424],[74.370104,31.386607],[74.370104,31.386912],[74.369818,31.387095],[74.369818,31.38862],[74.369961,31.388682],[74.369961,31.389109],[74.370104,31.38917],[74.369961,31.390329],[74.369674,31.390512],[74.369674,31.390817],[74.369388,31.391],[74.369245,31.391427],[74.368387,31.392099],[74.368244,31.392648],[74.367242,31.393075],[74.367242,31.393746],[74.367099,31.393807],[74.367099,31.394234],[74.367242,31.394295],[74.367242,31.394966],[74.367099,31.395027],[74.367242,31.396187],[74.366813,31.396919],[74.366527,31.397102],[74.366527,31.397407],[74.366241,31.39759],[74.366098,31.39875],[74.365955,31.398872],[74.365168,31.398872],[74.365096,31.39875],[74.364453,31.39875],[74.364381,31.398628],[74.363451,31.398628],[74.36295,31.398384],[74.362021,31.398384],[74.361734,31.398506],[74.361663,31.39875],[74.361377,31.398933],[74.361377,31.399604],[74.361091,31.399787],[74.361091,31.400214],[74.360304,31.400458],[74.359374,31.401129],[74.359088,31.401618],[74.359088,31.401923],[74.358802,31.402106],[74.358515,31.402777],[74.357371,31.403753],[74.357156,31.403753],[74.356799,31.404058],[74.356799,31.404241],[74.356584,31.404241],[74.356083,31.404668],[74.355654,31.405462],[74.35451,31.406255],[74.35451,31.406438],[74.353937,31.406987],[74.353937,31.407414],[74.353508,31.408086],[74.353508,31.408391],[74.352221,31.40955],[74.351934,31.410099],[74.348501,31.412906],[74.347571,31.413028]]]}},{"type":"Feature","properties":{"mauza":"Keet","pulse_name":"Kaiyat","qanoongo_circle":"Kahna","status":"matched (PULSE: Kaiyat)","validation_iou_vs_pulse":0.968,"area_km2":3.773,"area_acres":932,"area_kanal":7458,"perimeter_km":9.51,"centroid_lat":31.295938,"centroid_lng":74.419575,"inside_point_lat":31.295841,"inside_point_lng":74.417995,"parts":1,"bbox":[74.406693,31.282661,74.435735,31.305116]},"geometry":{"type":"Polygon","coordinates":[[[74.406657,31.301607],[74.407086,31.300692],[74.407372,31.300509],[74.407372,31.298251],[74.407801,31.297946],[74.407944,31.297519],[74.40823,31.297336],[74.408517,31.296848],[74.408517,31.296177],[74.409089,31.295261],[74.409089,31.294834],[74.409375,31.294407],[74.409375,31.293736],[74.409661,31.293431],[74.409661,31.293126],[74.41009,31.292394],[74.410376,31.29221],[74.41052,31.291539],[74.410734,31.291539],[74.411092,31.291234],[74.411092,31.291051],[74.412522,31.289892],[74.412666,31.289465],[74.413095,31.28916],[74.413381,31.288671],[74.413381,31.288366],[74.41381,31.287817],[74.41381,31.28739],[74.414239,31.286841],[74.414239,31.286414],[74.414525,31.285926],[74.414811,31.285742],[74.414811,31.285437],[74.415098,31.285254],[74.415098,31.284949],[74.41567,31.2844],[74.41567,31.284095],[74.415956,31.283607],[74.416528,31.283058],[74.416528,31.282753],[74.417315,31.282753],[74.417601,31.28263],[74.41803,31.282875],[74.418174,31.283546],[74.418603,31.284217],[74.418603,31.284522],[74.419032,31.285071],[74.419032,31.285376],[74.419604,31.28617],[74.419747,31.286719],[74.420463,31.28739],[74.420463,31.287573],[74.421178,31.288],[74.421607,31.288915],[74.422108,31.289343],[74.424182,31.289343],[74.425112,31.290563],[74.428331,31.290563],[74.428832,31.290319],[74.429333,31.290319],[74.430263,31.290807],[74.432194,31.290807],[74.432265,31.290685],[74.432623,31.290685],[74.433553,31.289831],[74.434912,31.289709],[74.435627,31.290075],[74.435627,31.290624],[74.435484,31.290685],[74.435484,31.291112],[74.435627,31.291173],[74.435627,31.2916],[74.435771,31.291661],[74.435627,31.292455],[74.435055,31.292699],[74.434554,31.292699],[74.434197,31.293065],[74.433839,31.293065],[74.433267,31.293309],[74.433052,31.293553],[74.431979,31.293919],[74.431622,31.294285],[74.430549,31.294651],[74.429333,31.295567],[74.429333,31.29575],[74.429046,31.295933],[74.42876,31.296421],[74.42876,31.296726],[74.428617,31.296787],[74.42876,31.297458],[74.429476,31.297763],[74.429905,31.298129],[74.429905,31.298434],[74.430048,31.298495],[74.430048,31.298923],[74.430191,31.298984],[74.430191,31.300997],[74.430048,31.301058],[74.430048,31.301485],[74.429905,31.301546],[74.429905,31.302706],[74.42969,31.302706],[74.428903,31.30356],[74.428331,31.303804],[74.427115,31.303926],[74.425899,31.304536],[74.425613,31.304414],[74.422966,31.304414],[74.422752,31.30417],[74.420963,31.30417],[74.420892,31.304048],[74.420391,31.304048],[74.419747,31.303682],[74.41939,31.303682],[74.41846,31.303316],[74.416242,31.303194],[74.415598,31.303621],[74.415598,31.303804],[74.415026,31.304231],[74.415026,31.304414],[74.414025,31.305146],[74.413667,31.305146],[74.412737,31.304658],[74.412236,31.304658],[74.411879,31.304414],[74.411378,31.304414],[74.411306,31.304292],[74.41052,31.304536],[74.410162,31.304902],[74.409375,31.305024],[74.409089,31.30478],[74.408517,31.303621],[74.408087,31.303194],[74.408087,31.302889],[74.407801,31.302706],[74.407515,31.302157],[74.406657,31.301607]]]}},{"type":"Feature","properties":{"mauza":"Thay Champ","pulse_name":"Tha Janib","qanoongo_circle":"Kahna","status":"matched (PULSE: Tha Janib)","validation_iou_vs_pulse":0.911,"area_km2":2.388,"area_acres":590,"area_kanal":4721,"perimeter_km":7.0,"centroid_lat":31.296884,"centroid_lng":74.440215,"inside_point_lat":31.296451,"inside_point_lng":74.440885,"parts":1,"bbox":[74.428725,31.288763,74.4509,31.303041]},"geometry":{"type":"Polygon","coordinates":[[[74.430119,31.302706],[74.429976,31.302584],[74.429976,31.301546],[74.430119,31.301485],[74.430119,31.301058],[74.430263,31.300997],[74.430263,31.298984],[74.430119,31.298923],[74.429976,31.298129],[74.429476,31.297702],[74.428832,31.297458],[74.428832,31.297153],[74.428689,31.297092],[74.428832,31.296421],[74.429118,31.295933],[74.429404,31.29575],[74.429404,31.295567],[74.430549,31.294712],[74.431622,31.294346],[74.431979,31.29398],[74.433052,31.293614],[74.433267,31.29337],[74.433839,31.293126],[74.434197,31.293126],[74.434554,31.29276],[74.435055,31.29276],[74.435699,31.292455],[74.435699,31.291905],[74.435842,31.291844],[74.435699,31.291173],[74.435556,31.291112],[74.435699,31.289953],[74.435914,31.289953],[74.436128,31.289709],[74.440349,31.289831],[74.441279,31.290685],[74.442781,31.290929],[74.442995,31.290685],[74.44321,31.290685],[74.443281,31.290441],[74.443711,31.290136],[74.443711,31.289831],[74.443997,31.289648],[74.443997,31.289343],[74.444283,31.28916],[74.444283,31.288976],[74.444569,31.288732],[74.44507,31.288732],[74.446214,31.289709],[74.446214,31.289892],[74.447502,31.290929],[74.447502,31.291112],[74.448003,31.291539],[74.448932,31.291905],[74.448789,31.293309],[74.448646,31.29337],[74.448646,31.296482],[74.449219,31.297275],[74.449219,31.29758],[74.449791,31.298373],[74.449791,31.298678],[74.450935,31.30057],[74.450935,31.303072],[74.450792,31.30295],[74.450292,31.30295],[74.449934,31.302706],[74.449004,31.302706],[74.448503,31.30295],[74.448003,31.30295],[74.447073,31.302462],[74.446572,31.302462],[74.4465,31.30234],[74.444998,31.30234],[74.444497,31.302584],[74.443854,31.302584],[74.443496,31.30234],[74.440277,31.302218],[74.440206,31.302096],[74.439848,31.302096],[74.439347,31.302462],[74.438846,31.302462],[74.438775,31.30234],[74.436843,31.302462],[74.436557,31.30234],[74.436486,31.302462],[74.435842,31.302462],[74.43527,31.302706],[74.435055,31.30295],[74.434554,31.30295],[74.434483,31.303072],[74.433839,31.303072],[74.433768,31.30295],[74.430692,31.30295],[74.430477,31.302706],[74.430119,31.302706]]]}},{"type":"Feature","properties":{"mauza":"Kot Nabi Bakhshwala","pulse_name":"Kot Nabi Bakhshwala","qanoongo_circle":"Kahna","status":"matched","validation_iou_vs_pulse":0.974,"area_km2":2.036,"area_acres":503,"area_kanal":4026,"perimeter_km":7.14,"centroid_lat":31.285238,"centroid_lng":74.400807,"inside_point_lat":31.2862,"inside_point_lng":74.399539,"parts":1,"bbox":[74.391814,31.272654,74.410126,31.294621]},"geometry":{"type":"Polygon","coordinates":[[[74.391921,31.294651],[74.391778,31.294529],[74.391921,31.293614],[74.392207,31.293309],[74.392207,31.292882],[74.392779,31.291966],[74.392779,31.291295],[74.393066,31.291112],[74.393066,31.290441],[74.392923,31.290319],[74.393638,31.289648],[74.393638,31.289221],[74.393924,31.289037],[74.394067,31.288244],[74.39421,31.288183],[74.39421,31.287512],[74.393781,31.286719],[74.393781,31.286048],[74.393638,31.285987],[74.393638,31.284095],[74.393781,31.283851],[74.395355,31.28263],[74.396571,31.282142],[74.397501,31.281288],[74.398001,31.281166],[74.398359,31.2808],[74.399432,31.280434],[74.39979,31.280068],[74.400004,31.280068],[74.400362,31.279702],[74.400863,31.27958],[74.40122,31.279213],[74.401721,31.279091],[74.402079,31.278725],[74.403152,31.278359],[74.403366,31.278115],[74.404296,31.277993],[74.404797,31.2772],[74.404797,31.276407],[74.404654,31.276346],[74.404654,31.275918],[74.404511,31.275857],[74.404511,31.273966],[74.40494,31.273661],[74.405083,31.273234],[74.405369,31.272989],[74.405727,31.272989],[74.406085,31.272623],[74.406871,31.272745],[74.407587,31.273356],[74.40773,31.273783],[74.40823,31.27421],[74.408445,31.27421],[74.408946,31.274698],[74.409447,31.27482],[74.409733,31.275064],[74.409733,31.275247],[74.410162,31.275491],[74.409733,31.275918],[74.409733,31.276346],[74.409447,31.276529],[74.409447,31.276956],[74.40916,31.277139],[74.40916,31.27781],[74.408874,31.277993],[74.408874,31.278298],[74.408588,31.278481],[74.408588,31.278908],[74.408302,31.279091],[74.408302,31.279641],[74.408016,31.279824],[74.408016,31.280251],[74.40773,31.280434],[74.40773,31.280983],[74.407444,31.281166],[74.407444,31.281715],[74.407158,31.281898],[74.407158,31.282203],[74.406871,31.282508],[74.406871,31.282936],[74.406585,31.283119],[74.406585,31.283668],[74.406299,31.283851],[74.406156,31.28501],[74.40587,31.285193],[74.40587,31.285498],[74.405584,31.285803],[74.405584,31.286231],[74.405012,31.287146],[74.405012,31.287695],[74.404725,31.288122],[74.404582,31.289037],[74.404296,31.289221],[74.403867,31.289953],[74.403867,31.29038],[74.403295,31.291173],[74.403295,31.2916],[74.403009,31.291905],[74.403009,31.292333],[74.402722,31.292516],[74.402722,31.292943],[74.402293,31.293492],[74.402293,31.293797],[74.40215,31.293919],[74.400934,31.293919],[74.400433,31.294163],[74.398216,31.294163],[74.397715,31.294407],[74.39421,31.294407],[74.394139,31.294529],[74.393352,31.294529],[74.39328,31.294651],[74.391921,31.294651]]]}},{"type":"Feature","properties":{"mauza":"Kot Islampura","pulse_name":"Kot Islampura","qanoongo_circle":"Kahna","status":"matched","validation_iou_vs_pulse":0.959,"area_km2":1.256,"area_acres":310,"area_kanal":2483,"perimeter_km":4.96,"centroid_lat":31.283556,"centroid_lng":74.410944,"inside_point_lat":31.282539,"inside_point_lng":74.4117,"parts":1,"bbox":[74.40469,31.275339,74.416707,31.291448]},"geometry":{"type":"Polygon","coordinates":[[[74.410233,31.291478],[74.410162,31.291356],[74.409804,31.291356],[74.40959,31.291112],[74.409232,31.291112],[74.409017,31.290868],[74.40866,31.290868],[74.408159,31.290502],[74.407801,31.290502],[74.407229,31.290258],[74.407014,31.290014],[74.406657,31.290014],[74.406442,31.28977],[74.405655,31.289526],[74.405298,31.28916],[74.404654,31.289037],[74.404654,31.28861],[74.404797,31.288549],[74.404797,31.288122],[74.405083,31.287695],[74.405083,31.287146],[74.405655,31.286231],[74.405655,31.285803],[74.405941,31.285498],[74.405941,31.285193],[74.406228,31.28501],[74.406371,31.283851],[74.406657,31.283668],[74.406657,31.283119],[74.406943,31.282936],[74.406943,31.282508],[74.407229,31.282203],[74.407229,31.281898],[74.407515,31.281715],[74.407515,31.281166],[74.407801,31.280983],[74.407801,31.280434],[74.408087,31.280251],[74.408087,31.279824],[74.408374,31.279641],[74.408374,31.279091],[74.40866,31.278908],[74.40866,31.278481],[74.408946,31.278298],[74.408946,31.277993],[74.409232,31.27781],[74.409232,31.277139],[74.409518,31.276956],[74.409518,31.276529],[74.409804,31.276346],[74.409804,31.275918],[74.41009,31.275735],[74.41009,31.275552],[74.410376,31.275308],[74.410734,31.275308],[74.411593,31.275674],[74.411807,31.275918],[74.412308,31.27604],[74.412522,31.276285],[74.413309,31.276407],[74.414239,31.276895],[74.4166,31.276895],[74.416743,31.2772],[74.416028,31.277993],[74.416028,31.282325],[74.416457,31.282753],[74.416457,31.283058],[74.415884,31.283607],[74.415598,31.284095],[74.415598,31.2844],[74.415026,31.284949],[74.415026,31.285254],[74.41474,31.285437],[74.41474,31.285742],[74.414454,31.285926],[74.414168,31.286414],[74.414168,31.286841],[74.413739,31.28739],[74.413739,31.287817],[74.413309,31.288366],[74.413309,31.288671],[74.413023,31.28916],[74.412594,31.289465],[74.412451,31.289892],[74.41102,31.291051],[74.41102,31.291234],[74.410734,31.291478],[74.410233,31.291478]]]}},{"type":"Feature","properties":{"mauza":"Kot Mela Ram","pulse_name":"Kot Mela Ram","qanoongo_circle":"Kahna","status":"matched","validation_iou_vs_pulse":0.954,"area_km2":1.372,"area_acres":339,"area_kanal":2713,"perimeter_km":5.93,"centroid_lat":31.296093,"centroid_lng":74.401325,"inside_point_lat":31.297184,"inside_point_lng":74.403545,"parts":1,"bbox":[74.389954,31.289129,74.410412,31.301455]},"geometry":{"type":"Polygon","coordinates":[[[74.410448,31.291539],[74.410305,31.29221],[74.410019,31.292394],[74.40959,31.293126],[74.40959,31.293431],[74.409303,31.293736],[74.409303,31.294407],[74.40916,31.294468],[74.408731,31.295872],[74.408445,31.296177],[74.408445,31.296848],[74.408159,31.297336],[74.407873,31.297519],[74.40773,31.297946],[74.407301,31.298251],[74.407301,31.300509],[74.407014,31.300692],[74.406585,31.301485],[74.405083,31.301241],[74.404868,31.300997],[74.404368,31.300997],[74.40401,31.300753],[74.402794,31.300631],[74.402722,31.300509],[74.402222,31.300509],[74.401435,31.300875],[74.400219,31.301119],[74.399933,31.300631],[74.399933,31.299472],[74.399718,31.299167],[74.39936,31.299167],[74.399289,31.299045],[74.397358,31.299167],[74.397286,31.299289],[74.39092,31.299289],[74.390848,31.299167],[74.390347,31.299167],[74.389918,31.298923],[74.390204,31.296055],[74.39049,31.295567],[74.390777,31.295383],[74.390777,31.2952],[74.391492,31.29459],[74.39185,31.29459],[74.391921,31.294712],[74.39328,31.294712],[74.393352,31.29459],[74.394139,31.29459],[74.39421,31.294468],[74.397715,31.294468],[74.398216,31.294224],[74.400433,31.294224],[74.400934,31.29398],[74.40215,31.29398],[74.402794,31.292943],[74.402794,31.292516],[74.40308,31.292333],[74.40308,31.291905],[74.403366,31.2916],[74.403366,31.291173],[74.403939,31.29038],[74.403939,31.289953],[74.404511,31.289099],[74.405012,31.289099],[74.405655,31.289587],[74.406442,31.289831],[74.406657,31.290075],[74.407014,31.290075],[74.407229,31.290319],[74.407801,31.290563],[74.408159,31.290563],[74.40866,31.290929],[74.409017,31.290929],[74.409232,31.291173],[74.40959,31.291173],[74.409804,31.291417],[74.410448,31.291539]]]}},{"type":"Feature","properties":{"mauza":"Kot Pars Ram","pulse_name":"Kot Pars Ram","qanoongo_circle":"Kahna","status":"matched - area less certain (gap in PULSE line)","validation_iou_vs_pulse":0.692,"area_km2":0.43,"area_acres":106,"area_kanal":849,"perimeter_km":3.0,"centroid_lat":31.301846,"centroid_lng":74.393411,"inside_point_lat":31.301699,"inside_point_lng":74.391385,"parts":1,"bbox":[74.387808,31.299746,74.399396,31.305482]},"geometry":{"type":"Polygon","coordinates":[[[74.387772,31.302218],[74.387772,31.301546],[74.388631,31.300814],[74.38906,31.300631],[74.388917,31.300509],[74.38906,31.300204],[74.389632,31.299716],[74.390705,31.299716],[74.390777,31.299838],[74.393709,31.299838],[74.393781,31.29996],[74.394425,31.29996],[74.394496,31.299838],[74.394639,31.29996],[74.394925,31.299838],[74.398574,31.299838],[74.39886,31.299716],[74.399432,31.300204],[74.399432,31.300997],[74.397286,31.302828],[74.396785,31.30295],[74.396571,31.303194],[74.396213,31.303194],[74.395998,31.303438],[74.395641,31.303438],[74.395426,31.303682],[74.395069,31.303682],[74.394854,31.303926],[74.394496,31.303926],[74.394282,31.30417],[74.393924,31.30417],[74.393709,31.304414],[74.393352,31.304414],[74.392851,31.304902],[74.392493,31.304902],[74.39185,31.305513],[74.391206,31.305024],[74.391206,31.304353],[74.39092,31.30417],[74.39092,31.303865],[74.390133,31.303194],[74.389775,31.303194],[74.389274,31.302706],[74.389131,31.302828],[74.388988,31.302706],[74.388344,31.302706],[74.387772,31.302218]]]}},{"type":"Feature","properties":{"mauza":"Attu Asal","pulse_name":null,"qanoongo_circle":"Kahna","status":"matched","area_km2":2.924,"area_acres":723,"area_kanal":5781,"perimeter_km":7.78,"centroid_lat":31.31082,"centroid_lng":74.39962,"inside_point_lat":31.31073,"inside_point_lng":74.398395,"parts":1,"bbox":[74.389382,31.300601,74.409268,31.32452]},"geometry":{"type":"Polygon","coordinates":[[[74.400362,31.324551],[74.399933,31.323757],[74.39936,31.32333],[74.399146,31.322964],[74.398645,31.322842],[74.397572,31.321866],[74.396928,31.321744],[74.395927,31.321011],[74.395927,31.319974],[74.395784,31.319913],[74.395784,31.319242],[74.395641,31.319181],[74.395641,31.318754],[74.395498,31.318693],[74.395355,31.317411],[74.394997,31.317106],[74.394639,31.317106],[74.394425,31.316862],[74.394067,31.316862],[74.393852,31.316618],[74.393495,31.316618],[74.39328,31.316374],[74.392923,31.316374],[74.392636,31.31613],[74.392636,31.315947],[74.391635,31.315276],[74.391492,31.314726],[74.390991,31.314299],[74.390777,31.314299],[74.390419,31.313933],[74.390061,31.313933],[74.389561,31.313567],[74.389346,31.313567],[74.389346,31.313262],[74.389632,31.312957],[74.389632,31.31253],[74.389918,31.312225],[74.389918,31.311798],[74.389775,31.311737],[74.389775,31.311431],[74.389918,31.31137],[74.389918,31.309845],[74.389775,31.309784],[74.389775,31.309235],[74.389632,31.309174],[74.389632,31.308381],[74.390347,31.30777],[74.390705,31.30777],[74.39092,31.307526],[74.391206,31.307465],[74.391349,31.307221],[74.391349,31.306428],[74.391635,31.306184],[74.392136,31.306062],[74.392923,31.30533],[74.393423,31.305208],[74.393781,31.304841],[74.394139,31.304841],[74.397572,31.303377],[74.400219,31.30118],[74.401435,31.300936],[74.402222,31.30057],[74.402722,31.30057],[74.402794,31.300692],[74.40401,31.300814],[74.404368,31.301058],[74.404868,31.301058],[74.405083,31.301302],[74.406585,31.301546],[74.407086,31.302035],[74.407301,31.302035],[74.407444,31.30234],[74.40773,31.302523],[74.40773,31.302706],[74.408016,31.302889],[74.408016,31.303194],[74.408445,31.303621],[74.409303,31.305146],[74.409017,31.305574],[74.409017,31.306611],[74.408874,31.306672],[74.408874,31.307465],[74.409017,31.307587],[74.408588,31.308014],[74.408445,31.309418],[74.408302,31.309479],[74.408159,31.310394],[74.407873,31.310577],[74.407873,31.310882],[74.407587,31.311065],[74.407587,31.311248],[74.406299,31.312408],[74.406299,31.313079],[74.406442,31.31314],[74.406442,31.314665],[74.406299,31.314726],[74.406299,31.315032],[74.40587,31.315276],[74.405369,31.315276],[74.405012,31.31552],[74.404511,31.31552],[74.404153,31.315886],[74.403795,31.315886],[74.403152,31.316679],[74.403009,31.318205],[74.402722,31.318449],[74.402222,31.318571],[74.401006,31.319486],[74.401006,31.320401],[74.401435,31.321072],[74.401578,31.322232],[74.40215,31.322537],[74.40215,31.323452],[74.402436,31.323879],[74.402436,31.324429],[74.402293,31.324551],[74.400362,31.324551]]]}},{"type":"Feature","properties":{"mauza":"Khano Harni","pulse_name":"Khano Harni","qanoongo_circle":"Kahna","status":"matched","validation_iou_vs_pulse":0.957,"area_km2":3.145,"area_acres":777,"area_kanal":6218,"perimeter_km":8.01,"centroid_lat":31.319092,"centroid_lng":74.41172,"inside_point_lat":31.318174,"inside_point_lng":74.413274,"parts":1,"bbox":[74.401113,31.307191,74.422287,31.331842]},"geometry":{"type":"Polygon","coordinates":[[[74.409947,31.331873],[74.409375,31.331629],[74.409232,31.33108],[74.409089,31.331019],[74.409232,31.329493],[74.409089,31.329432],[74.408946,31.328883],[74.408016,31.32809],[74.407515,31.32809],[74.406514,31.327479],[74.405798,31.326259],[74.405798,31.325954],[74.405512,31.325771],[74.405512,31.325466],[74.405083,31.324734],[74.404582,31.324306],[74.402508,31.324429],[74.402508,31.323879],[74.402222,31.323452],[74.402222,31.322537],[74.40165,31.322232],[74.401506,31.321072],[74.401077,31.320401],[74.401077,31.319486],[74.401506,31.31912],[74.401721,31.31912],[74.402222,31.318632],[74.402722,31.31851],[74.40308,31.318205],[74.403223,31.316679],[74.403795,31.315947],[74.404153,31.315947],[74.404511,31.315581],[74.405012,31.315581],[74.405369,31.315337],[74.40587,31.315337],[74.406371,31.315032],[74.406371,31.314726],[74.406514,31.314665],[74.406371,31.312408],[74.407658,31.311248],[74.407658,31.311065],[74.407944,31.310882],[74.407944,31.310577],[74.40823,31.310394],[74.408803,31.30777],[74.408946,31.307648],[74.41102,31.307648],[74.412093,31.30716],[74.413309,31.30716],[74.41381,31.307404],[74.415169,31.307404],[74.415312,31.307648],[74.415312,31.30893],[74.415598,31.309357],[74.415598,31.310394],[74.415741,31.310455],[74.415741,31.31076],[74.416028,31.311248],[74.416957,31.312042],[74.417744,31.312042],[74.418245,31.312408],[74.41846,31.312408],[74.420033,31.313994],[74.420176,31.314543],[74.420463,31.314726],[74.420463,31.315032],[74.420606,31.315093],[74.420606,31.31552],[74.420749,31.315581],[74.420749,31.316008],[74.420892,31.316069],[74.421035,31.317594],[74.421178,31.317655],[74.421321,31.318327],[74.421607,31.318632],[74.421607,31.319059],[74.421893,31.319364],[74.421893,31.319913],[74.422036,31.319974],[74.422036,31.320401],[74.422179,31.320462],[74.422322,31.321011],[74.422108,31.321011],[74.418746,31.32394],[74.418174,31.324184],[74.416814,31.324184],[74.416242,31.324429],[74.415884,31.324795],[74.41567,31.324795],[74.415026,31.325344],[74.415026,31.325527],[74.41474,31.32571],[74.41474,31.326137],[74.414597,31.326198],[74.414597,31.326625],[74.414454,31.326686],[74.414454,31.327113],[74.414311,31.327174],[74.414311,31.3287],[74.414025,31.329127],[74.414025,31.329554],[74.413739,31.329859],[74.413739,31.330286],[74.413452,31.330591],[74.413452,31.331019],[74.413166,31.331202],[74.413166,31.331385],[74.413023,31.331507],[74.412666,31.331385],[74.412308,31.331629],[74.41195,31.331629],[74.411736,31.331873],[74.409947,31.331873]]]}},{"type":"Feature","properties":{"mauza":"Kahna Nou","pulse_name":null,"qanoongo_circle":"Kahna","status":"matched + centre part estimated from official map","area_km2":5.662,"area_acres":1399,"area_kanal":11194,"perimeter_km":13.41,"centroid_lat":31.369465,"centroid_lng":74.388878,"inside_point_lat":31.371871,"inside_point_lng":74.397393,"parts":1,"bbox":[74.363344,31.359545,74.410555,31.381512]},"geometry":{"type":"Polygon","coordinates":[[[74.410591,31.366837],[74.410591,31.368362],[74.410162,31.368972],[74.409661,31.369094],[74.409303,31.369461],[74.409089,31.369461],[74.408016,31.370498],[74.408588,31.371535],[74.407944,31.371657],[74.40773,31.37184],[74.407587,31.372634],[74.407158,31.373366],[74.406442,31.374037],[74.406442,31.37422],[74.404868,31.375318],[74.404296,31.375562],[74.403939,31.375562],[74.40215,31.376478],[74.401864,31.377393],[74.401721,31.377454],[74.401721,31.379224],[74.401578,31.379285],[74.401578,31.379712],[74.401435,31.379773],[74.401435,31.380078],[74.401149,31.380383],[74.401149,31.380688],[74.401006,31.380749],[74.401006,31.381054],[74.40072,31.381542],[74.399647,31.381298],[74.399146,31.38081],[74.398645,31.380688],[74.398431,31.380444],[74.397858,31.3802],[74.397358,31.3802],[74.395998,31.379468],[74.395498,31.379468],[74.395283,31.379224],[74.394353,31.379102],[74.394282,31.379224],[74.393781,31.379224],[74.393709,31.379346],[74.392923,31.379346],[74.391993,31.379834],[74.391206,31.379834],[74.391134,31.379712],[74.390777,31.379712],[74.389847,31.378735],[74.388917,31.378613],[74.388774,31.378491],[74.388774,31.377698],[74.38906,31.377515],[74.389203,31.376722],[74.389847,31.376722],[74.389918,31.376844],[74.390419,31.376844],[74.39049,31.376966],[74.391277,31.376966],[74.391492,31.376234],[74.391921,31.375929],[74.39185,31.375806],[74.391206,31.375806],[74.391134,31.375684],[74.390634,31.375684],[74.390562,31.375562],[74.389918,31.375562],[74.389847,31.37544],[74.388631,31.375318],[74.388559,31.375196],[74.388058,31.375196],[74.387987,31.375074],[74.387343,31.375074],[74.387271,31.374952],[74.386771,31.374952],[74.386699,31.37483],[74.386055,31.37483],[74.385984,31.374708],[74.385483,31.374708],[74.385412,31.374586],[74.384053,31.374464],[74.383981,31.374342],[74.38348,31.374342],[74.383409,31.37422],[74.382765,31.37422],[74.382693,31.374098],[74.382193,31.374098],[74.382121,31.373976],[74.381477,31.373976],[74.381406,31.373854],[74.380905,31.373854],[74.380834,31.373732],[74.38019,31.373732],[74.380118,31.37361],[74.379617,31.37361],[74.379546,31.373488],[74.378902,31.373488],[74.378831,31.373366],[74.37833,31.373366],[74.378258,31.373244],[74.377615,31.373244],[74.377543,31.373122],[74.376327,31.373],[74.376255,31.372878],[74.375755,31.372878],[74.375683,31.372756],[74.375039,31.372756],[74.374968,31.372634],[74.374467,31.372634],[74.374396,31.372511],[74.373752,31.372511],[74.37368,31.372389],[74.37318,31.372389],[74.373108,31.372267],[74.371749,31.372145],[74.371677,31.372023],[74.371177,31.372023],[74.371105,31.371901],[74.370461,31.371901],[74.37039,31.371779],[74.369889,31.371779],[74.369818,31.371657],[74.369174,31.371657],[74.369102,31.371535],[74.368601,31.371535],[74.36853,31.371413],[74.367886,31.371413],[74.367815,31.371291],[74.366599,31.371169],[74.366527,31.371047],[74.365311,31.370925],[74.365239,31.370803],[74.364023,31.370681],[74.363952,31.370559],[74.363451,31.370559],[74.363308,31.370437],[74.364166,31.369583],[74.364166,31.3694],[74.364596,31.369094],[74.364596,31.368911],[74.365597,31.367996],[74.365597,31.367813],[74.366026,31.367508],[74.366026,31.367325],[74.366456,31.36702],[74.366456,31.366837],[74.366885,31.366532],[74.366885,31.366349],[74.367457,31.365921],[74.367457,31.365738],[74.367886,31.365433],[74.367886,31.36525],[74.368315,31.364945],[74.368315,31.364762],[74.368745,31.364457],[74.368745,31.364274],[74.369317,31.363847],[74.369317,31.363664],[74.369746,31.363359],[74.369746,31.363176],[74.370175,31.36287],[74.370175,31.362687],[74.370604,31.362382],[74.370604,31.362199],[74.371034,31.361894],[74.371034,31.361711],[74.371606,31.361284],[74.371606,31.361101],[74.372035,31.360796],[74.372035,31.360613],[74.372464,31.360308],[74.372464,31.360125],[74.372893,31.35982],[74.373037,31.359514],[74.373394,31.359514],[74.374324,31.359881],[74.374825,31.359881],[74.374896,31.360003],[74.375254,31.360003],[74.375326,31.360125],[74.375683,31.360125],[74.375755,31.360247],[74.376112,31.360247],[74.377042,31.360613],[74.377543,31.360613],[74.377615,31.360735],[74.377972,31.360735],[74.378044,31.360857],[74.378401,31.360857],[74.379331,31.361223],[74.379832,31.361223],[74.379904,31.361345],[74.380261,31.361345],[74.380333,31.361467],[74.38069,31.361467],[74.380762,31.361589],[74.38112,31.361589],[74.38205,31.361955],[74.38255,31.361955],[74.382622,31.362077],[74.38298,31.362077],[74.383051,31.362199],[74.383409,31.362199],[74.38348,31.362321],[74.383838,31.362321],[74.384768,31.362687],[74.385269,31.362687],[74.38534,31.362809],[74.385698,31.362809],[74.385769,31.362931],[74.386127,31.362931],[74.387057,31.363298],[74.387558,31.363298],[74.387629,31.36342],[74.388416,31.363542],[74.388845,31.363786],[74.388845,31.364457],[74.388988,31.364518],[74.388988,31.364945],[74.389131,31.365006],[74.389131,31.365677],[74.389489,31.365982],[74.38999,31.365982],[74.390061,31.36586],[74.391134,31.365616],[74.391206,31.365372],[74.391635,31.365067],[74.391635,31.36464],[74.391778,31.364518],[74.392565,31.36464],[74.392636,31.364762],[74.392994,31.364762],[74.393066,31.364884],[74.393423,31.364884],[74.393495,31.365006],[74.393852,31.365006],[74.394782,31.365372],[74.395283,31.365372],[74.396213,31.365738],[74.396571,31.365738],[74.396642,31.364396],[74.397,31.364396],[74.397071,31.364274],[74.39886,31.364274],[74.39936,31.36403],[74.400863,31.36403],[74.400934,31.363908],[74.401578,31.363908],[74.40165,31.363786],[74.403295,31.363664],[74.403366,31.363542],[74.403867,31.363542],[74.403939,31.36342],[74.404439,31.36342],[74.404511,31.363298],[74.405298,31.363298],[74.405655,31.363054],[74.406299,31.363054],[74.407658,31.362443],[74.408588,31.362321],[74.408731,31.36287],[74.409017,31.362931],[74.409447,31.36342],[74.409733,31.365067],[74.410305,31.36586],[74.410305,31.366288],[74.410448,31.366349],[74.410448,31.366776],[74.410591,31.366837]]]}},{"type":"Feature","properties":{"mauza":"Kahna Kohna","pulse_name":null,"qanoongo_circle":"Kahna","status":"split estimated from official map","area_km2":9.94,"area_acres":2456,"area_kanal":19651,"perimeter_km":17.89,"centroid_lat":31.349099,"centroid_lng":74.362757,"inside_point_lat":31.34905,"inside_point_lng":74.364488,"parts":1,"bbox":[74.334874,31.330622,74.388666,31.370406]},"geometry":{"type":"Polygon","coordinates":[[[74.388702,31.363603],[74.387629,31.363359],[74.387558,31.363237],[74.387057,31.363237],[74.386985,31.363115],[74.386628,31.363115],[74.386556,31.362993],[74.386198,31.362993],[74.385269,31.362626],[74.384768,31.362626],[74.384696,31.362504],[74.384339,31.362504],[74.384267,31.362382],[74.383909,31.362382],[74.383838,31.36226],[74.38348,31.36226],[74.38255,31.361894],[74.38205,31.361894],[74.381978,31.361772],[74.38162,31.361772],[74.381549,31.36165],[74.381191,31.36165],[74.38112,31.361528],[74.380762,31.361528],[74.379832,31.361162],[74.379331,31.361162],[74.37926,31.36104],[74.378902,31.36104],[74.378831,31.360918],[74.378473,31.360918],[74.377543,31.360552],[74.377042,31.360552],[74.376971,31.36043],[74.376613,31.36043],[74.376542,31.360308],[74.376184,31.360308],[74.376112,31.360186],[74.375755,31.360186],[74.374825,31.35982],[74.374324,31.35982],[74.374253,31.359697],[74.373037,31.359453],[74.372822,31.35982],[74.372393,31.360125],[74.372393,31.360308],[74.371964,31.360613],[74.371964,31.360796],[74.371534,31.361101],[74.371534,31.361284],[74.370962,31.361711],[74.370962,31.361894],[74.370104,31.362687],[74.370104,31.36287],[74.369674,31.363176],[74.369674,31.363359],[74.369245,31.363664],[74.369245,31.363847],[74.368673,31.364274],[74.368673,31.364457],[74.367385,31.365738],[74.367385,31.365921],[74.366813,31.366349],[74.366813,31.366532],[74.366384,31.366837],[74.366384,31.36702],[74.365955,31.367325],[74.365955,31.367508],[74.365526,31.367813],[74.365526,31.367996],[74.365096,31.368301],[74.365096,31.368484],[74.364524,31.368911],[74.364524,31.369094],[74.364095,31.3694],[74.364095,31.369583],[74.363666,31.369888],[74.363666,31.370071],[74.363237,31.370437],[74.361591,31.370193],[74.361162,31.368911],[74.36059,31.368362],[74.360447,31.367691],[74.359875,31.367264],[74.359302,31.366288],[74.359302,31.36586],[74.359016,31.365555],[74.359016,31.364396],[74.358444,31.363847],[74.358301,31.363298],[74.358158,31.363237],[74.358158,31.362809],[74.357729,31.362382],[74.357729,31.362199],[74.357514,31.362016],[74.357156,31.362016],[74.356656,31.361528],[74.356012,31.361284],[74.354724,31.360186],[74.354724,31.359881],[74.354152,31.359453],[74.354009,31.359026],[74.351791,31.357135],[74.351434,31.357135],[74.351291,31.356708],[74.350933,31.356402],[74.350575,31.356402],[74.350289,31.356036],[74.350432,31.354877],[74.350146,31.354572],[74.350146,31.354145],[74.350432,31.353962],[74.350432,31.353657],[74.350718,31.353352],[74.350575,31.353229],[74.350718,31.352985],[74.350718,31.35268],[74.350575,31.352619],[74.350575,31.35085],[74.350289,31.350667],[74.350289,31.349995],[74.350003,31.34969],[74.350003,31.349385],[74.349717,31.349202],[74.349431,31.348714],[74.349431,31.347555],[74.349145,31.34725],[74.349145,31.346578],[74.348859,31.346395],[74.348859,31.34609],[74.348072,31.345541],[74.347571,31.345419],[74.347213,31.345053],[74.346856,31.345053],[74.346498,31.344687],[74.345997,31.344565],[74.34564,31.344199],[74.345425,31.344199],[74.345139,31.343955],[74.345139,31.343161],[74.34428,31.342856],[74.343923,31.34249],[74.342993,31.342124],[74.341491,31.340538],[74.340847,31.340415],[74.340775,31.340538],[74.340275,31.340538],[74.340132,31.34066],[74.339631,31.340415],[74.33727,31.340415],[74.33677,31.339683],[74.33584,31.339683],[74.335339,31.339927],[74.334838,31.339805],[74.334981,31.338646],[74.335267,31.338463],[74.33541,31.338158],[74.33584,31.337975],[74.336126,31.337059],[74.336698,31.336266],[74.336984,31.335107],[74.337413,31.334375],[74.337699,31.334192],[74.338701,31.332483],[74.338844,31.33169],[74.338987,31.331629],[74.338987,31.33108],[74.339345,31.33108],[74.340132,31.330713],[74.340918,31.330713],[74.34099,31.330591],[74.342492,31.330591],[74.342635,31.331263],[74.342993,31.331568],[74.343351,31.331568],[74.343565,31.331812],[74.344066,31.331934],[74.344209,31.332178],[74.344066,31.333215],[74.34428,31.333398],[74.344924,31.33352],[74.345282,31.333764],[74.345783,31.333764],[74.34614,31.334008],[74.346498,31.334008],[74.34707,31.334253],[74.347285,31.334497],[74.347642,31.334497],[74.348,31.334741],[74.348501,31.334741],[74.349002,31.334985],[74.349788,31.334985],[74.350647,31.335351],[74.350933,31.335595],[74.350933,31.335778],[74.351362,31.336083],[74.351362,31.33651],[74.351648,31.336693],[74.351648,31.337242],[74.351934,31.337426],[74.351934,31.337975],[74.352221,31.33828],[74.352221,31.338707],[74.352435,31.33889],[74.353222,31.33889],[74.353723,31.338463],[74.353866,31.338036],[74.354295,31.33767],[74.354939,31.33767],[74.35501,31.337548],[74.355797,31.337426],[74.356584,31.337059],[74.357013,31.337304],[74.358372,31.337304],[74.35873,31.336998],[74.35873,31.336693],[74.359159,31.336327],[74.361806,31.336327],[74.361877,31.336449],[74.362521,31.336449],[74.362593,31.336571],[74.36338,31.336449],[74.363737,31.336693],[74.364238,31.336693],[74.364596,31.336937],[74.365812,31.336937],[74.366169,31.336693],[74.367099,31.336571],[74.367171,31.336693],[74.367958,31.336693],[74.368458,31.336937],[74.368959,31.336937],[74.36946,31.337181],[74.370962,31.337181],[74.372107,31.33767],[74.372321,31.337914],[74.372536,31.337914],[74.373037,31.338402],[74.373251,31.338402],[74.373609,31.338768],[74.374109,31.33889],[74.374324,31.339134],[74.375111,31.339134],[74.375182,31.339256],[74.37554,31.339256],[74.375612,31.339134],[74.376685,31.339134],[74.376899,31.339378],[74.377114,31.339378],[74.377328,31.339622],[74.377972,31.339866],[74.37833,31.340232],[74.379117,31.340476],[74.379117,31.34066],[74.38019,31.341575],[74.380404,31.341575],[74.380762,31.341941],[74.381406,31.342185],[74.381549,31.34249],[74.382264,31.343039],[74.382407,31.343283],[74.382407,31.343955],[74.381549,31.344687],[74.381048,31.344809],[74.380834,31.345114],[74.380977,31.346395],[74.38112,31.346456],[74.38112,31.347372],[74.380333,31.347372],[74.379832,31.347799],[74.379689,31.348226],[74.378831,31.349141],[74.378688,31.350179],[74.378974,31.350362],[74.378974,31.350667],[74.379117,31.350728],[74.378974,31.350972],[74.378974,31.352985],[74.379761,31.353535],[74.380118,31.353535],[74.380404,31.353901],[74.380261,31.354023],[74.380118,31.355304],[74.380476,31.355609],[74.381048,31.355853],[74.381835,31.355853],[74.382193,31.356097],[74.382693,31.356097],[74.383266,31.356341],[74.383623,31.356708],[74.384124,31.35683],[74.385626,31.358172],[74.386556,31.358172],[74.386771,31.358416],[74.386985,31.358416],[74.387415,31.359209],[74.388273,31.359881],[74.388273,31.360308],[74.388559,31.360613],[74.388702,31.363603]]]}},{"type":"Feature","properties":{"mauza":"Jhedu","pulse_name":"Jhedu","qanoongo_circle":"Pandoki","status":"matched","validation_iou_vs_pulse":0.865,"area_km2":5.492,"area_acres":1357,"area_kanal":10856,"perimeter_km":13.62,"centroid_lat":31.343604,"centroid_lng":74.316215,"inside_point_lat":31.346609,"inside_point_lng":74.309122,"parts":1,"bbox":[74.29453,31.328791,74.33888,31.354907]},"geometry":{"type":"Polygon","coordinates":[[[74.298643,31.35445],[74.298214,31.353413],[74.297498,31.352741],[74.297498,31.350606],[74.297212,31.350301],[74.297069,31.349629],[74.295567,31.348348],[74.294923,31.348104],[74.294494,31.347738],[74.294494,31.347555],[74.294923,31.34725],[74.294923,31.347067],[74.295495,31.346639],[74.295495,31.346456],[74.296068,31.346029],[74.296068,31.345846],[74.29664,31.345419],[74.29664,31.345236],[74.297212,31.344809],[74.297212,31.344626],[74.297784,31.344199],[74.297784,31.344016],[74.298357,31.343588],[74.298357,31.343405],[74.298643,31.343161],[74.302148,31.342185],[74.30737,31.337731],[74.307656,31.337059],[74.307942,31.336876],[74.308228,31.336205],[74.308514,31.336022],[74.3088,31.335351],[74.309086,31.335168],[74.309516,31.334375],[74.313521,31.337304],[74.318171,31.337304],[74.319244,31.336327],[74.320961,31.337304],[74.326183,31.337304],[74.328257,31.335595],[74.328472,31.335595],[74.329831,31.334375],[74.330045,31.334375],[74.331262,31.333276],[74.331476,31.333276],[74.332835,31.332056],[74.33305,31.332056],[74.334266,31.330958],[74.33448,31.330958],[74.33584,31.329737],[74.336054,31.329737],[74.337127,31.328761],[74.337485,31.328883],[74.337485,31.329188],[74.337771,31.329371],[74.337771,31.329554],[74.338629,31.330469],[74.338629,31.330774],[74.338916,31.330958],[74.338916,31.331629],[74.338772,31.33169],[74.338629,31.332483],[74.337628,31.334192],[74.337342,31.334375],[74.336913,31.335107],[74.336626,31.336266],[74.336054,31.337059],[74.335768,31.337975],[74.335196,31.33828],[74.334767,31.339012],[74.334767,31.339805],[74.335053,31.339988],[74.335196,31.34066],[74.335911,31.341209],[74.336054,31.341636],[74.336483,31.341941],[74.336483,31.342124],[74.337056,31.342673],[74.337199,31.344321],[74.337342,31.344382],[74.337342,31.344809],[74.337628,31.345114],[74.337485,31.345663],[74.336626,31.346456],[74.33634,31.347006],[74.335697,31.347128],[74.33541,31.346883],[74.33541,31.3467],[74.335124,31.346639],[74.333908,31.345419],[74.333551,31.345419],[74.333193,31.345175],[74.332549,31.345175],[74.332478,31.345053],[74.331691,31.345053],[74.331619,31.345175],[74.331333,31.345053],[74.328686,31.345053],[74.328615,31.345175],[74.328114,31.345175],[74.328043,31.345297],[74.322821,31.345297],[74.322177,31.344809],[74.320818,31.344809],[74.320746,31.344687],[74.320603,31.344809],[74.318958,31.344809],[74.317742,31.345358],[74.317742,31.346639],[74.317885,31.3467],[74.317885,31.347128],[74.318028,31.347189],[74.318028,31.348226],[74.318314,31.348653],[74.318314,31.34908],[74.317313,31.349751],[74.317313,31.350301],[74.317456,31.350362],[74.317456,31.350667],[74.317742,31.351094],[74.317742,31.351521],[74.317885,31.351582],[74.317885,31.352009],[74.318171,31.352436],[74.318028,31.353229],[74.317384,31.353229],[74.317313,31.353352],[74.316097,31.353596],[74.31531,31.353107],[74.313808,31.352863],[74.31345,31.353352],[74.31252,31.353474],[74.311161,31.354206],[74.309086,31.354206],[74.309015,31.354084],[74.307656,31.353962],[74.307584,31.354084],[74.306368,31.354206],[74.305009,31.354938],[74.304079,31.354816],[74.303578,31.35445],[74.302219,31.35445],[74.302148,31.354328],[74.300932,31.354328],[74.30086,31.354206],[74.300717,31.354328],[74.298643,31.35445]]]}},{"type":"Feature","properties":{"mauza":"Rakh Jhaidu","pulse_name":"Rakh Jhaidu","qanoongo_circle":"Pandoki","status":"matched","validation_iou_vs_pulse":0.931,"area_km2":1.849,"area_acres":457,"area_kanal":3655,"perimeter_km":6.13,"centroid_lat":31.350554,"centroid_lng":74.325145,"inside_point_lat":31.350758,"inside_point_lng":74.324287,"parts":1,"bbox":[74.316132,31.344778,74.335732,31.357226]},"geometry":{"type":"Polygon","coordinates":[[[74.316669,31.35567],[74.316383,31.355182],[74.316383,31.354877],[74.31624,31.354816],[74.31624,31.354389],[74.316097,31.354328],[74.316097,31.353657],[74.316883,31.353535],[74.317384,31.35329],[74.318028,31.35329],[74.318243,31.352985],[74.318243,31.352436],[74.3181,31.352375],[74.317813,31.351094],[74.317384,31.350301],[74.317384,31.349751],[74.318386,31.34908],[74.318386,31.348653],[74.3181,31.348226],[74.3181,31.347189],[74.317956,31.347128],[74.317956,31.3467],[74.317813,31.346639],[74.317813,31.345358],[74.317956,31.345236],[74.3186,31.345114],[74.318958,31.34487],[74.320603,31.34487],[74.320675,31.344748],[74.320818,31.34487],[74.322177,31.34487],[74.322821,31.345358],[74.328043,31.345358],[74.328114,31.345236],[74.328615,31.345236],[74.328686,31.345114],[74.331333,31.345114],[74.331405,31.345236],[74.331691,31.345114],[74.332478,31.345114],[74.332549,31.345236],[74.333193,31.345236],[74.333551,31.34548],[74.333908,31.34548],[74.334337,31.345846],[74.334337,31.346029],[74.335124,31.3467],[74.335339,31.3467],[74.335339,31.346883],[74.335768,31.347189],[74.335625,31.347311],[74.335768,31.347555],[74.335768,31.348592],[74.335625,31.348653],[74.335625,31.348958],[74.335053,31.349324],[74.334123,31.349446],[74.333622,31.349873],[74.333336,31.350911],[74.331834,31.351521],[74.331476,31.352131],[74.331047,31.352497],[74.330403,31.352619],[74.329902,31.353046],[74.330332,31.353657],[74.330332,31.354084],[74.331047,31.354755],[74.331047,31.355182],[74.330761,31.355426],[74.33026,31.355426],[74.330189,31.355548],[74.329688,31.355548],[74.329616,31.35567],[74.329473,31.355548],[74.328829,31.355548],[74.328758,31.35567],[74.327399,31.355548],[74.327041,31.355792],[74.32654,31.355792],[74.326183,31.356036],[74.325825,31.356036],[74.324752,31.357013],[74.324394,31.357013],[74.323894,31.357257],[74.321247,31.357257],[74.321175,31.357135],[74.320389,31.357135],[74.320317,31.357013],[74.319673,31.357013],[74.319602,31.356891],[74.318672,31.356891],[74.3186,31.356769],[74.318243,31.356769],[74.31767,31.356524],[74.316669,31.35567]]]}},{"type":"Feature","properties":{"mauza":"Kacha","pulse_name":"Kacha","qanoongo_circle":"Pandoki","status":"matched","validation_iou_vs_pulse":0.976,"area_km2":12.934,"area_acres":3196,"area_kanal":25568,"perimeter_km":18.63,"centroid_lat":31.397788,"centroid_lng":74.326044,"inside_point_lat":31.398719,"inside_point_lng":74.328579,"parts":1,"bbox":[74.298822,31.374067,74.349467,31.41971]},"geometry":{"type":"Polygon","coordinates":[[[74.299072,31.418154],[74.298786,31.41791],[74.298786,31.417605],[74.299215,31.416933],[74.299358,31.416262],[74.299644,31.416079],[74.299787,31.415652],[74.300216,31.415347],[74.300359,31.414798],[74.300646,31.414615],[74.300932,31.414126],[74.300932,31.413821],[74.300789,31.41376],[74.300789,31.411747],[74.300646,31.411686],[74.300789,31.410648],[74.301075,31.410282],[74.301719,31.41016],[74.302362,31.409611],[74.302505,31.409062],[74.303364,31.40833],[74.30458,31.40833],[74.304795,31.408025],[74.304795,31.407719],[74.304938,31.407658],[74.304938,31.406743],[74.305081,31.406621],[74.304938,31.40656],[74.304938,31.405645],[74.304795,31.405584],[74.304795,31.405279],[74.304508,31.405096],[74.304508,31.404424],[74.304651,31.404363],[74.304795,31.403326],[74.305081,31.403021],[74.305081,31.402716],[74.306082,31.401007],[74.306511,31.400702],[74.306797,31.400214],[74.306797,31.399177],[74.306654,31.399116],[74.306654,31.398567],[74.306368,31.398139],[74.306225,31.397224],[74.306797,31.396431],[74.30694,31.395882],[74.307513,31.395455],[74.307799,31.394905],[74.308228,31.3946],[74.308228,31.394295],[74.308514,31.394112],[74.308514,31.393929],[74.30923,31.393319],[74.310159,31.393197],[74.310732,31.392953],[74.310946,31.392709],[74.311161,31.392709],[74.311375,31.392404],[74.311805,31.390024],[74.310946,31.388865],[74.310803,31.387705],[74.311089,31.3874],[74.311089,31.386729],[74.311375,31.386424],[74.311375,31.385875],[74.311662,31.385692],[74.311948,31.38441],[74.312592,31.384288],[74.313092,31.383922],[74.313879,31.3838],[74.314738,31.383434],[74.315238,31.382946],[74.315882,31.382946],[74.316168,31.38319],[74.316168,31.383617],[74.316454,31.3838],[74.316454,31.384715],[74.31674,31.385142],[74.31674,31.385936],[74.317527,31.386607],[74.318028,31.386607],[74.3181,31.386729],[74.3186,31.386729],[74.318672,31.386851],[74.319316,31.386851],[74.319387,31.386973],[74.320174,31.386973],[74.320532,31.386729],[74.321319,31.386729],[74.322535,31.385631],[74.323178,31.385386],[74.323965,31.384715],[74.323965,31.384044],[74.324251,31.383739],[74.324251,31.382702],[74.324394,31.382641],[74.324537,31.381481],[74.325539,31.380749],[74.326469,31.380627],[74.32654,31.380505],[74.328043,31.380505],[74.328543,31.380078],[74.328543,31.379773],[74.328686,31.379712],[74.328543,31.379041],[74.329545,31.378247],[74.329831,31.377698],[74.331118,31.376539],[74.331118,31.375623],[74.330832,31.375135],[74.330975,31.375074],[74.330975,31.374647],[74.331405,31.37422],[74.331405,31.374037],[74.332048,31.374159],[74.332549,31.374525],[74.33305,31.374525],[74.334266,31.375135],[74.334624,31.375135],[74.334838,31.375379],[74.335339,31.375501],[74.335697,31.375868],[74.336197,31.37599],[74.337914,31.377454],[74.337914,31.379468],[74.339488,31.380749],[74.339488,31.381054],[74.339917,31.381359],[74.34006,31.381786],[74.340704,31.382213],[74.341777,31.382336],[74.343207,31.382946],[74.343851,31.383556],[74.344352,31.383678],[74.344567,31.383922],[74.344924,31.383922],[74.34521,31.384288],[74.34521,31.385448],[74.345067,31.385509],[74.345067,31.385814],[74.345854,31.386485],[74.346212,31.386485],[74.346856,31.387095],[74.347714,31.387461],[74.348501,31.387583],[74.348572,31.387705],[74.349359,31.387705],[74.349359,31.388132],[74.349502,31.388193],[74.349502,31.388498],[74.349359,31.388559],[74.349359,31.392282],[74.348215,31.394051],[74.348072,31.394966],[74.347642,31.395394],[74.34707,31.397407],[74.346784,31.39759],[74.346784,31.397895],[74.346498,31.398078],[74.346498,31.398384],[74.345926,31.398872],[74.345353,31.399116],[74.344853,31.399116],[74.344352,31.399421],[74.344638,31.403265],[74.344495,31.403509],[74.343422,31.403875],[74.343064,31.40418],[74.343207,31.406438],[74.342349,31.407841],[74.342206,31.409367],[74.341777,31.409916],[74.341777,31.410709],[74.341205,31.411198],[74.340346,31.411564],[74.339988,31.411564],[74.339631,31.411808],[74.338272,31.411808],[74.3382,31.41193],[74.336698,31.411808],[74.336626,31.41193],[74.336269,31.41193],[74.336197,31.411808],[74.335267,31.411686],[74.335196,31.411564],[74.333837,31.411442],[74.333336,31.411747],[74.333479,31.41254],[74.33305,31.41315],[74.331834,31.412784],[74.331476,31.413028],[74.328686,31.41315],[74.328615,31.413272],[74.327828,31.413272],[74.327756,31.413394],[74.322391,31.413516],[74.32232,31.413638],[74.321819,31.413638],[74.321748,31.41376],[74.32139,31.41376],[74.321104,31.413516],[74.320961,31.412845],[74.320675,31.412418],[74.320675,31.411991],[74.320532,31.41193],[74.320532,31.411503],[74.320246,31.411075],[74.320246,31.410648],[74.320102,31.410404],[74.319459,31.409977],[74.318886,31.410221],[74.318529,31.410221],[74.318457,31.410343],[74.317241,31.410343],[74.31717,31.410465],[74.316669,31.410465],[74.316597,31.410587],[74.313378,31.410709],[74.313307,31.410831],[74.311805,31.410953],[74.30973,31.411869],[74.30973,31.413394],[74.309587,31.413455],[74.309444,31.414371],[74.309015,31.414798],[74.308729,31.415469],[74.307155,31.416994],[74.30644,31.418398],[74.306154,31.418581],[74.306011,31.419008],[74.305581,31.419435],[74.305581,31.41974],[74.304723,31.419374],[74.302362,31.419496],[74.302291,31.419374],[74.301933,31.419374],[74.301075,31.419008],[74.30086,31.418764],[74.299716,31.418276],[74.299072,31.418154]]]}},{"type":"Feature","properties":{"mauza":"Pandoki","pulse_name":"Pandoki","qanoongo_circle":"Pandoki","status":"matched","validation_iou_vs_pulse":0.991,"area_km2":16.865,"area_acres":4168,"area_kanal":33340,"perimeter_km":18.55,"centroid_lat":31.279944,"centroid_lng":74.354315,"inside_point_lat":31.27839,"inside_point_lng":74.357049,"parts":1,"bbox":[74.329867,31.254958,74.381656,31.304018]},"geometry":{"type":"Polygon","coordinates":[[[74.340132,31.303926],[74.339774,31.303682],[74.338987,31.30356],[74.338486,31.303072],[74.338272,31.303072],[74.337986,31.302828],[74.337771,31.302218],[74.336698,31.302218],[74.336698,31.301668],[74.336984,31.301241],[74.336984,31.300814],[74.336841,31.300753],[74.336841,31.300326],[74.336555,31.300143],[74.336555,31.29996],[74.335983,31.299533],[74.335983,31.29935],[74.33541,31.298923],[74.33541,31.29874],[74.333622,31.297214],[74.333408,31.297214],[74.333193,31.29697],[74.332978,31.29697],[74.332764,31.296726],[74.33212,31.296482],[74.331118,31.295628],[74.331118,31.295444],[74.330689,31.295139],[74.33026,31.294224],[74.329831,31.294163],[74.330117,31.293675],[74.329974,31.291173],[74.331405,31.289892],[74.331405,31.289709],[74.33212,31.289037],[74.33212,31.287512],[74.332263,31.287451],[74.332263,31.287024],[74.332406,31.286963],[74.332406,31.285803],[74.33212,31.285498],[74.33212,31.285193],[74.332835,31.284522],[74.333264,31.28379],[74.333264,31.28263],[74.332978,31.282203],[74.332835,31.280678],[74.332406,31.279885],[74.332549,31.278603],[74.333121,31.278359],[74.333622,31.278359],[74.333694,31.278237],[74.336197,31.278115],[74.336269,31.277993],[74.337342,31.277871],[74.337413,31.277749],[74.338057,31.277627],[74.338415,31.2772],[74.338701,31.274454],[74.338844,31.274393],[74.338844,31.273844],[74.338987,31.273783],[74.338987,31.273234],[74.33913,31.273173],[74.33913,31.272501],[74.339273,31.27244],[74.339273,31.271891],[74.339416,31.27183],[74.339416,31.271281],[74.339559,31.27122],[74.339559,31.270671],[74.339702,31.27061],[74.339702,31.268474],[74.339845,31.268413],[74.339845,31.266277],[74.339702,31.266216],[74.339559,31.265301],[74.339273,31.264996],[74.339273,31.264691],[74.338987,31.264386],[74.338987,31.264081],[74.338701,31.263776],[74.338701,31.263471],[74.338415,31.262982],[74.338987,31.262311],[74.338987,31.261884],[74.339559,31.260969],[74.339702,31.260053],[74.340275,31.259565],[74.341061,31.259321],[74.341276,31.259077],[74.342063,31.258833],[74.342564,31.258345],[74.34428,31.257613],[74.344638,31.257613],[74.344996,31.257369],[74.345353,31.257369],[74.345711,31.257125],[74.346069,31.257125],[74.347142,31.256636],[74.347786,31.256636],[74.347857,31.256514],[74.348787,31.256392],[74.349145,31.256148],[74.349932,31.256026],[74.350289,31.255782],[74.351076,31.25566],[74.351434,31.255416],[74.351791,31.255416],[74.351863,31.255294],[74.352221,31.255294],[74.352578,31.25505],[74.353222,31.254928],[74.354009,31.256026],[74.354223,31.256026],[74.355296,31.256758],[74.355797,31.25688],[74.356012,31.257125],[74.356226,31.257125],[74.356441,31.257369],[74.357085,31.257613],[74.357943,31.258467],[74.357943,31.25865],[74.360018,31.26042],[74.360661,31.260664],[74.361019,31.26103],[74.361234,31.26103],[74.361734,31.261396],[74.362664,31.261518],[74.363308,31.261884],[74.363666,31.261884],[74.36481,31.262372],[74.36574,31.262982],[74.366384,31.262982],[74.366456,31.263104],[74.367099,31.263226],[74.367242,31.263348],[74.367385,31.264874],[74.367529,31.265118],[74.367815,31.265179],[74.368029,31.265423],[74.368601,31.265667],[74.368959,31.265667],[74.369031,31.265789],[74.369388,31.265789],[74.36946,31.265911],[74.369818,31.265911],[74.369889,31.266033],[74.371964,31.266033],[74.372464,31.266277],[74.376399,31.266277],[74.37647,31.266399],[74.377257,31.266399],[74.377328,31.266521],[74.377972,31.266521],[74.378044,31.266644],[74.378831,31.266644],[74.378902,31.266766],[74.37926,31.266766],[74.379832,31.26701],[74.380619,31.267986],[74.380834,31.267986],[74.381048,31.26823],[74.381549,31.26823],[74.381692,31.269755],[74.381406,31.270061],[74.381406,31.270488],[74.38112,31.270671],[74.38112,31.27122],[74.380834,31.271525],[74.380834,31.272196],[74.380547,31.272684],[74.379546,31.273478],[74.379546,31.273661],[74.378401,31.274698],[74.378401,31.275857],[74.378545,31.275918],[74.378545,31.276346],[74.378974,31.276895],[74.379117,31.278054],[74.379403,31.278359],[74.379403,31.27903],[74.378902,31.279152],[74.378401,31.27958],[74.378401,31.279763],[74.378115,31.279946],[74.378115,31.280617],[74.377829,31.280922],[74.377829,31.282936],[74.377686,31.282997],[74.377686,31.283302],[74.378115,31.284034],[74.377543,31.284949],[74.3774,31.286353],[74.377257,31.286414],[74.377543,31.288549],[74.377257,31.288915],[74.376899,31.288915],[74.376828,31.289037],[74.375755,31.289037],[74.375111,31.288183],[74.374539,31.287939],[74.374038,31.287939],[74.37225,31.289282],[74.370747,31.28977],[74.370533,31.290014],[74.370032,31.290136],[74.369674,31.290502],[74.36946,31.290502],[74.369102,31.290868],[74.368888,31.290868],[74.368387,31.291356],[74.367529,31.291722],[74.367171,31.291722],[74.36667,31.292149],[74.36667,31.292943],[74.366956,31.29337],[74.366813,31.293919],[74.366098,31.294346],[74.366098,31.294529],[74.364953,31.295567],[74.364953,31.29575],[74.364667,31.295933],[74.364524,31.29636],[74.364238,31.296604],[74.361448,31.296604],[74.360948,31.296848],[74.360161,31.296848],[74.359803,31.297092],[74.359302,31.297092],[74.359088,31.297336],[74.358086,31.297763],[74.3578,31.298251],[74.3578,31.300875],[74.357943,31.300936],[74.357943,31.301241],[74.357371,31.301485],[74.357013,31.301485],[74.356799,31.301729],[74.356298,31.301729],[74.356083,31.301974],[74.355726,31.301974],[74.355511,31.302218],[74.354867,31.30234],[74.35451,31.302096],[74.354152,31.302096],[74.353794,31.301851],[74.352578,31.301607],[74.351934,31.301241],[74.351434,31.301241],[74.351076,31.300997],[74.350718,31.300997],[74.350218,31.300753],[74.349574,31.300753],[74.349073,31.300509],[74.347285,31.300509],[74.346927,31.300753],[74.346569,31.300753],[74.346069,31.300997],[74.345568,31.300997],[74.344424,31.301485],[74.344209,31.301729],[74.343994,31.301729],[74.343064,31.302645],[74.342921,31.303194],[74.342635,31.303377],[74.342492,31.303804],[74.342206,31.303926],[74.341419,31.303926],[74.341348,31.304048],[74.341205,31.303926],[74.340132,31.303926]]]}},{"type":"Feature","properties":{"mauza":"Toor Waraich","pulse_name":null,"qanoongo_circle":"Pandoki","status":"matched","area_km2":7.392,"area_acres":1827,"area_kanal":14613,"perimeter_km":11.8,"centroid_lat":31.366854,"centroid_lng":74.310199,"inside_point_lat":31.366623,"inside_point_lng":74.310267,"parts":1,"bbox":[74.293385,31.352955,74.327864,31.38139]},"geometry":{"type":"Polygon","coordinates":[[[74.318314,31.380688],[74.317742,31.380932],[74.317098,31.38081],[74.316812,31.380566],[74.316669,31.380139],[74.316383,31.379956],[74.316383,31.379651],[74.316097,31.379468],[74.315954,31.378796],[74.315453,31.378491],[74.315095,31.378491],[74.314165,31.379224],[74.313665,31.379224],[74.313593,31.379346],[74.313235,31.379346],[74.312663,31.37959],[74.31159,31.380566],[74.311089,31.380688],[74.310374,31.38142],[74.309015,31.38081],[74.307799,31.380688],[74.307584,31.380444],[74.307227,31.380444],[74.307012,31.3802],[74.30644,31.379956],[74.306082,31.379956],[74.305867,31.379712],[74.303865,31.378857],[74.301075,31.378735],[74.301003,31.378613],[74.300359,31.378613],[74.299573,31.378247],[74.299215,31.378247],[74.298214,31.377637],[74.298214,31.377454],[74.297713,31.376905],[74.297498,31.376905],[74.296783,31.376417],[74.296783,31.37599],[74.295352,31.373732],[74.295352,31.373061],[74.294494,31.371596],[74.294208,31.371413],[74.294208,31.370986],[74.293922,31.370559],[74.293922,31.369644],[74.293349,31.369094],[74.293349,31.368667],[74.293492,31.368606],[74.293778,31.367691],[74.294351,31.367264],[74.294351,31.367081],[74.295495,31.36641],[74.29664,31.364335],[74.296783,31.362809],[74.296354,31.36226],[74.296354,31.361467],[74.297069,31.360918],[74.297069,31.360613],[74.296497,31.360064],[74.296354,31.359514],[74.296211,31.359453],[74.296068,31.357928],[74.296354,31.357501],[74.296354,31.357074],[74.29664,31.35683],[74.297856,31.356708],[74.29807,31.356524],[74.298214,31.355975],[74.297927,31.355548],[74.297927,31.354999],[74.2985,31.354511],[74.299573,31.354511],[74.299644,31.354389],[74.300717,31.354389],[74.30086,31.354267],[74.300932,31.354389],[74.302148,31.354389],[74.302219,31.354511],[74.303578,31.354511],[74.304079,31.354877],[74.305009,31.354999],[74.306368,31.354267],[74.307584,31.354145],[74.307656,31.354023],[74.3083,31.354023],[74.308371,31.354145],[74.309015,31.354145],[74.309086,31.354267],[74.311161,31.354267],[74.31252,31.353535],[74.31345,31.353413],[74.313808,31.353107],[74.313808,31.352924],[74.314022,31.352924],[74.314094,31.353046],[74.31531,31.353168],[74.315811,31.353535],[74.316025,31.353535],[74.316025,31.354328],[74.316168,31.354389],[74.316168,31.354816],[74.316311,31.354877],[74.316311,31.355182],[74.316597,31.35567],[74.31767,31.356586],[74.318243,31.35683],[74.319602,31.356952],[74.319673,31.357074],[74.320317,31.357074],[74.320389,31.357196],[74.321175,31.357196],[74.321247,31.357318],[74.323894,31.357318],[74.324824,31.356952],[74.325181,31.357196],[74.325324,31.357745],[74.325467,31.357806],[74.325467,31.359209],[74.32561,31.35927],[74.32561,31.35982],[74.325754,31.359881],[74.325754,31.361162],[74.325897,31.361223],[74.325897,31.361772],[74.32604,31.361833],[74.32604,31.363359],[74.326755,31.36403],[74.326755,31.365677],[74.327041,31.36586],[74.327184,31.366288],[74.32747,31.366471],[74.3279,31.367203],[74.3279,31.367752],[74.327756,31.367813],[74.327756,31.368118],[74.327327,31.368911],[74.327327,31.369705],[74.32747,31.369827],[74.327041,31.370376],[74.327041,31.370681],[74.326755,31.370925],[74.324537,31.370925],[74.324466,31.371047],[74.323679,31.371169],[74.323464,31.371474],[74.323464,31.373732],[74.322892,31.374342],[74.322535,31.374342],[74.322177,31.374586],[74.32139,31.374586],[74.320246,31.375074],[74.320031,31.375318],[74.31953,31.37544],[74.319173,31.375745],[74.319316,31.378125],[74.319173,31.378186],[74.319173,31.378735],[74.318886,31.378918],[74.318886,31.379346],[74.3186,31.379529],[74.3186,31.380444],[74.318314,31.380688]]]}},{"type":"Feature","properties":{"mauza":"Nangar","pulse_name":"Nangar","qanoongo_circle":"Pandoki","status":"matched","validation_iou_vs_pulse":0.88,"area_km2":1.915,"area_acres":473,"area_kanal":3786,"perimeter_km":9.07,"centroid_lat":31.403647,"centroid_lng":74.301079,"inside_point_lat":31.40836,"inside_point_lng":74.297534,"parts":2,"bbox":[74.292956,31.384197,74.311411,31.417757]},"geometry":{"type":"MultiPolygon","coordinates":[[[[74.300503,31.386424],[74.300503,31.384776],[74.30086,31.384654],[74.301075,31.38441],[74.303292,31.384288],[74.303578,31.384166],[74.304294,31.384532],[74.304294,31.384837],[74.304437,31.384898],[74.304294,31.38557],[74.303435,31.38618],[74.302935,31.386302],[74.30272,31.386546],[74.302362,31.386546],[74.302291,31.386668],[74.300932,31.386668],[74.300503,31.386424]]],[[[74.297927,31.417666],[74.297069,31.417055],[74.297069,31.416872],[74.295781,31.415591],[74.294923,31.414126],[74.294923,31.413821],[74.294494,31.41315],[74.294494,31.412845],[74.294208,31.412418],[74.294208,31.411991],[74.294065,31.41193],[74.294065,31.411381],[74.293922,31.41132],[74.293922,31.410892],[74.293778,31.410831],[74.293778,31.410282],[74.293635,31.410221],[74.293635,31.409672],[74.293492,31.409611],[74.293492,31.409062],[74.293349,31.409001],[74.293349,31.408574],[74.293206,31.408513],[74.29292,31.406865],[74.293349,31.406499],[74.294136,31.406255],[74.295209,31.405401],[74.295424,31.405401],[74.295638,31.405035],[74.296354,31.404424],[74.296711,31.404424],[74.297212,31.403936],[74.297427,31.403936],[74.299072,31.402411],[74.300073,31.400702],[74.300359,31.399665],[74.301647,31.397468],[74.301933,31.397285],[74.301933,31.397102],[74.302649,31.396309],[74.302792,31.395516],[74.303078,31.395333],[74.303364,31.394844],[74.303364,31.394539],[74.30365,31.394356],[74.30365,31.393807],[74.303936,31.393624],[74.304079,31.393075],[74.304651,31.392648],[74.304651,31.392465],[74.305081,31.39216],[74.305081,31.391977],[74.305796,31.391427],[74.305796,31.391122],[74.306511,31.390756],[74.308729,31.390756],[74.308872,31.390634],[74.310088,31.391366],[74.310589,31.391366],[74.31066,31.391488],[74.311447,31.39161],[74.311304,31.392404],[74.311161,31.392648],[74.310946,31.392648],[74.310732,31.392892],[74.310159,31.393136],[74.30923,31.393258],[74.308443,31.393929],[74.308443,31.394112],[74.308157,31.394295],[74.308157,31.3946],[74.307727,31.394905],[74.307441,31.395455],[74.306726,31.396126],[74.306726,31.396431],[74.306154,31.397224],[74.306297,31.398139],[74.30644,31.3982],[74.306583,31.399116],[74.306726,31.399177],[74.306726,31.400214],[74.30644,31.400702],[74.306011,31.401007],[74.305009,31.402716],[74.305009,31.403021],[74.304723,31.403326],[74.30458,31.404363],[74.304437,31.404424],[74.304437,31.405096],[74.304723,31.405279],[74.304723,31.405584],[74.304866,31.405645],[74.304866,31.40656],[74.305009,31.406621],[74.304866,31.406743],[74.304866,31.407658],[74.304723,31.407719],[74.304723,31.408025],[74.30458,31.408269],[74.303364,31.408269],[74.302434,31.409062],[74.302291,31.409611],[74.301719,31.410099],[74.301361,31.410099],[74.30086,31.410404],[74.300717,31.410953],[74.300574,31.411014],[74.300574,31.411686],[74.300717,31.411747],[74.300717,31.41376],[74.30086,31.413821],[74.30086,31.414126],[74.300574,31.414615],[74.300288,31.414798],[74.300145,31.415347],[74.299716,31.415652],[74.299573,31.416079],[74.299287,31.416262],[74.299287,31.416567],[74.299143,31.416628],[74.299143,31.416933],[74.298857,31.417238],[74.298714,31.417788],[74.298571,31.417543],[74.297927,31.417666]]]]}},{"type":"Feature","properties":{"mauza":"Sedhar","pulse_name":"Sidhar","qanoongo_circle":"Pandoki","status":"matched (PULSE: Sidhar)","validation_iou_vs_pulse":0.882,"area_km2":1.706,"area_acres":421,"area_kanal":3372,"perimeter_km":7.22,"centroid_lat":31.378813,"centroid_lng":74.32229,"inside_point_lat":31.377851,"inside_point_lng":74.323429,"parts":1,"bbox":[74.310267,31.369918,74.331297,31.386881]},"geometry":{"type":"Polygon","coordinates":[[[74.311089,31.383739],[74.310946,31.383312],[74.310374,31.382763],[74.310374,31.382336],[74.310231,31.382275],[74.310374,31.381481],[74.311089,31.380749],[74.31159,31.380627],[74.312663,31.379651],[74.313235,31.379407],[74.313593,31.379407],[74.313665,31.379285],[74.314165,31.379285],[74.314809,31.378674],[74.315453,31.378552],[74.315882,31.378796],[74.316025,31.379468],[74.316311,31.379651],[74.316311,31.379956],[74.316597,31.380139],[74.31674,31.380566],[74.317098,31.380871],[74.317742,31.380993],[74.318672,31.380444],[74.318672,31.379529],[74.318958,31.379346],[74.318958,31.378918],[74.319244,31.378735],[74.319244,31.378186],[74.319387,31.378125],[74.319244,31.375745],[74.32139,31.374647],[74.322177,31.374647],[74.322535,31.374403],[74.322892,31.374403],[74.323536,31.373732],[74.323536,31.371474],[74.323679,31.37123],[74.324466,31.371108],[74.324537,31.370986],[74.326755,31.370986],[74.327113,31.370681],[74.327113,31.370376],[74.327399,31.369888],[74.327756,31.369888],[74.328543,31.370254],[74.32933,31.370376],[74.329545,31.37062],[74.330332,31.370864],[74.330904,31.371352],[74.330904,31.371657],[74.331047,31.371718],[74.331047,31.372878],[74.33119,31.372939],[74.33119,31.373366],[74.331333,31.373427],[74.331333,31.37422],[74.331047,31.374403],[74.330904,31.375074],[74.330761,31.375135],[74.331047,31.375623],[74.331047,31.376539],[74.330904,31.376783],[74.329759,31.377698],[74.329473,31.378247],[74.328472,31.379041],[74.328615,31.379712],[74.328472,31.379773],[74.328472,31.380078],[74.328043,31.380444],[74.32654,31.380444],[74.326469,31.380566],[74.325539,31.380688],[74.324466,31.381481],[74.324323,31.382641],[74.32418,31.382702],[74.32418,31.383739],[74.323894,31.384044],[74.323894,31.384715],[74.323178,31.385325],[74.322535,31.38557],[74.321319,31.386668],[74.320532,31.386668],[74.320174,31.386912],[74.319387,31.386912],[74.319316,31.38679],[74.318672,31.38679],[74.3186,31.386668],[74.317527,31.386546],[74.316812,31.385936],[74.316812,31.385142],[74.316526,31.384715],[74.316526,31.3838],[74.31624,31.383617],[74.31624,31.38319],[74.315882,31.382885],[74.315238,31.382885],[74.314738,31.383373],[74.313879,31.383739],[74.313092,31.383861],[74.312592,31.384227],[74.312234,31.384227],[74.312162,31.384349],[74.311805,31.384349],[74.311089,31.383739]]]}},{"type":"Feature","properties":{"mauza":"Gulvera","pulse_name":"Galwehra","qanoongo_circle":"Pandoki","status":"matched (PULSE: Galwehra)","area_km2":4.611,"area_acres":1139,"area_kanal":9114,"perimeter_km":9.5,"centroid_lat":31.276072,"centroid_lng":74.391172,"inside_point_lat":31.275705,"inside_point_lng":74.389811,"parts":1,"bbox":[74.377793,31.265088,74.40612,31.290227]},"geometry":{"type":"Polygon","coordinates":[[[74.392779,31.290258],[74.392136,31.289892],[74.391778,31.289892],[74.39092,31.28916],[74.390777,31.288732],[74.39049,31.288671],[74.388845,31.287085],[74.388201,31.286963],[74.387271,31.285987],[74.386198,31.285864],[74.386127,31.285742],[74.381907,31.285864],[74.380977,31.28501],[74.380619,31.28501],[74.380404,31.284766],[74.378688,31.284034],[74.378044,31.283912],[74.377901,31.283363],[74.377758,31.283302],[74.377758,31.282997],[74.377901,31.282936],[74.377901,31.280922],[74.378187,31.280617],[74.378187,31.279946],[74.378473,31.279763],[74.378473,31.27958],[74.378902,31.279213],[74.37926,31.279213],[74.379474,31.27903],[74.379474,31.278359],[74.379188,31.278054],[74.379045,31.276895],[74.378616,31.276346],[74.378616,31.275918],[74.378473,31.275857],[74.378473,31.274698],[74.379617,31.273661],[74.379617,31.273478],[74.380619,31.272684],[74.380905,31.272196],[74.380905,31.271525],[74.381191,31.27122],[74.381191,31.270671],[74.381477,31.270488],[74.381477,31.270061],[74.381763,31.269755],[74.38162,31.26823],[74.381763,31.268352],[74.383838,31.268474],[74.383909,31.268352],[74.384553,31.268352],[74.384625,31.26823],[74.385698,31.268108],[74.386055,31.267864],[74.386413,31.267864],[74.387486,31.267376],[74.388559,31.267254],[74.389775,31.266521],[74.390276,31.266521],[74.390347,31.266399],[74.391134,31.266277],[74.391492,31.266033],[74.392565,31.265789],[74.393924,31.265179],[74.395998,31.265057],[74.39607,31.265179],[74.396714,31.265179],[74.399074,31.266277],[74.399432,31.266277],[74.399933,31.266521],[74.401149,31.266521],[74.40122,31.266644],[74.402436,31.266644],[74.402722,31.266766],[74.403438,31.267376],[74.40401,31.268352],[74.40401,31.269023],[74.404153,31.269084],[74.404153,31.269755],[74.403724,31.270488],[74.403295,31.270732],[74.403581,31.270793],[74.403939,31.271159],[74.404153,31.271159],[74.404511,31.271525],[74.405584,31.271891],[74.406156,31.272562],[74.405727,31.272928],[74.405369,31.272928],[74.405012,31.273234],[74.404868,31.273661],[74.404439,31.273966],[74.404439,31.275857],[74.404582,31.275918],[74.404582,31.276346],[74.404725,31.276407],[74.404725,31.2772],[74.404582,31.277261],[74.404439,31.27781],[74.40401,31.278054],[74.403366,31.278054],[74.403152,31.278298],[74.402079,31.278664],[74.401721,31.27903],[74.40122,31.279152],[74.400863,31.279519],[74.400362,31.279641],[74.399432,31.280373],[74.398359,31.280739],[74.398001,31.281105],[74.397501,31.281227],[74.396571,31.282081],[74.395355,31.282569],[74.393709,31.283851],[74.393566,31.284095],[74.393566,31.285987],[74.393709,31.286048],[74.393709,31.286719],[74.394139,31.287512],[74.394139,31.288183],[74.393996,31.288244],[74.393852,31.289037],[74.393566,31.289221],[74.393566,31.289648],[74.392994,31.290258],[74.392779,31.290258]]]}},{"type":"Feature","properties":{"mauza":"Thay Panju","pulse_name":"Thay Panju","qanoongo_circle":"Pandoki","status":"matched","validation_iou_vs_pulse":0.957,"area_km2":10.806,"area_acres":2670,"area_kanal":21362,"perimeter_km":15.75,"centroid_lat":31.365549,"centroid_lng":74.344192,"inside_point_lat":31.365891,"inside_point_lng":74.342742,"parts":1,"bbox":[74.325002,31.339775,74.362772,31.388224]},"geometry":{"type":"Polygon","coordinates":[[[74.35265,31.388254],[74.352292,31.388254],[74.351362,31.387644],[74.35079,31.3874],[74.350289,31.3874],[74.350218,31.387278],[74.349717,31.3874],[74.349502,31.387644],[74.348572,31.387644],[74.348501,31.387522],[74.347714,31.3874],[74.346856,31.387034],[74.346212,31.386424],[74.345854,31.386424],[74.345139,31.385814],[74.345139,31.385509],[74.345282,31.385448],[74.345282,31.384288],[74.345139,31.384044],[74.343851,31.383495],[74.343207,31.382885],[74.341777,31.382275],[74.341133,31.382275],[74.341061,31.382152],[74.340418,31.38203],[74.340132,31.381786],[74.339988,31.381359],[74.339559,31.381054],[74.339559,31.380749],[74.337986,31.379468],[74.337986,31.377454],[74.336197,31.375929],[74.335697,31.375806],[74.335339,31.37544],[74.33305,31.374464],[74.332549,31.374464],[74.332335,31.37422],[74.331405,31.373976],[74.331405,31.373427],[74.331262,31.373366],[74.331262,31.372939],[74.331118,31.372878],[74.331118,31.371718],[74.330975,31.371657],[74.330975,31.371352],[74.330332,31.370803],[74.329545,31.370559],[74.32933,31.370315],[74.328543,31.370193],[74.327399,31.369705],[74.327399,31.368911],[74.327542,31.36885],[74.327542,31.368545],[74.327971,31.367752],[74.327971,31.367203],[74.327542,31.366471],[74.327256,31.366288],[74.327113,31.36586],[74.326827,31.365677],[74.326827,31.36403],[74.326111,31.363359],[74.326111,31.361833],[74.325968,31.361772],[74.325968,31.361223],[74.325825,31.361162],[74.325825,31.359881],[74.325682,31.35982],[74.325682,31.35927],[74.325539,31.359209],[74.325539,31.357806],[74.324967,31.35683],[74.325825,31.356097],[74.326183,31.356097],[74.32654,31.355853],[74.327041,31.355853],[74.327399,31.355609],[74.328043,31.355609],[74.328114,31.355731],[74.329473,31.355609],[74.329616,31.355731],[74.329688,31.355609],[74.330761,31.355487],[74.331118,31.355182],[74.331118,31.354755],[74.330403,31.354084],[74.330403,31.353657],[74.329974,31.353046],[74.330403,31.35268],[74.331047,31.352558],[74.331548,31.352131],[74.331834,31.351582],[74.332335,31.35146],[74.332549,31.351216],[74.333193,31.351094],[74.333551,31.350667],[74.333694,31.349873],[74.334123,31.349507],[74.335053,31.349385],[74.335697,31.348958],[74.335697,31.348653],[74.33584,31.348592],[74.33584,31.347555],[74.335697,31.347311],[74.336555,31.346883],[74.336698,31.346456],[74.337127,31.346151],[74.337127,31.345968],[74.337699,31.345419],[74.337699,31.345114],[74.337413,31.344809],[74.337413,31.344382],[74.33727,31.344321],[74.337127,31.342673],[74.336555,31.342124],[74.336555,31.341941],[74.336126,31.341636],[74.335983,31.341209],[74.335124,31.340415],[74.335124,31.339988],[74.335768,31.339866],[74.33584,31.339744],[74.33677,31.339744],[74.33677,31.339927],[74.33727,31.340476],[74.339631,31.340476],[74.340132,31.340721],[74.340275,31.340599],[74.340775,31.340599],[74.340847,31.340476],[74.341491,31.340599],[74.342993,31.342185],[74.343923,31.342551],[74.34428,31.342917],[74.345067,31.343161],[74.345067,31.343955],[74.345425,31.34426],[74.34564,31.34426],[74.345997,31.344626],[74.346498,31.344748],[74.346856,31.345114],[74.347213,31.345114],[74.347571,31.34548],[74.348072,31.345602],[74.348787,31.34609],[74.348787,31.346395],[74.349073,31.346578],[74.349073,31.34725],[74.349359,31.347555],[74.349359,31.348714],[74.349645,31.349202],[74.349932,31.349385],[74.349932,31.34969],[74.350218,31.349995],[74.350218,31.350667],[74.350504,31.35085],[74.350504,31.352619],[74.350647,31.35268],[74.350504,31.353229],[74.350647,31.353352],[74.350361,31.353657],[74.350361,31.353962],[74.350075,31.354145],[74.350075,31.354572],[74.350361,31.354877],[74.350218,31.356036],[74.350575,31.356463],[74.350933,31.356463],[74.351219,31.356708],[74.351219,31.357013],[74.351434,31.357196],[74.351791,31.357196],[74.353937,31.359026],[74.35408,31.359453],[74.354653,31.359881],[74.354653,31.360186],[74.356012,31.361345],[74.356656,31.361589],[74.357156,31.362077],[74.357657,31.362199],[74.357657,31.362382],[74.358086,31.362809],[74.358229,31.363603],[74.358945,31.364396],[74.358945,31.365555],[74.359231,31.36586],[74.359231,31.366288],[74.359803,31.367264],[74.360375,31.367691],[74.360518,31.368362],[74.361091,31.368911],[74.361377,31.369949],[74.361806,31.370498],[74.361663,31.371413],[74.362092,31.37184],[74.362092,31.372389],[74.362235,31.37245],[74.362235,31.372878],[74.362378,31.372939],[74.362235,31.374952],[74.362521,31.375135],[74.362807,31.375806],[74.362664,31.375868],[74.362521,31.376539],[74.361949,31.377027],[74.361234,31.377332],[74.360804,31.378064],[74.360804,31.378857],[74.360518,31.379285],[74.360518,31.379712],[74.360375,31.379773],[74.360375,31.3802],[74.360232,31.380261],[74.360232,31.380932],[74.359946,31.381359],[74.359946,31.381908],[74.359803,31.381969],[74.359374,31.383373],[74.359159,31.383373],[74.358945,31.383617],[74.358587,31.383617],[74.358372,31.383861],[74.3578,31.384105],[74.357442,31.384105],[74.356656,31.383495],[74.355153,31.384105],[74.35451,31.384654],[74.35451,31.384959],[74.354223,31.385386],[74.354223,31.385936],[74.354367,31.385997],[74.354223,31.386668],[74.353222,31.387461],[74.353079,31.387888],[74.35265,31.388254]]]}},{"type":"Feature","properties":{"mauza":"Asal Suleman","pulse_name":"Asal Suleman","qanoongo_circle":"Pandoki","status":"matched","validation_iou_vs_pulse":0.966,"area_km2":6.734,"area_acres":1664,"area_kanal":13312,"perimeter_km":13.47,"centroid_lat":31.320588,"centroid_lng":74.35253,"inside_point_lat":31.323056,"inside_point_lng":74.352042,"parts":1,"bbox":[74.336448,31.301333,74.366205,31.338798]},"geometry":{"type":"Polygon","coordinates":[[[74.352435,31.338829],[74.352292,31.338707],[74.352292,31.33828],[74.352006,31.337975],[74.352006,31.337426],[74.35172,31.337242],[74.35172,31.336693],[74.351434,31.33651],[74.351434,31.336083],[74.350647,31.33529],[74.349788,31.334924],[74.349002,31.334924],[74.348501,31.33468],[74.348,31.33468],[74.347642,31.334436],[74.347285,31.334436],[74.34707,31.334192],[74.346498,31.333947],[74.34614,31.333947],[74.345783,31.333703],[74.345282,31.333703],[74.344924,31.333459],[74.34428,31.333337],[74.344137,31.333215],[74.344137,31.332544],[74.34428,31.332483],[74.344137,31.331934],[74.343923,31.331751],[74.343565,31.331751],[74.343351,31.331507],[74.342993,31.331507],[74.342707,31.331263],[74.342707,31.330835],[74.342492,31.33053],[74.34099,31.33053],[74.340918,31.330652],[74.340132,31.330652],[74.339345,31.331019],[74.338987,31.331019],[74.338701,31.330774],[74.338701,31.330469],[74.337556,31.329188],[74.337556,31.328883],[74.33727,31.328639],[74.337485,31.328639],[74.338129,31.32809],[74.338129,31.324123],[74.340418,31.322171],[74.339416,31.321744],[74.339559,31.321072],[74.339416,31.321011],[74.338701,31.318876],[74.336841,31.315764],[74.336698,31.314116],[74.336555,31.314055],[74.336412,31.313018],[74.336984,31.312774],[74.337485,31.312774],[74.337556,31.312652],[74.338486,31.312652],[74.338772,31.312774],[74.338844,31.312652],[74.343207,31.312652],[74.343279,31.31253],[74.34378,31.31253],[74.343923,31.312652],[74.343994,31.31253],[74.344781,31.31253],[74.345139,31.312774],[74.346069,31.312774],[74.346426,31.313018],[74.346927,31.313018],[74.346999,31.31314],[74.347786,31.312774],[74.347857,31.312896],[74.34893,31.313018],[74.349431,31.313262],[74.350647,31.313262],[74.350718,31.31314],[74.351648,31.31314],[74.352149,31.312896],[74.354367,31.31253],[74.354438,31.312286],[74.354724,31.312103],[74.354724,31.311676],[74.354867,31.311615],[74.354867,31.308258],[74.35501,31.308197],[74.35501,31.307282],[74.355153,31.307221],[74.355153,31.30655],[74.35501,31.306489],[74.354867,31.305574],[74.354724,31.305513],[74.354724,31.302767],[74.354867,31.302706],[74.354867,31.302401],[74.355511,31.302279],[74.355726,31.302035],[74.356083,31.302035],[74.356298,31.30179],[74.356799,31.30179],[74.357013,31.301546],[74.357371,31.301546],[74.357729,31.301302],[74.35966,31.301424],[74.359731,31.301546],[74.360018,31.301424],[74.361806,31.301424],[74.362021,31.301668],[74.362593,31.301912],[74.36295,31.301912],[74.363237,31.302401],[74.363237,31.303316],[74.363952,31.303987],[74.363523,31.304719],[74.363523,31.307099],[74.363809,31.307526],[74.363952,31.308442],[74.363523,31.308808],[74.362021,31.30893],[74.361806,31.309174],[74.36152,31.309235],[74.36152,31.309784],[74.363093,31.311187],[74.363237,31.311615],[74.363952,31.312164],[74.364524,31.313201],[74.36481,31.313384],[74.36481,31.313567],[74.365096,31.31375],[74.365096,31.313933],[74.365383,31.314116],[74.365383,31.314299],[74.365669,31.314482],[74.365812,31.31491],[74.366241,31.315337],[74.366241,31.315764],[74.365812,31.316313],[74.365812,31.317594],[74.366098,31.318022],[74.366098,31.318815],[74.366241,31.318876],[74.366241,31.319791],[74.365812,31.320218],[74.365812,31.321256],[74.365669,31.321317],[74.365812,31.321622],[74.363952,31.323269],[74.363952,31.326137],[74.364095,31.326381],[74.363952,31.326442],[74.363809,31.327357],[74.363523,31.32754],[74.363237,31.328212],[74.362664,31.328639],[74.362664,31.328822],[74.362378,31.329066],[74.362164,31.329066],[74.36152,31.329615],[74.36152,31.329798],[74.360661,31.33053],[74.357013,31.331995],[74.356799,31.332239],[74.356584,31.332239],[74.35594,31.332666],[74.35594,31.333093],[74.356369,31.333764],[74.356369,31.33529],[74.356226,31.335351],[74.356226,31.335656],[74.356513,31.335961],[74.356513,31.33712],[74.356155,31.33712],[74.355797,31.337365],[74.35544,31.337365],[74.354939,31.337609],[74.354295,31.337609],[74.353794,31.338036],[74.353651,31.338463],[74.353222,31.338829],[74.352435,31.338829]]]}},{"type":"Feature","properties":{"mauza":"Khund","pulse_name":"Khand","qanoongo_circle":"Pandoki","status":"matched (PULSE: Khand)","validation_iou_vs_pulse":0.952,"area_km2":2.228,"area_acres":551,"area_kanal":4405,"perimeter_km":6.74,"centroid_lat":31.307462,"centroid_lng":74.345363,"inside_point_lat":31.306947,"inside_point_lng":74.348179,"parts":1,"bbox":[74.333443,31.300601,74.355046,31.31317]},"geometry":{"type":"Polygon","coordinates":[[[74.354653,31.312103],[74.354367,31.312286],[74.354367,31.312469],[74.352149,31.312835],[74.351648,31.313079],[74.350718,31.313079],[74.350647,31.313201],[74.349431,31.313201],[74.349359,31.313079],[74.347857,31.312835],[74.347786,31.312713],[74.346999,31.313079],[74.346927,31.312957],[74.346426,31.312957],[74.346069,31.312713],[74.345139,31.312713],[74.344781,31.312469],[74.343994,31.312469],[74.343923,31.312591],[74.34378,31.312469],[74.343279,31.312469],[74.343207,31.312591],[74.338844,31.312591],[74.338772,31.312713],[74.338486,31.312591],[74.337556,31.312591],[74.337485,31.312713],[74.336984,31.312713],[74.336626,31.312957],[74.336412,31.312957],[74.336197,31.312713],[74.334266,31.312835],[74.333908,31.312591],[74.333408,31.312591],[74.333694,31.312469],[74.334123,31.311553],[74.334409,31.31137],[74.334552,31.310821],[74.334981,31.31015],[74.334838,31.309723],[74.334552,31.30954],[74.334266,31.308991],[74.335267,31.308564],[74.335267,31.30594],[74.33541,31.305879],[74.33541,31.305452],[74.33584,31.304902],[74.33584,31.304475],[74.335983,31.304414],[74.336126,31.303743],[74.336412,31.303438],[74.336412,31.303133],[74.336698,31.302706],[74.336698,31.302279],[74.337771,31.302279],[74.337914,31.302828],[74.339273,31.303743],[74.339774,31.303743],[74.340132,31.303987],[74.341205,31.303987],[74.341276,31.304109],[74.341419,31.303987],[74.342206,31.303987],[74.342707,31.303682],[74.342707,31.303377],[74.342993,31.303194],[74.343136,31.302645],[74.343994,31.30179],[74.344209,31.30179],[74.344424,31.301546],[74.345568,31.301058],[74.346069,31.301058],[74.34614,31.300936],[74.346927,31.300814],[74.347285,31.30057],[74.349073,31.30057],[74.349574,31.300814],[74.350218,31.300814],[74.350289,31.300936],[74.351076,31.301058],[74.351434,31.301302],[74.351934,31.301302],[74.352578,31.301668],[74.352936,31.301668],[74.353007,31.30179],[74.353365,31.30179],[74.353437,31.301912],[74.353794,31.301912],[74.354152,31.302157],[74.354796,31.302279],[74.354796,31.302706],[74.354653,31.302767],[74.354653,31.305513],[74.354796,31.305574],[74.354796,31.306123],[74.355082,31.30655],[74.355082,31.307221],[74.354939,31.307282],[74.354939,31.308197],[74.354796,31.308258],[74.354796,31.311615],[74.354653,31.311676],[74.354653,31.312103]]]}},{"type":"Feature","properties":{"mauza":"Baddoki","pulse_name":"Baddoki","qanoongo_circle":"Pandoki","status":"matched","validation_iou_vs_pulse":0.956,"area_km2":5.702,"area_acres":1409,"area_kanal":11272,"perimeter_km":14.17,"centroid_lat":31.320418,"centroid_lng":74.370893,"inside_point_lat":31.311096,"inside_point_lng":74.372643,"parts":1,"bbox":[74.356048,31.302065,74.38509,31.340385]},"geometry":{"type":"Polygon","coordinates":[[[74.379117,31.340415],[74.37833,31.340171],[74.377972,31.339805],[74.377758,31.339805],[74.376685,31.339073],[74.375612,31.339073],[74.37554,31.339195],[74.374324,31.339073],[74.374109,31.338829],[74.373609,31.338707],[74.373251,31.338341],[74.373037,31.338341],[74.372536,31.337853],[74.372321,31.337853],[74.372107,31.337609],[74.370962,31.33712],[74.36946,31.33712],[74.369388,31.336998],[74.368458,31.336876],[74.367958,31.336632],[74.366599,31.33651],[74.365812,31.336876],[74.364596,31.336876],[74.364238,31.336632],[74.363737,31.336632],[74.36338,31.336388],[74.362593,31.33651],[74.362521,31.336388],[74.361877,31.336388],[74.361806,31.336266],[74.359159,31.336266],[74.358658,31.336693],[74.358658,31.336998],[74.358372,31.337242],[74.357013,31.337242],[74.356584,31.336998],[74.356584,31.335961],[74.356298,31.335656],[74.356298,31.335351],[74.356441,31.33529],[74.356441,31.333764],[74.356155,31.333459],[74.356012,31.332666],[74.356369,31.332544],[74.356584,31.3323],[74.356799,31.3323],[74.357013,31.332056],[74.360661,31.330591],[74.361591,31.329798],[74.361591,31.329615],[74.362164,31.329127],[74.362378,31.329127],[74.362736,31.328822],[74.362736,31.328639],[74.363308,31.328212],[74.363594,31.32754],[74.36388,31.327357],[74.364023,31.326442],[74.364166,31.326381],[74.364023,31.326137],[74.364023,31.323269],[74.365883,31.321622],[74.36574,31.3215],[74.365883,31.321256],[74.365883,31.320218],[74.366312,31.319791],[74.366169,31.318022],[74.365883,31.317594],[74.365883,31.316313],[74.366312,31.315764],[74.366312,31.315337],[74.365883,31.31491],[74.365454,31.314116],[74.365168,31.313933],[74.365168,31.31375],[74.364882,31.313567],[74.364882,31.313384],[74.364596,31.313201],[74.364023,31.312164],[74.363308,31.311615],[74.363165,31.311187],[74.361591,31.309784],[74.361591,31.309235],[74.361806,31.309235],[74.362021,31.308991],[74.363523,31.308869],[74.364023,31.308442],[74.36388,31.307526],[74.363594,31.307099],[74.363594,31.304719],[74.363737,31.304658],[74.36388,31.304109],[74.364238,31.303987],[74.364739,31.30356],[74.364739,31.303377],[74.365311,31.302828],[74.365311,31.302523],[74.365597,31.30234],[74.36574,31.302035],[74.366384,31.302157],[74.366527,31.30295],[74.367028,31.303377],[74.367385,31.303377],[74.368315,31.303011],[74.368959,31.303011],[74.369317,31.302767],[74.370819,31.302645],[74.370891,31.302523],[74.371964,31.302645],[74.372893,31.303011],[74.37368,31.303011],[74.373752,31.303133],[74.373895,31.303011],[74.374968,31.303011],[74.375254,31.303133],[74.376255,31.303987],[74.376542,31.304536],[74.377829,31.305574],[74.377972,31.306001],[74.379188,31.307038],[74.380404,31.306916],[74.380762,31.30716],[74.381978,31.30716],[74.382336,31.307404],[74.383123,31.307526],[74.383981,31.309174],[74.38441,31.309479],[74.384696,31.309967],[74.384696,31.310272],[74.385126,31.310821],[74.385126,31.311492],[74.38441,31.311798],[74.384267,31.313323],[74.383981,31.31375],[74.383981,31.314299],[74.38441,31.315032],[74.384124,31.315154],[74.383051,31.315154],[74.382693,31.314787],[74.38205,31.314665],[74.381692,31.31491],[74.381334,31.31491],[74.38112,31.315154],[74.380476,31.315154],[74.379832,31.315642],[74.379188,31.315642],[74.378831,31.315886],[74.378473,31.315886],[74.378115,31.316191],[74.377829,31.316862],[74.377543,31.317045],[74.377543,31.317716],[74.377829,31.317899],[74.377829,31.318815],[74.377543,31.319242],[74.377543,31.319669],[74.377257,31.319974],[74.377257,31.320523],[74.376971,31.32095],[74.376971,31.321378],[74.376685,31.321683],[74.376399,31.322964],[74.376112,31.323147],[74.375969,31.323452],[74.375326,31.323696],[74.374109,31.324734],[74.374109,31.324917],[74.373108,31.325588],[74.373108,31.326137],[74.373537,31.326442],[74.373537,31.326625],[74.374109,31.327174],[74.374109,31.327479],[74.374682,31.328395],[74.374825,31.329432],[74.375111,31.329737],[74.375111,31.330286],[74.37554,31.330835],[74.37554,31.331385],[74.375826,31.331812],[74.375826,31.332361],[74.376112,31.332544],[74.376112,31.332849],[74.376685,31.333764],[74.376685,31.33407],[74.376971,31.334253],[74.377829,31.3359],[74.378401,31.336327],[74.378401,31.33651],[74.378831,31.336815],[74.378831,31.336998],[74.380261,31.338036],[74.380261,31.338463],[74.379832,31.339134],[74.379832,31.339439],[74.379117,31.340415]]]}},{"type":"Feature","properties":{"mauza":"Ladhaky Bhular","pulse_name":"Ladhaky Bhular","qanoongo_circle":"Pandoki","status":"matched","validation_iou_vs_pulse":0.942,"area_km2":5.453,"area_acres":1348,"area_kanal":10781,"perimeter_km":16.53,"centroid_lat":31.29744,"centroid_lng":74.379171,"inside_point_lat":31.296451,"inside_point_lng":74.380512,"parts":1,"bbox":[74.357907,31.284003,74.400112,31.313293]},"geometry":{"type":"Polygon","coordinates":[[[74.389274,31.313323],[74.388344,31.313323],[74.387415,31.312591],[74.386914,31.312469],[74.38627,31.311859],[74.386055,31.311859],[74.385555,31.311492],[74.385197,31.311492],[74.385197,31.310821],[74.384768,31.310272],[74.384768,31.309967],[74.384482,31.309479],[74.384053,31.309174],[74.383337,31.307953],[74.383337,31.307648],[74.383123,31.307465],[74.382336,31.307343],[74.381978,31.307099],[74.380762,31.307099],[74.380404,31.306855],[74.379188,31.306977],[74.378044,31.306001],[74.377901,31.305574],[74.376613,31.304536],[74.376327,31.303987],[74.374968,31.30295],[74.373895,31.30295],[74.373752,31.303072],[74.37368,31.30295],[74.372893,31.30295],[74.371964,31.302584],[74.370891,31.302462],[74.370819,31.302584],[74.369317,31.302706],[74.368959,31.30295],[74.368315,31.30295],[74.368244,31.303072],[74.367028,31.303316],[74.366599,31.30295],[74.366456,31.302157],[74.366098,31.301974],[74.36574,31.301974],[74.365239,31.302523],[74.365239,31.302828],[74.364953,31.303011],[74.364667,31.30356],[74.364238,31.303926],[74.36388,31.303926],[74.363308,31.303316],[74.363308,31.302401],[74.36295,31.301851],[74.362593,31.301851],[74.362021,31.301607],[74.361806,31.301363],[74.360018,31.301363],[74.359946,31.301485],[74.35966,31.301363],[74.358444,31.301363],[74.358372,31.301241],[74.358015,31.301241],[74.358015,31.300936],[74.357872,31.300875],[74.357872,31.298251],[74.358158,31.297763],[74.359088,31.297397],[74.359302,31.297153],[74.359803,31.297153],[74.360161,31.296909],[74.360948,31.296909],[74.361448,31.296665],[74.364238,31.296665],[74.364596,31.29636],[74.365025,31.295567],[74.366169,31.294529],[74.366169,31.294346],[74.366885,31.293919],[74.367028,31.29337],[74.366742,31.292943],[74.366742,31.292149],[74.367171,31.291783],[74.367529,31.291783],[74.368387,31.291417],[74.368888,31.290929],[74.369102,31.290929],[74.36946,31.290563],[74.369674,31.290563],[74.370032,31.290197],[74.370533,31.290075],[74.370747,31.289831],[74.37225,31.289343],[74.374038,31.288],[74.374539,31.288],[74.375111,31.288244],[74.375397,31.288793],[74.375755,31.289099],[74.376828,31.289099],[74.376899,31.288976],[74.377257,31.288976],[74.377615,31.288549],[74.377472,31.287024],[74.377328,31.286963],[74.377472,31.285437],[74.377615,31.285376],[74.377615,31.284949],[74.378187,31.283973],[74.380404,31.284827],[74.380619,31.285071],[74.380977,31.285071],[74.381907,31.285926],[74.386127,31.285803],[74.386198,31.285926],[74.387271,31.286048],[74.388201,31.287024],[74.388845,31.287146],[74.389704,31.287878],[74.389704,31.288061],[74.39049,31.288732],[74.390705,31.288732],[74.390848,31.28916],[74.391778,31.289953],[74.392136,31.289953],[74.392994,31.290441],[74.392994,31.291112],[74.392708,31.291295],[74.392708,31.291966],[74.392136,31.292882],[74.392136,31.293309],[74.39185,31.293614],[74.391706,31.294529],[74.391492,31.294529],[74.390705,31.2952],[74.390705,31.295383],[74.390419,31.295567],[74.390133,31.296055],[74.38999,31.298068],[74.389847,31.298129],[74.389847,31.298923],[74.390061,31.299106],[74.390848,31.299228],[74.39092,31.29935],[74.397286,31.29935],[74.397358,31.299228],[74.399289,31.299106],[74.39936,31.299228],[74.399718,31.299228],[74.399861,31.299472],[74.399861,31.300631],[74.400004,31.300692],[74.400147,31.301241],[74.39979,31.301363],[74.398001,31.302889],[74.398001,31.303072],[74.394139,31.30478],[74.393781,31.30478],[74.393423,31.305146],[74.392923,31.305269],[74.392136,31.306001],[74.391635,31.306123],[74.391277,31.306428],[74.391277,31.307221],[74.391134,31.307465],[74.39092,31.307465],[74.390705,31.307709],[74.390347,31.307709],[74.389561,31.308381],[74.389561,31.309174],[74.389704,31.309235],[74.389704,31.309784],[74.389847,31.309845],[74.389847,31.31137],[74.389704,31.311431],[74.389847,31.312225],[74.389561,31.31253],[74.389561,31.312957],[74.389274,31.313323]],[[74.387701,31.302218],[74.388344,31.302767],[74.388988,31.302767],[74.38906,31.302889],[74.389274,31.302767],[74.389775,31.303255],[74.390133,31.303255],[74.390848,31.303865],[74.390848,31.30417],[74.391134,31.304353],[74.391134,31.305024],[74.39185,31.305574],[74.392493,31.304963],[74.392851,31.304963],[74.393352,31.304475],[74.393709,31.304475],[74.393924,31.304231],[74.394282,31.304231],[74.394496,31.303987],[74.394854,31.303987],[74.395069,31.303743],[74.395426,31.303743],[74.395641,31.303499],[74.395998,31.303499],[74.396213,31.303255],[74.396571,31.303255],[74.396785,31.303011],[74.397286,31.302889],[74.399504,31.300997],[74.399504,31.300204],[74.39886,31.299655],[74.398574,31.299777],[74.394925,31.299777],[74.394854,31.299899],[74.394568,31.299777],[74.394425,31.299899],[74.393781,31.299899],[74.393709,31.299777],[74.390777,31.299777],[74.390705,31.299655],[74.389632,31.299655],[74.388988,31.300204],[74.388845,31.300448],[74.388988,31.300631],[74.388631,31.300753],[74.387701,31.301546],[74.387701,31.302218]]]}},{"type":"Feature","properties":{"mauza":"Sadhoki","pulse_name":"Sadhoki","qanoongo_circle":"Pandoki","status":"matched","validation_iou_vs_pulse":0.952,"area_km2":14.815,"area_acres":3661,"area_kanal":29287,"perimeter_km":20.85,"centroid_lat":31.396341,"centroid_lng":74.27347,"inside_point_lat":31.393105,"inside_point_lng":74.280652,"parts":1,"bbox":[74.245029,31.378339,74.308836,31.424713]},"geometry":{"type":"Polygon","coordinates":[[[74.247282,31.420716],[74.248713,31.41852],[74.249142,31.417116],[74.249428,31.416811],[74.249428,31.416506],[74.249571,31.416445],[74.249571,31.41614],[74.250001,31.415347],[74.250287,31.413943],[74.25043,31.413882],[74.250716,31.411137],[74.250859,31.411075],[74.250859,31.410648],[74.251002,31.410587],[74.251002,31.41016],[74.251145,31.410099],[74.251145,31.409672],[74.251288,31.409611],[74.251288,31.409184],[74.251431,31.409123],[74.251431,31.404791],[74.251288,31.40473],[74.251288,31.40357],[74.251145,31.403509],[74.251002,31.400031],[74.250287,31.398994],[74.250144,31.397834],[74.250001,31.397773],[74.250001,31.397346],[74.25043,31.396736],[74.250144,31.396675],[74.249714,31.396187],[74.249714,31.395516],[74.248999,31.394356],[74.248999,31.393929],[74.248856,31.393868],[74.248856,31.393441],[74.24857,31.393014],[74.24857,31.392587],[74.248427,31.392526],[74.248284,31.39161],[74.247998,31.391183],[74.247855,31.390268],[74.24764,31.389963],[74.246567,31.389597],[74.245637,31.390207],[74.245423,31.390207],[74.245208,31.390451],[74.244993,31.390451],[74.245279,31.389536],[74.246138,31.388804],[74.246639,31.388682],[74.246996,31.388315],[74.247497,31.388193],[74.247855,31.387827],[74.248355,31.387705],[74.248713,31.387339],[74.249214,31.387217],[74.249571,31.386851],[74.250072,31.386729],[74.25043,31.386363],[74.250931,31.386241],[74.251288,31.385875],[74.251789,31.385753],[74.252147,31.385386],[74.252647,31.385264],[74.253005,31.384898],[74.253506,31.384776],[74.253863,31.38441],[74.254364,31.384288],[74.254579,31.384044],[74.255509,31.383922],[74.25558,31.3838],[74.257082,31.383678],[74.257154,31.383556],[74.258084,31.383556],[74.258155,31.383434],[74.258799,31.383434],[74.258871,31.383312],[74.259944,31.383312],[74.260301,31.383068],[74.26166,31.383068],[74.262018,31.382824],[74.262805,31.382824],[74.263306,31.38258],[74.264236,31.38258],[74.264307,31.382458],[74.264951,31.382458],[74.265022,31.382336],[74.269243,31.382336],[74.269314,31.382458],[74.270101,31.382458],[74.270173,31.38258],[74.272104,31.38258],[74.272605,31.382336],[74.273392,31.382336],[74.274465,31.381847],[74.274965,31.381847],[74.275323,31.381603],[74.27611,31.381481],[74.276754,31.381115],[74.277254,31.381115],[74.277612,31.380871],[74.27797,31.380871],[74.278471,31.380505],[74.279973,31.380017],[74.28033,31.379651],[74.280545,31.379651],[74.280903,31.379285],[74.281117,31.379285],[74.282047,31.378552],[74.282619,31.378308],[74.283406,31.378308],[74.283478,31.37843],[74.284122,31.37843],[74.284193,31.378552],[74.285123,31.378674],[74.285338,31.378918],[74.285695,31.378918],[74.286196,31.379407],[74.286554,31.379407],[74.287054,31.379895],[74.287412,31.379895],[74.287913,31.380383],[74.28827,31.380383],[74.288557,31.380932],[74.288843,31.381115],[74.288986,31.381664],[74.289558,31.382213],[74.289558,31.383129],[74.290059,31.383556],[74.290703,31.3838],[74.290703,31.383983],[74.291275,31.38441],[74.291418,31.384837],[74.292062,31.385264],[74.292562,31.385264],[74.292634,31.385386],[74.29292,31.385264],[74.293421,31.385264],[74.293492,31.385386],[74.296139,31.385264],[74.296497,31.385509],[74.297999,31.385631],[74.298357,31.385325],[74.2985,31.384898],[74.299859,31.384654],[74.29993,31.384776],[74.300431,31.384776],[74.300431,31.386424],[74.300932,31.386729],[74.302291,31.386729],[74.302362,31.386607],[74.30272,31.386607],[74.302935,31.386363],[74.303865,31.385997],[74.304365,31.38557],[74.304508,31.385142],[74.305152,31.385142],[74.306011,31.385509],[74.306011,31.385692],[74.306583,31.386241],[74.306583,31.386546],[74.306869,31.386729],[74.308872,31.390146],[74.308872,31.390573],[74.308729,31.390695],[74.306511,31.390695],[74.30644,31.390817],[74.306082,31.390817],[74.305724,31.391122],[74.305724,31.391427],[74.305009,31.391977],[74.305009,31.39216],[74.30458,31.392465],[74.30458,31.392648],[74.304008,31.393075],[74.303865,31.393624],[74.303578,31.393807],[74.303578,31.394356],[74.303292,31.394539],[74.303292,31.394844],[74.303006,31.395333],[74.30272,31.395516],[74.302577,31.396309],[74.301862,31.397102],[74.301862,31.397285],[74.301576,31.397468],[74.300288,31.399665],[74.300002,31.400702],[74.299,31.402411],[74.298142,31.403082],[74.298142,31.403265],[74.297427,31.403875],[74.297212,31.403875],[74.296711,31.404363],[74.296354,31.404363],[74.295567,31.405035],[74.295424,31.40534],[74.295209,31.40534],[74.294136,31.406194],[74.293349,31.406438],[74.292849,31.406926],[74.292562,31.406682],[74.292205,31.406682],[74.292133,31.40656],[74.291776,31.40656],[74.291203,31.406316],[74.290488,31.405096],[74.290488,31.404791],[74.289844,31.403875],[74.289057,31.403875],[74.2887,31.404119],[74.28777,31.404241],[74.286411,31.404852],[74.284622,31.404852],[74.284265,31.405096],[74.282906,31.405218],[74.282834,31.40534],[74.282333,31.40534],[74.282262,31.405462],[74.281904,31.405462],[74.281833,31.405584],[74.281475,31.405584],[74.280545,31.40595],[74.280044,31.40595],[74.279973,31.406072],[74.278471,31.406438],[74.277254,31.407292],[74.276611,31.406804],[74.276611,31.406499],[74.276182,31.406072],[74.275824,31.40534],[74.275252,31.405584],[74.274679,31.40534],[74.274322,31.40534],[74.273964,31.405584],[74.273177,31.405706],[74.272819,31.40595],[74.271174,31.405828],[74.271103,31.40595],[74.27003,31.406072],[74.269672,31.406316],[74.268885,31.406438],[74.267097,31.407292],[74.265452,31.407658],[74.264879,31.407902],[74.264665,31.408147],[74.26445,31.408147],[74.262805,31.40955],[74.26209,31.410709],[74.26166,31.411014],[74.26166,31.411198],[74.261088,31.411625],[74.261088,31.411808],[74.260659,31.412113],[74.260659,31.412296],[74.259657,31.413211],[74.259228,31.414004],[74.258942,31.414187],[74.258513,31.414981],[74.258227,31.415164],[74.258084,31.415713],[74.257941,31.415774],[74.257941,31.419008],[74.257798,31.419069],[74.257798,31.420472],[74.257655,31.420533],[74.257798,31.422059],[74.257655,31.42212],[74.257368,31.424744],[74.25651,31.424378],[74.256152,31.424378],[74.255795,31.424134],[74.255437,31.424134],[74.254793,31.423767],[74.254436,31.423767],[74.253792,31.423401],[74.252719,31.423157],[74.252075,31.422791],[74.251717,31.422791],[74.247712,31.421083],[74.247282,31.420716]]]}},{"type":"Feature","properties":{"mauza":"Halloki","pulse_name":null,"qanoongo_circle":"Pandoki","status":"matched","area_km2":14.23,"area_acres":3516,"area_kanal":28131,"perimeter_km":22.96,"centroid_lat":31.369316,"centroid_lng":74.278215,"inside_point_lat":31.363694,"inside_point_lng":74.279651,"parts":1,"bbox":[74.243169,31.347707,74.31184,31.391519]},"geometry":{"type":"Polygon","coordinates":[[[74.296997,31.349629],[74.297141,31.350301],[74.297427,31.350606],[74.297427,31.352741],[74.298142,31.353413],[74.298571,31.35445],[74.297856,31.354999],[74.297856,31.355548],[74.298142,31.355975],[74.297999,31.356524],[74.297856,31.356647],[74.29664,31.356769],[74.296282,31.357074],[74.296282,31.357501],[74.295996,31.357928],[74.296139,31.359453],[74.296282,31.359514],[74.296425,31.360064],[74.296997,31.360613],[74.296997,31.360918],[74.296282,31.361467],[74.296282,31.36226],[74.296711,31.362809],[74.296568,31.364335],[74.295424,31.36641],[74.295138,31.366654],[74.294637,31.366776],[74.294279,31.367081],[74.294279,31.367264],[74.293707,31.367691],[74.293421,31.368606],[74.293278,31.368667],[74.293278,31.369094],[74.29385,31.369644],[74.29385,31.370559],[74.294136,31.370986],[74.294136,31.371413],[74.294422,31.371596],[74.295281,31.373061],[74.295281,31.373732],[74.296711,31.37599],[74.296711,31.376417],[74.297498,31.376966],[74.297713,31.376966],[74.2985,31.377942],[74.300359,31.378674],[74.303865,31.378918],[74.305867,31.379773],[74.306082,31.380017],[74.30644,31.380017],[74.307012,31.380261],[74.307227,31.380505],[74.307584,31.380505],[74.307799,31.380749],[74.309015,31.380871],[74.309659,31.381237],[74.310303,31.381359],[74.310303,31.381786],[74.310159,31.381847],[74.310303,31.382763],[74.310875,31.383312],[74.311018,31.383739],[74.311876,31.38441],[74.31159,31.385692],[74.311304,31.385875],[74.311304,31.386424],[74.311018,31.386729],[74.311018,31.3874],[74.310732,31.387705],[74.310875,31.388865],[74.311733,31.390024],[74.311447,31.391549],[74.311089,31.391549],[74.310589,31.391305],[74.310088,31.391305],[74.309516,31.391061],[74.309158,31.390695],[74.308943,31.390695],[74.308943,31.390146],[74.30694,31.386729],[74.306654,31.386546],[74.306654,31.386241],[74.306368,31.386058],[74.306011,31.385448],[74.305152,31.385081],[74.304508,31.385081],[74.304365,31.384532],[74.304151,31.384349],[74.303364,31.384105],[74.303292,31.384227],[74.301075,31.384349],[74.300574,31.384715],[74.299501,31.384593],[74.29943,31.384715],[74.2985,31.384837],[74.298285,31.385325],[74.297999,31.38557],[74.296497,31.385448],[74.296139,31.385203],[74.29478,31.385203],[74.294708,31.385325],[74.293492,31.385325],[74.293421,31.385203],[74.292634,31.385325],[74.292562,31.385203],[74.292062,31.385203],[74.291847,31.384959],[74.291489,31.384837],[74.291346,31.38441],[74.290774,31.383983],[74.290774,31.3838],[74.290059,31.383495],[74.28963,31.383129],[74.28963,31.382213],[74.289057,31.381664],[74.288914,31.381115],[74.288628,31.380932],[74.28827,31.380322],[74.287913,31.380322],[74.287412,31.379834],[74.287054,31.379834],[74.286554,31.379346],[74.286196,31.379346],[74.285695,31.378857],[74.285338,31.378857],[74.285123,31.378613],[74.284765,31.378613],[74.284694,31.378491],[74.283478,31.378369],[74.283406,31.378247],[74.282619,31.378247],[74.282047,31.378491],[74.281546,31.378979],[74.280903,31.379224],[74.279973,31.379956],[74.279329,31.380078],[74.27797,31.38081],[74.277612,31.38081],[74.277254,31.381054],[74.276754,31.381054],[74.27611,31.38142],[74.275323,31.381542],[74.274965,31.381786],[74.274465,31.381786],[74.273392,31.382275],[74.272605,31.382275],[74.272104,31.382519],[74.270173,31.382519],[74.270101,31.382397],[74.269314,31.382397],[74.269243,31.382275],[74.265022,31.382275],[74.264951,31.382397],[74.264307,31.382397],[74.264236,31.382519],[74.263306,31.382519],[74.262805,31.382763],[74.262018,31.382763],[74.26166,31.383007],[74.260301,31.383007],[74.259944,31.383251],[74.258871,31.383251],[74.258799,31.383373],[74.257154,31.383495],[74.257082,31.383617],[74.25558,31.383739],[74.255509,31.383861],[74.254579,31.383983],[74.254364,31.384227],[74.253863,31.384349],[74.253506,31.384715],[74.253005,31.384837],[74.252647,31.385203],[74.252147,31.385325],[74.251789,31.385692],[74.251288,31.385814],[74.250931,31.38618],[74.25043,31.386302],[74.250072,31.386668],[74.249571,31.38679],[74.249214,31.387156],[74.248713,31.387278],[74.248355,31.387644],[74.247855,31.387766],[74.247497,31.388132],[74.246996,31.388254],[74.246639,31.38862],[74.246138,31.388743],[74.245208,31.389536],[74.245065,31.390085],[74.244922,31.390146],[74.244922,31.390573],[74.243706,31.389597],[74.243133,31.386607],[74.244278,31.385692],[74.245423,31.379773],[74.24578,31.379651],[74.245995,31.379407],[74.246209,31.379407],[74.246424,31.379163],[74.246925,31.379041],[74.247139,31.378796],[74.247354,31.378796],[74.248856,31.37782],[74.249357,31.377698],[74.249571,31.377454],[74.249786,31.377454],[74.251288,31.376478],[74.251789,31.376356],[74.252004,31.376112],[74.252218,31.376112],[74.25372,31.375135],[74.254221,31.375013],[74.254436,31.374769],[74.255079,31.374525],[74.255437,31.373915],[74.255723,31.373732],[74.255866,31.373305],[74.256152,31.373122],[74.256295,31.372695],[74.256582,31.372511],[74.256725,31.372084],[74.257011,31.371901],[74.257154,31.371474],[74.25744,31.371291],[74.257583,31.370864],[74.257869,31.370681],[74.258012,31.370254],[74.258298,31.370071],[74.258441,31.369644],[74.258728,31.3694],[74.258942,31.3694],[74.2593,31.369033],[74.259944,31.368789],[74.260301,31.368423],[74.260945,31.368179],[74.261303,31.367813],[74.261947,31.367569],[74.262304,31.367203],[74.26259,31.367142],[74.264879,31.363237],[74.264879,31.353901],[74.265809,31.353535],[74.266024,31.35329],[74.266811,31.353046],[74.267025,31.352802],[74.268814,31.35207],[74.273463,31.348043],[74.278685,31.348043],[74.281475,31.350972],[74.286697,31.350972],[74.289487,31.349019],[74.290989,31.348775],[74.29106,31.348653],[74.291561,31.348653],[74.291633,31.348531],[74.292133,31.348531],[74.292205,31.348409],[74.292706,31.348409],[74.292777,31.348287],[74.293278,31.348287],[74.293349,31.348165],[74.29385,31.348165],[74.294351,31.34786],[74.294351,31.347677],[74.294923,31.348165],[74.295567,31.348409],[74.296997,31.349629]]]}}],"metadata":{"admin_level":"Mouza","tehsil":"Nishtar","district":"Lahore","count":42,"source":"User-produced screen-trace of PULSE's own rendered mouza boundary lines (lis.pulse.gop.pk), cross-referenced against the official Patwari (revenue) 42-mouza list for Tehsil Nishtar","supersedes":"mouzas_nishtar_estimated.geojson (10 point-only estimates, removed -- all 10 now have full traced polygons here), and extends mouzas_nishtar.geojson (31 PULSE-API polygons, kept as the ground-truth cross-check reference) to the complete official 42-mouza set","status_categories":{"matched":"31 mouzas -- traced directly off a PULSE-rendered boundary line matching this Patwari name (or a resolved alternate PULSE spelling, see pulse_name)","split estimated from official map":"4 mouzas (Dulu Kalan, Dulu Khurd, Gajjumatta, Kahna Kohna) -- PULSE renders these as part of one larger neighbouring polygon; split into the Patwari-named pieces using the Patwari sketch map as a guide","matched + centre part estimated from official map":"1 mouza (Kahna Nou) -- mostly a matched PULSE line, with a gap in the middle filled from the Patwari map","matched - area less certain (gap in PULSE line)":"1 mouza (Kot Pars Ram) -- PULSE's own rendered line has a gap here"},"validation":{"method":"Independently reproduced by this project: (1) geometry validity check (all 42 valid, no self-intersections), (2) per-mouza IoU against the 31 real polygons already in mouzas_nishtar.geojson (PULSE ArcGIS 'Mouzas (Tentative)' layer) for every name that matches, (3) area-sum and union/coverage check against the authoritative tehsil_nishtar.geojson, (4) point-in-polygon check of this project's own independently-derived (sketch-georeferenced) estimated centroids for the 10 previously-unmapped mouzas.","iou_vs_pulse_31":"mean 0.921, median 0.956; 29 of 31 at or above 0.85 IoU. The two exceptions are both self-explained by this dataset's own status field: Dulu Khurd (IoU 0.277) is genuinely a split of a single larger PULSE polygon -- Dulu Khurd + Dulu Kalan's areas here sum to 12.21 km2 vs PULSE's single Dulu Khurd polygon at 12.41 km2 (1.7% apart); Kot Pars Ram (IoU 0.692) is flagged by the source itself as uncertain due to a gap in PULSE's own rendered line.","area_sum_check":"Sum of all 42 mouza areas = 235.49 km2 vs authoritative tehsil area 238.01 km2 (1.1% apart, expected given mouzas don't perfectly tile to the tehsil edge).","coverage_check":"Union of all 42 mouza polygons is 233.16 km2 with only 0.002% mutual overlap (clean tiling, no double-counting). 98.3% of the authoritative tehsil area is covered by at least one mouza; the union extends only 0.34% beyond the tehsil boundary (edge imprecision).","estimated_centroid_agreement":"All 10 of this project's own sketch-georeferenced point estimates (previously in mouzas_nishtar_estimated.geojson, now removed) fall inside the corresponding polygon here -- two independently-derived methods (affine sketch transform vs. PULSE screen-trace) agree on location for every previously-unmapped mouza.","source_screenshots":"4 screenshots of PULSE's own rendered map (yellow boundary lines on a Google-style basemap) were provided alongside this data and visually confirm mouza names/boundaries not returned by this project's original ArcGIS attribute query, incl. Kamahan, Gajju Matah, Dulu Khurd, Dev Khurd Kalan, Bhallar, Kahna Nau, Kahna Purana -- consistent with this dataset's 11 gap-filling mouzas."},"confidence":"High for the 31 'matched' mouzas (mean 92% IoU against independent PULSE ground truth). Moderate for the 4 'split estimated' and 1 'centre part estimated' mouzas (internal split line is estimated, not traced from PULSE). This is the best available boundary data for all 42 Tehsil Nishtar mouzas pending real field GPS verification (see android-field-app/).","retrieved":"2026-09-22"}}