{
  "type": "FeatureCollection",
  "metadata": {
    "admin_level": "Mouza",
    "tehsil": "Nishtar",
    "district": "Lahore",
    "source": "Punjab PULSE Land Information System (lis.pulse.gop.pk) -> ArcGIS Server gismaps.punjab-zameen.gov.pk, service Punjab/Admin__Boundaries/MapServer, layer 3 (\"Mouzas (Tentative)\")",
    "selection": "All features with TEHSIL='Nishter' AND DISTRICT='Lahore'. Cross-checked with a spatial intersects query against the Tehsil Nishtar polygon (tehsil_nishtar.geojson): all 31 mouza centroids fall inside it; 24 other mouzas from neighbouring tehsils (Raiwind, Model Town, Lahore Sadar, Allama Iqbal, Lahore Cantt) merely clip the shared boundary edge and were excluded.",
    "caveat": "The source layer is explicitly named \"Mouzas (Tentative)\" by Punjab's GIS service -- treat mouza-to-tehsil assignment as provisional, not a final legal record.",
    "patwari_cross_check": "Checked against an official 42-mouza Patwari (revenue) list for Tehsil Nishtar; see mouzas_nishtar_reconciliation.md. \"Kaiyat\" and \"Tha Janib\" here are now confirmed as the Patwari list's \"Keet\" and \"Thay Champ\" (see each feature's patwari_name), by georeferencing a hand-drawn Patwari sketch map against the other 26 mouzas already confirmed here and checking the estimated positions land within the georeferencing error. The other 10 Patwari mouzas have no PULSE boundary at all -- see mouzas_nishtar_estimated.geojson for approximate point locations derived the same way.",
    "retrieved": "2026-09-17",
    "count": 31
  },
  "features": [
    {
      "type": "Feature",
      "properties": {
        "mauza": "Asal Suleman",
        "mauza_urdu": null,
        "hb_no": null,
        "tehsil": "Nishter",
        "district": "Lahore",
        "source_object_id": 753968
      },
      "geometry": {
        "type": "Polygon",
        "coordinates": [
          [
            [
              74.36051,
              31.33024
            ],
            [
              74.36028,
              31.33041
            ],
            [
              74.35964,
              31.33055
            ],
            [
              74.35946,
              31.33067
            ],
            [
              74.35925,
              31.33076
            ],
            [
              74.35901,
              31.33088
            ],
            [
              74.35838,
              31.33114
            ],
            [
              74.35814,
              31.33128
            ],
            [
              74.35774,
              31.33142
            ],
            [
              74.35711,
              31.33171
            ],
            [
              74.35691,
              31.33181
            ],
            [
              74.35648,
              31.332
            ],
            [
              74.35585,
              31.3323
            ],
            [
              74.35579,
              31.33233
            ],
            [
              74.35578,
              31.33238
            ],
            [
              74.35585,
              31.33251
            ],
            [
              74.35602,
              31.33282
            ],
            [
              74.35625,
              31.33312
            ],
            [
              74.35628,
              31.33321
            ],
            [
              74.35631,
              31.33331
            ],
            [
              74.35639,
              31.3338
            ],
            [
              74.35647,
              31.33407
            ],
            [
              74.35641,
              31.3343
            ],
            [
              74.35635,
              31.33449
            ],
            [
              74.35631,
              31.33479
            ],
            [
              74.35625,
              31.33517
            ],
            [
              74.35626,
              31.33529
            ],
            [
              74.35641,
              31.33578
            ],
            [
              74.3565,
              31.33614
            ],
            [
              74.35648,
              31.33627
            ],
            [
              74.35647,
              31.33677
            ],
            [
              74.35648,
              31.33685
            ],
            [
              74.35599,
              31.337
            ],
            [
              74.35536,
              31.33724
            ],
            [
              74.35528,
              31.33725
            ],
            [
              74.35512,
              31.3373
            ],
            [
              74.35472,
              31.33735
            ],
            [
              74.35409,
              31.33744
            ],
            [
              74.35405,
              31.33744
            ],
            [
              74.35389,
              31.33748
            ],
            [
              74.3537,
              31.33782
            ],
            [
              74.35347,
              31.33824
            ],
            [
              74.35346,
              31.33832
            ],
            [
              74.35344,
              31.33836
            ],
            [
              74.35284,
              31.33859
            ],
            [
              74.35235,
              31.3388
            ],
            [
              74.35219,
              31.33835
            ],
            [
              74.35205,
              31.33798
            ],
            [
              74.352,
              31.33786
            ],
            [
              74.35184,
              31.33737
            ],
            [
              74.35174,
              31.33711
            ],
            [
              74.35166,
              31.33688
            ],
            [
              74.35149,
              31.33653
            ],
            [
              74.35146,
              31.33639
            ],
            [
              74.3513,
              31.33604
            ],
            [
              74.35125,
              31.3359
            ],
            [
              74.35104,
              31.33541
            ],
            [
              74.35093,
              31.33512
            ],
            [
              74.35081,
              31.33508
            ],
            [
              74.35048,
              31.33493
            ],
            [
              74.35016,
              31.33478
            ],
            [
              74.35006,
              31.33473
            ],
            [
              74.34951,
              31.33465
            ],
            [
              74.34887,
              31.33452
            ],
            [
              74.34861,
              31.33447
            ],
            [
              74.34822,
              31.3344
            ],
            [
              74.34812,
              31.33438
            ],
            [
              74.34757,
              31.33413
            ],
            [
              74.34726,
              31.33401
            ],
            [
              74.34692,
              31.33385
            ],
            [
              74.34627,
              31.33363
            ],
            [
              74.34602,
              31.33354
            ],
            [
              74.34563,
              31.33341
            ],
            [
              74.34498,
              31.33324
            ],
            [
              74.34453,
              31.33308
            ],
            [
              74.34433,
              31.33302
            ],
            [
              74.34403,
              31.33292
            ],
            [
              74.34414,
              31.3326
            ],
            [
              74.34417,
              31.3325
            ],
            [
              74.34421,
              31.3321
            ],
            [
              74.34424,
              31.3316
            ],
            [
              74.34364,
              31.33134
            ],
            [
              74.34299,
              31.33115
            ],
            [
              74.34294,
              31.33114
            ],
            [
              74.34276,
              31.33108
            ],
            [
              74.34267,
              31.33065
            ],
            [
              74.34256,
              31.33016
            ],
            [
              74.34252,
              31.33007
            ],
            [
              74.34232,
              31.33012
            ],
            [
              74.34168,
              31.33018
            ],
            [
              74.34104,
              31.33027
            ],
            [
              74.3404,
              31.33034
            ],
            [
              74.33996,
              31.33039
            ],
            [
              74.33977,
              31.33048
            ],
            [
              74.33913,
              31.33067
            ],
            [
              74.33893,
              31.33071
            ],
            [
              74.33873,
              31.33024
            ],
            [
              74.33863,
              31.32997
            ],
            [
              74.33854,
              31.32989
            ],
            [
              74.33846,
              31.32979
            ],
            [
              74.33843,
              31.32975
            ],
            [
              74.3384,
              31.3297
            ],
            [
              74.33802,
              31.32927
            ],
            [
              74.3378,
              31.32903
            ],
            [
              74.33765,
              31.32878
            ],
            [
              74.33746,
              31.32829
            ],
            [
              74.33723,
              31.3278
            ],
            [
              74.33711,
              31.32731
            ],
            [
              74.33707,
              31.32719
            ],
            [
              74.33707,
              31.32712
            ],
            [
              74.33699,
              31.32682
            ],
            [
              74.33696,
              31.32669
            ],
            [
              74.33698,
              31.32638
            ],
            [
              74.33698,
              31.32632
            ],
            [
              74.33696,
              31.32583
            ],
            [
              74.33695,
              31.32533
            ],
            [
              74.33693,
              31.32484
            ],
            [
              74.33693,
              31.3248
            ],
            [
              74.33711,
              31.32449
            ],
            [
              74.33719,
              31.32434
            ],
            [
              74.33728,
              31.32406
            ],
            [
              74.33756,
              31.32383
            ],
            [
              74.33764,
              31.32375
            ],
            [
              74.33806,
              31.32333
            ],
            [
              74.33826,
              31.32307
            ],
            [
              74.33854,
              31.32282
            ],
            [
              74.33888,
              31.32239
            ],
            [
              74.33897,
              31.32231
            ],
            [
              74.33931,
              31.32187
            ],
            [
              74.3395,
              31.32186
            ],
            [
              74.33976,
              31.32186
            ],
            [
              74.33977,
              31.3218
            ],
            [
              74.33974,
              31.32131
            ],
            [
              74.33958,
              31.32082
            ],
            [
              74.33946,
              31.32057
            ],
            [
              74.33933,
              31.32033
            ],
            [
              74.33912,
              31.31984
            ],
            [
              74.33891,
              31.31934
            ],
            [
              74.33877,
              31.31905
            ],
            [
              74.3387,
              31.31885
            ],
            [
              74.33865,
              31.31874
            ],
            [
              74.33856,
              31.31855
            ],
            [
              74.33846,
              31.31836
            ],
            [
              74.33816,
              31.31788
            ],
            [
              74.33809,
              31.3178
            ],
            [
              74.33786,
              31.31739
            ],
            [
              74.33755,
              31.3169
            ],
            [
              74.33742,
              31.31668
            ],
            [
              74.33725,
              31.31641
            ],
            [
              74.33717,
              31.31626
            ],
            [
              74.33714,
              31.31592
            ],
            [
              74.33715,
              31.31586
            ],
            [
              74.33703,
              31.31555
            ],
            [
              74.33701,
              31.31543
            ],
            [
              74.33697,
              31.31523
            ],
            [
              74.33692,
              31.31493
            ],
            [
              74.33682,
              31.31444
            ],
            [
              74.33676,
              31.31419
            ],
            [
              74.33672,
              31.31395
            ],
            [
              74.33668,
              31.3137
            ],
            [
              74.33665,
              31.31345
            ],
            [
              74.3366,
              31.31296
            ],
            [
              74.33659,
              31.31285
            ],
            [
              74.33666,
              31.31285
            ],
            [
              74.33729,
              31.31268
            ],
            [
              74.33757,
              31.31257
            ],
            [
              74.33793,
              31.31263
            ],
            [
              74.33824,
              31.31263
            ],
            [
              74.33827,
              31.31266
            ],
            [
              74.33858,
              31.31265
            ],
            [
              74.3388,
              31.31263
            ],
            [
              74.33883,
              31.31263
            ],
            [
              74.33888,
              31.31264
            ],
            [
              74.33896,
              31.31264
            ],
            [
              74.33921,
              31.31261
            ],
            [
              74.33937,
              31.3126
            ],
            [
              74.33974,
              31.31259
            ],
            [
              74.33985,
              31.3126
            ],
            [
              74.3405,
              31.31261
            ],
            [
              74.34056,
              31.31261
            ],
            [
              74.34114,
              31.31261
            ],
            [
              74.34178,
              31.31264
            ],
            [
              74.34242,
              31.31266
            ],
            [
              74.34306,
              31.31255
            ],
            [
              74.34334,
              31.31249
            ],
            [
              74.3437,
              31.3125
            ],
            [
              74.34434,
              31.31248
            ],
            [
              74.34498,
              31.31254
            ],
            [
              74.3453,
              31.31256
            ],
            [
              74.34559,
              31.31266
            ],
            [
              74.34562,
              31.31267
            ],
            [
              74.34582,
              31.31275
            ],
            [
              74.34616,
              31.31288
            ],
            [
              74.34627,
              31.31295
            ],
            [
              74.3463,
              31.31294
            ],
            [
              74.34692,
              31.313
            ],
            [
              74.34729,
              31.31313
            ],
            [
              74.34748,
              31.31271
            ],
            [
              74.34748,
              31.3126
            ],
            [
              74.34755,
              31.3126
            ],
            [
              74.34787,
              31.3127
            ],
            [
              74.34819,
              31.31282
            ],
            [
              74.34831,
              31.31283
            ],
            [
              74.34843,
              31.31292
            ],
            [
              74.34884,
              31.31297
            ],
            [
              74.34942,
              31.31311
            ],
            [
              74.34948,
              31.31313
            ],
            [
              74.34981,
              31.31315
            ],
            [
              74.35013,
              31.31317
            ],
            [
              74.35016,
              31.31317
            ],
            [
              74.35077,
              31.31313
            ],
            [
              74.3514,
              31.31302
            ],
            [
              74.35166,
              31.313
            ],
            [
              74.35204,
              31.3129
            ],
            [
              74.35268,
              31.31274
            ],
            [
              74.35331,
              31.31262
            ],
            [
              74.35339,
              31.31258
            ],
            [
              74.35381,
              31.31251
            ],
            [
              74.35395,
              31.3125
            ],
            [
              74.35431,
              31.31241
            ],
            [
              74.35459,
              31.31233
            ],
            [
              74.35475,
              31.31224
            ],
            [
              74.35477,
              31.31205
            ],
            [
              74.3548,
              31.31155
            ],
            [
              74.3548,
              31.31106
            ],
            [
              74.35479,
              31.31056
            ],
            [
              74.35477,
              31.31007
            ],
            [
              74.35477,
              31.30957
            ],
            [
              74.35484,
              31.30908
            ],
            [
              74.35485,
              31.30858
            ],
            [
              74.3549,
              31.30809
            ],
            [
              74.35497,
              31.30759
            ],
            [
              74.35507,
              31.30723
            ],
            [
              74.3551,
              31.30709
            ],
            [
              74.35505,
              31.30676
            ],
            [
              74.35502,
              31.3066
            ],
            [
              74.35487,
              31.30611
            ],
            [
              74.35471,
              31.30561
            ],
            [
              74.35473,
              31.30512
            ],
            [
              74.35473,
              31.30462
            ],
            [
              74.35472,
              31.30413
            ],
            [
              74.3547,
              31.30363
            ],
            [
              74.3547,
              31.30314
            ],
            [
              74.35472,
              31.30264
            ],
            [
              74.35478,
              31.30221
            ],
            [
              74.35485,
              31.30221
            ],
            [
              74.35491,
              31.30221
            ],
            [
              74.35523,
              31.3022
            ],
            [
              74.35531,
              31.3022
            ],
            [
              74.35555,
              31.3021
            ],
            [
              74.35618,
              31.30182
            ],
            [
              74.35669,
              31.30161
            ],
            [
              74.35681,
              31.30156
            ],
            [
              74.35745,
              31.3013
            ],
            [
              74.35778,
              31.30114
            ],
            [
              74.35789,
              31.3012
            ],
            [
              74.35808,
              31.3012
            ],
            [
              74.35859,
              31.30129
            ],
            [
              74.35873,
              31.30131
            ],
            [
              74.35937,
              31.30141
            ],
            [
              74.35982,
              31.30144
            ],
            [
              74.36001,
              31.30143
            ],
            [
              74.36065,
              31.30141
            ],
            [
              74.36069,
              31.30141
            ],
            [
              74.36129,
              31.30136
            ],
            [
              74.36174,
              31.30135
            ],
            [
              74.36194,
              31.30149
            ],
            [
              74.36255,
              31.30195
            ],
            [
              74.36259,
              31.30194
            ],
            [
              74.36323,
              31.30179
            ],
            [
              74.36329,
              31.30174
            ],
            [
              74.36328,
              31.30195
            ],
            [
              74.36328,
              31.30245
            ],
            [
              74.36325,
              31.30294
            ],
            [
              74.36322,
              31.30344
            ],
            [
              74.36322,
              31.30359
            ],
            [
              74.36329,
              31.3036
            ],
            [
              74.36393,
              31.30378
            ],
            [
              74.36402,
              31.3038
            ],
            [
              74.36402,
              31.30391
            ],
            [
              74.36407,
              31.30421
            ],
            [
              74.36395,
              31.30426
            ],
            [
              74.3636,
              31.30442
            ],
            [
              74.36346,
              31.30459
            ],
            [
              74.36346,
              31.30492
            ],
            [
              74.36344,
              31.30541
            ],
            [
              74.36345,
              31.30591
            ],
            [
              74.36341,
              31.3064
            ],
            [
              74.36344,
              31.3069
            ],
            [
              74.36366,
              31.30739
            ],
            [
              74.36384,
              31.30788
            ],
            [
              74.36395,
              31.30815
            ],
            [
              74.36407,
              31.30831
            ],
            [
              74.36411,
              31.30837
            ],
            [
              74.36424,
              31.30853
            ],
            [
              74.36408,
              31.30855
            ],
            [
              74.36344,
              31.30869
            ],
            [
              74.36281,
              31.30884
            ],
            [
              74.36217,
              31.3089
            ],
            [
              74.36193,
              31.30891
            ],
            [
              74.36153,
              31.30898
            ],
            [
              74.36089,
              31.30905
            ],
            [
              74.3608,
              31.30905
            ],
            [
              74.36083,
              31.30927
            ],
            [
              74.3609,
              31.3093
            ],
            [
              74.36106,
              31.30943
            ],
            [
              74.36156,
              31.30987
            ],
            [
              74.36166,
              31.30991
            ],
            [
              74.36192,
              31.31015
            ],
            [
              74.36218,
              31.31039
            ],
            [
              74.36222,
              31.31045
            ],
            [
              74.36266,
              31.31088
            ],
            [
              74.36288,
              31.31112
            ],
            [
              74.36314,
              31.31136
            ],
            [
              74.36354,
              31.31177
            ],
            [
              74.36364,
              31.31185
            ],
            [
              74.36401,
              31.31233
            ],
            [
              74.36421,
              31.3126
            ],
            [
              74.36436,
              31.31282
            ],
            [
              74.36473,
              31.31331
            ],
            [
              74.36488,
              31.31351
            ],
            [
              74.36508,
              31.31379
            ],
            [
              74.36541,
              31.31423
            ],
            [
              74.36545,
              31.31428
            ],
            [
              74.36554,
              31.31439
            ],
            [
              74.3658,
              31.31477
            ],
            [
              74.36616,
              31.31525
            ],
            [
              74.36621,
              31.31529
            ],
            [
              74.36645,
              31.31556
            ],
            [
              74.36644,
              31.31557
            ],
            [
              74.36634,
              31.31566
            ],
            [
              74.36626,
              31.31575
            ],
            [
              74.36583,
              31.31625
            ],
            [
              74.36574,
              31.31631
            ],
            [
              74.36581,
              31.31675
            ],
            [
              74.36583,
              31.31724
            ],
            [
              74.36582,
              31.31759
            ],
            [
              74.36591,
              31.31774
            ],
            [
              74.366,
              31.31823
            ],
            [
              74.36611,
              31.31872
            ],
            [
              74.36621,
              31.31921
            ],
            [
              74.36632,
              31.31964
            ],
            [
              74.36606,
              31.31971
            ],
            [
              74.36582,
              31.31979
            ],
            [
              74.36579,
              31.32016
            ],
            [
              74.36579,
              31.32021
            ],
            [
              74.36577,
              31.32071
            ],
            [
              74.36576,
              31.32121
            ],
            [
              74.36576,
              31.3214
            ],
            [
              74.3654,
              31.32171
            ],
            [
              74.36514,
              31.32192
            ],
            [
              74.36476,
              31.32222
            ],
            [
              74.36462,
              31.32239
            ],
            [
              74.36451,
              31.32245
            ],
            [
              74.36408,
              31.32259
            ],
            [
              74.36403,
              31.32273
            ],
            [
              74.36396,
              31.32323
            ],
            [
              74.36396,
              31.32338
            ],
            [
              74.36391,
              31.32346
            ],
            [
              74.36371,
              31.32364
            ],
            [
              74.36379,
              31.32373
            ],
            [
              74.36384,
              31.32378
            ],
            [
              74.36392,
              31.32405
            ],
            [
              74.36398,
              31.32422
            ],
            [
              74.364,
              31.32429
            ],
            [
              74.36401,
              31.3246
            ],
            [
              74.36401,
              31.32468
            ],
            [
              74.36401,
              31.32471
            ],
            [
              74.36402,
              31.32521
            ],
            [
              74.36404,
              31.3257
            ],
            [
              74.36405,
              31.3262
            ],
            [
              74.36406,
              31.32633
            ],
            [
              74.364,
              31.32636
            ],
            [
              74.36388,
              31.3267
            ],
            [
              74.3637,
              31.32715
            ],
            [
              74.36364,
              31.3272
            ],
            [
              74.36339,
              31.32748
            ],
            [
              74.3632,
              31.3277
            ],
            [
              74.36277,
              31.32821
            ],
            [
              74.3626,
              31.32847
            ],
            [
              74.36227,
              31.32871
            ],
            [
              74.36215,
              31.32883
            ],
            [
              74.36179,
              31.32917
            ],
            [
              74.36171,
              31.32922
            ],
            [
              74.36153,
              31.32939
            ],
            [
              74.36115,
              31.32973
            ],
            [
              74.3609,
              31.32991
            ],
            [
              74.36084,
              31.32996
            ],
            [
              74.36051,
              31.33024
            ]
          ]
        ]
      }
    },
    {
      "type": "Feature",
      "properties": {
        "mauza": "Atari Saroba",
        "mauza_urdu": null,
        "hb_no": null,
        "tehsil": "Nishter",
        "district": "Lahore",
        "source_object_id": 753969
      },
      "geometry": {
        "type": "Polygon",
        "coordinates": [
          [
            [
              74.37641,
              31.44116
            ],
            [
              74.37602,
              31.44116
            ],
            [
              74.37582,
              31.44119
            ],
            [
              74.37561,
              31.44119
            ],
            [
              74.37537,
              31.4412
            ],
            [
              74.37492,
              31.44122
            ],
            [
              74.37475,
              31.44135
            ],
            [
              74.37443,
              31.44175
            ],
            [
              74.37434,
              31.44187
            ],
            [
              74.37428,
              31.44194
            ],
            [
              74.37388,
              31.44241
            ],
            [
              74.37381,
              31.4425
            ],
            [
              74.37325,
              31.44283
            ],
            [
              74.3729,
              31.44304
            ],
            [
              74.37267,
              31.44309
            ],
            [
              74.37205,
              31.44323
            ],
            [
              74.37177,
              31.44329
            ],
            [
              74.37142,
              31.44334
            ],
            [
              74.37078,
              31.44342
            ],
            [
              74.3705,
              31.44346
            ],
            [
              74.37027,
              31.44334
            ],
            [
              74.37024,
              31.44333
            ],
            [
              74.37005,
              31.44324
            ],
            [
              74.36952,
              31.44299
            ],
            [
              74.36922,
              31.44276
            ],
            [
              74.36901,
              31.44261
            ],
            [
              74.36874,
              31.4424
            ],
            [
              74.36851,
              31.44222
            ],
            [
              74.3683,
              31.44205
            ],
            [
              74.36801,
              31.44183
            ],
            [
              74.36751,
              31.44144
            ],
            [
              74.36739,
              31.44134
            ],
            [
              74.36702,
              31.44105
            ],
            [
              74.36693,
              31.44098
            ],
            [
              74.36657,
              31.44091
            ],
            [
              74.36658,
              31.44095
            ],
            [
              74.36647,
              31.44093
            ],
            [
              74.36587,
              31.44082
            ],
            [
              74.36574,
              31.44137
            ],
            [
              74.36565,
              31.4418
            ],
            [
              74.36554,
              31.4418
            ],
            [
              74.36487,
              31.44179
            ],
            [
              74.36437,
              31.4418
            ],
            [
              74.36434,
              31.4418
            ],
            [
              74.36422,
              31.44175
            ],
            [
              74.36415,
              31.44166
            ],
            [
              74.36383,
              31.44134
            ],
            [
              74.36346,
              31.44096
            ],
            [
              74.36325,
              31.44097
            ],
            [
              74.3632,
              31.44098
            ],
            [
              74.36301,
              31.44097
            ],
            [
              74.36258,
              31.44098
            ],
            [
              74.36236,
              31.44101
            ],
            [
              74.36194,
              31.44106
            ],
            [
              74.36132,
              31.44118
            ],
            [
              74.36125,
              31.4412
            ],
            [
              74.3609,
              31.44111
            ],
            [
              74.36079,
              31.44107
            ],
            [
              74.36059,
              31.44101
            ],
            [
              74.35992,
              31.44078
            ],
            [
              74.35983,
              31.44074
            ],
            [
              74.35909,
              31.44054
            ],
            [
              74.35897,
              31.4405
            ],
            [
              74.35889,
              31.44049
            ],
            [
              74.35834,
              31.4403
            ],
            [
              74.35807,
              31.44021
            ],
            [
              74.3576,
              31.44009
            ],
            [
              74.35714,
              31.43993
            ],
            [
              74.35682,
              31.43978
            ],
            [
              74.35671,
              31.43977
            ],
            [
              74.35635,
              31.43973
            ],
            [
              74.35616,
              31.43971
            ],
            [
              74.35612,
              31.4397
            ],
            [
              74.35605,
              31.43969
            ],
            [
              74.35587,
              31.43967
            ],
            [
              74.35539,
              31.43952
            ],
            [
              74.35522,
              31.43946
            ],
            [
              74.35509,
              31.43942
            ],
            [
              74.35489,
              31.43937
            ],
            [
              74.35463,
              31.43925
            ],
            [
              74.35444,
              31.43916
            ],
            [
              74.35435,
              31.43912
            ],
            [
              74.35431,
              31.4391
            ],
            [
              74.35415,
              31.43902
            ],
            [
              74.35399,
              31.43895
            ],
            [
              74.35382,
              31.43882
            ],
            [
              74.35369,
              31.43874
            ],
            [
              74.35328,
              31.43843
            ],
            [
              74.35321,
              31.43838
            ],
            [
              74.35322,
              31.43837
            ],
            [
              74.3532,
              31.43835
            ],
            [
              74.35295,
              31.4381
            ],
            [
              74.35286,
              31.43799
            ],
            [
              74.35281,
              31.43793
            ],
            [
              74.35266,
              31.43777
            ],
            [
              74.35243,
              31.43751
            ],
            [
              74.35211,
              31.43713
            ],
            [
              74.35208,
              31.43708
            ],
            [
              74.35203,
              31.43701
            ],
            [
              74.35189,
              31.43678
            ],
            [
              74.35179,
              31.43664
            ],
            [
              74.35164,
              31.43638
            ],
            [
              74.3516,
              31.43627
            ],
            [
              74.35157,
              31.43618
            ],
            [
              74.35147,
              31.43569
            ],
            [
              74.35141,
              31.43553
            ],
            [
              74.3513,
              31.43522
            ],
            [
              74.35122,
              31.43498
            ],
            [
              74.3512,
              31.43493
            ],
            [
              74.35114,
              31.43474
            ],
            [
              74.35108,
              31.43453
            ],
            [
              74.35099,
              31.43426
            ],
            [
              74.35094,
              31.434
            ],
            [
              74.35092,
              31.43394
            ],
            [
              74.35093,
              31.43389
            ],
            [
              74.35089,
              31.43377
            ],
            [
              74.35096,
              31.43364
            ],
            [
              74.35091,
              31.43353
            ],
            [
              74.35087,
              31.43342
            ],
            [
              74.35081,
              31.4333
            ],
            [
              74.3508,
              31.43328
            ],
            [
              74.35083,
              31.43321
            ],
            [
              74.35081,
              31.4331
            ],
            [
              74.35074,
              31.43301
            ],
            [
              74.35072,
              31.4329
            ],
            [
              74.35075,
              31.43278
            ],
            [
              74.35075,
              31.43255
            ],
            [
              74.35074,
              31.43226
            ],
            [
              74.35075,
              31.43207
            ],
            [
              74.35077,
              31.43192
            ],
            [
              74.35081,
              31.43173
            ],
            [
              74.35088,
              31.43122
            ],
            [
              74.3509,
              31.43119
            ],
            [
              74.35105,
              31.43078
            ],
            [
              74.35108,
              31.43063
            ],
            [
              74.35115,
              31.43043
            ],
            [
              74.35116,
              31.43033
            ],
            [
              74.35118,
              31.43009
            ],
            [
              74.35124,
              31.42961
            ],
            [
              74.35123,
              31.42956
            ],
            [
              74.35125,
              31.42942
            ],
            [
              74.35127,
              31.42903
            ],
            [
              74.35129,
              31.42873
            ],
            [
              74.35136,
              31.42856
            ],
            [
              74.35138,
              31.42852
            ],
            [
              74.35139,
              31.42848
            ],
            [
              74.35151,
              31.42824
            ],
            [
              74.35168,
              31.4279
            ],
            [
              74.3519,
              31.42741
            ],
            [
              74.35198,
              31.42731
            ],
            [
              74.35223,
              31.42673
            ],
            [
              74.35229,
              31.42661
            ],
            [
              74.35239,
              31.42641
            ],
            [
              74.35256,
              31.42613
            ],
            [
              74.35269,
              31.42583
            ],
            [
              74.35285,
              31.42553
            ],
            [
              74.35312,
              31.42515
            ],
            [
              74.35329,
              31.42491
            ],
            [
              74.35363,
              31.42467
            ],
            [
              74.35396,
              31.42444
            ],
            [
              74.35415,
              31.42426
            ],
            [
              74.35433,
              31.42413
            ],
            [
              74.35462,
              31.42392
            ],
            [
              74.35467,
              31.42381
            ],
            [
              74.35486,
              31.42348
            ],
            [
              74.35498,
              31.42313
            ],
            [
              74.35503,
              31.42292
            ],
            [
              74.35514,
              31.42249
            ],
            [
              74.35514,
              31.42237
            ],
            [
              74.35516,
              31.42222
            ],
            [
              74.35517,
              31.42215
            ],
            [
              74.35517,
              31.42208
            ],
            [
              74.35518,
              31.42201
            ],
            [
              74.35518,
              31.42197
            ],
            [
              74.35519,
              31.42191
            ],
            [
              74.3552,
              31.42185
            ],
            [
              74.35519,
              31.42165
            ],
            [
              74.35518,
              31.42142
            ],
            [
              74.35519,
              31.42133
            ],
            [
              74.35516,
              31.42082
            ],
            [
              74.35518,
              31.42049
            ],
            [
              74.35533,
              31.42045
            ],
            [
              74.35544,
              31.42042
            ],
            [
              74.3555,
              31.42041
            ],
            [
              74.35555,
              31.42039
            ],
            [
              74.35572,
              31.42035
            ],
            [
              74.3558,
              31.42033
            ],
            [
              74.35595,
              31.42029
            ],
            [
              74.35612,
              31.42025
            ],
            [
              74.35668,
              31.42011
            ],
            [
              74.35673,
              31.42009
            ],
            [
              74.35734,
              31.41993
            ],
            [
              74.35771,
              31.41993
            ],
            [
              74.35809,
              31.41996
            ],
            [
              74.35868,
              31.41992
            ],
            [
              74.35875,
              31.41992
            ],
            [
              74.35882,
              31.41992
            ],
            [
              74.35937,
              31.41997
            ],
            [
              74.35964,
              31.41996
            ],
            [
              74.36002,
              31.41994
            ],
            [
              74.36066,
              31.41985
            ],
            [
              74.36128,
              31.41972
            ],
            [
              74.36191,
              31.41959
            ],
            [
              74.36201,
              31.41957
            ],
            [
              74.36203,
              31.4196
            ],
            [
              74.36227,
              31.41997
            ],
            [
              74.3627,
              31.41995
            ],
            [
              74.36293,
              31.41992
            ],
            [
              74.36332,
              31.41995
            ],
            [
              74.36337,
              31.41995
            ],
            [
              74.36409,
              31.42011
            ],
            [
              74.3645,
              31.42023
            ],
            [
              74.36486,
              31.42039
            ],
            [
              74.36492,
              31.42042
            ],
            [
              74.3652,
              31.42058
            ],
            [
              74.36523,
              31.4208
            ],
            [
              74.36524,
              31.42085
            ],
            [
              74.36535,
              31.42134
            ],
            [
              74.36533,
              31.42149
            ],
            [
              74.36556,
              31.4218
            ],
            [
              74.36591,
              31.42223
            ],
            [
              74.36618,
              31.42229
            ],
            [
              74.36692,
              31.42249
            ],
            [
              74.36763,
              31.42261
            ],
            [
              74.36796,
              31.42266
            ],
            [
              74.36811,
              31.42271
            ],
            [
              74.36837,
              31.42283
            ],
            [
              74.36844,
              31.42284
            ],
            [
              74.3688,
              31.42296
            ],
            [
              74.36895,
              31.42301
            ],
            [
              74.36912,
              31.42307
            ],
            [
              74.3698,
              31.42328
            ],
            [
              74.36986,
              31.42327
            ],
            [
              74.3701,
              31.42323
            ],
            [
              74.37051,
              31.4232
            ],
            [
              74.37085,
              31.42321
            ],
            [
              74.37115,
              31.42313
            ],
            [
              74.37176,
              31.42296
            ],
            [
              74.37189,
              31.42293
            ],
            [
              74.37209,
              31.42282
            ],
            [
              74.37229,
              31.42268
            ],
            [
              74.37232,
              31.42264
            ],
            [
              74.37285,
              31.42224
            ],
            [
              74.37304,
              31.42206
            ],
            [
              74.3732,
              31.42193
            ],
            [
              74.37335,
              31.42183
            ],
            [
              74.37338,
              31.42182
            ],
            [
              74.37344,
              31.42176
            ],
            [
              74.37331,
              31.42139
            ],
            [
              74.37331,
              31.42132
            ],
            [
              74.37378,
              31.42106
            ],
            [
              74.37401,
              31.42088
            ],
            [
              74.37433,
              31.42072
            ],
            [
              74.37439,
              31.42069
            ],
            [
              74.37494,
              31.42052
            ],
            [
              74.3754,
              31.42037
            ],
            [
              74.37555,
              31.42036
            ],
            [
              74.37621,
              31.42033
            ],
            [
              74.37651,
              31.4203
            ],
            [
              74.37689,
              31.42037
            ],
            [
              74.3772,
              31.42041
            ],
            [
              74.37759,
              31.42046
            ],
            [
              74.37768,
              31.42046
            ],
            [
              74.37823,
              31.42037
            ],
            [
              74.37864,
              31.42027
            ],
            [
              74.37882,
              31.42015
            ],
            [
              74.37925,
              31.41989
            ],
            [
              74.37937,
              31.41981
            ],
            [
              74.37952,
              31.41973
            ],
            [
              74.37966,
              31.41978
            ],
            [
              74.38003,
              31.41993
            ],
            [
              74.38009,
              31.41996
            ],
            [
              74.38049,
              31.42009
            ],
            [
              74.38087,
              31.42028
            ],
            [
              74.38114,
              31.42044
            ],
            [
              74.38137,
              31.42054
            ],
            [
              74.3817,
              31.42076
            ],
            [
              74.38175,
              31.4208
            ],
            [
              74.38229,
              31.42115
            ],
            [
              74.38233,
              31.42117
            ],
            [
              74.38259,
              31.42139
            ],
            [
              74.38279,
              31.42157
            ],
            [
              74.38306,
              31.42176
            ],
            [
              74.38324,
              31.42197
            ],
            [
              74.38368,
              31.42238
            ],
            [
              74.38375,
              31.42243
            ],
            [
              74.38383,
              31.42283
            ],
            [
              74.38383,
              31.42286
            ],
            [
              74.38392,
              31.42321
            ],
            [
              74.38435,
              31.42324
            ],
            [
              74.38458,
              31.42327
            ],
            [
              74.38494,
              31.42331
            ],
            [
              74.38528,
              31.42336
            ],
            [
              74.38559,
              31.42344
            ],
            [
              74.38601,
              31.42355
            ],
            [
              74.38667,
              31.42353
            ],
            [
              74.38693,
              31.42353
            ],
            [
              74.38696,
              31.42357
            ],
            [
              74.387,
              31.4236
            ],
            [
              74.3875,
              31.42399
            ],
            [
              74.38766,
              31.42409
            ],
            [
              74.38799,
              31.42422
            ],
            [
              74.38823,
              31.42432
            ],
            [
              74.38829,
              31.42435
            ],
            [
              74.38891,
              31.42464
            ],
            [
              74.38892,
              31.42466
            ],
            [
              74.38904,
              31.42515
            ],
            [
              74.38905,
              31.42525
            ],
            [
              74.38915,
              31.42529
            ],
            [
              74.3893,
              31.42534
            ],
            [
              74.38971,
              31.4255
            ],
            [
              74.39007,
              31.42562
            ],
            [
              74.39072,
              31.42576
            ],
            [
              74.39079,
              31.42577
            ],
            [
              74.39124,
              31.42587
            ],
            [
              74.3915,
              31.4259
            ],
            [
              74.39182,
              31.42595
            ],
            [
              74.39216,
              31.42588
            ],
            [
              74.39239,
              31.42585
            ],
            [
              74.39253,
              31.42633
            ],
            [
              74.39256,
              31.42635
            ],
            [
              74.39258,
              31.42646
            ],
            [
              74.39241,
              31.4266
            ],
            [
              74.3919,
              31.42701
            ],
            [
              74.39189,
              31.42702
            ],
            [
              74.39178,
              31.4271
            ],
            [
              74.39127,
              31.42717
            ],
            [
              74.39092,
              31.4272
            ],
            [
              74.39088,
              31.42726
            ],
            [
              74.39072,
              31.42752
            ],
            [
              74.39051,
              31.42787
            ],
            [
              74.39033,
              31.42818
            ],
            [
              74.3903,
              31.42824
            ],
            [
              74.39015,
              31.42848
            ],
            [
              74.38988,
              31.42895
            ],
            [
              74.38981,
              31.42908
            ],
            [
              74.38945,
              31.42966
            ],
            [
              74.38935,
              31.42972
            ],
            [
              74.38908,
              31.42999
            ],
            [
              74.38895,
              31.43016
            ],
            [
              74.38882,
              31.43034
            ],
            [
              74.38881,
              31.43037
            ],
            [
              74.3885,
              31.43079
            ],
            [
              74.38848,
              31.43081
            ],
            [
              74.38847,
              31.43097
            ],
            [
              74.38841,
              31.4315
            ],
            [
              74.38842,
              31.43154
            ],
            [
              74.38855,
              31.43198
            ],
            [
              74.38865,
              31.43234
            ],
            [
              74.38865,
              31.43247
            ],
            [
              74.38863,
              31.433
            ],
            [
              74.38862,
              31.43308
            ],
            [
              74.38856,
              31.43335
            ],
            [
              74.38851,
              31.43354
            ],
            [
              74.38855,
              31.43405
            ],
            [
              74.38863,
              31.43443
            ],
            [
              74.38845,
              31.43452
            ],
            [
              74.38809,
              31.43468
            ],
            [
              74.38788,
              31.43479
            ],
            [
              74.38732,
              31.43512
            ],
            [
              74.38706,
              31.43524
            ],
            [
              74.38696,
              31.43531
            ],
            [
              74.38672,
              31.43531
            ],
            [
              74.38629,
              31.43532
            ],
            [
              74.38605,
              31.43533
            ],
            [
              74.386,
              31.43533
            ],
            [
              74.38546,
              31.43535
            ],
            [
              74.38539,
              31.43535
            ],
            [
              74.38486,
              31.43537
            ],
            [
              74.38473,
              31.43537
            ],
            [
              74.38411,
              31.4355
            ],
            [
              74.38395,
              31.43554
            ],
            [
              74.38359,
              31.43561
            ],
            [
              74.38342,
              31.43535
            ],
            [
              74.38333,
              31.4352
            ],
            [
              74.38313,
              31.4349
            ],
            [
              74.38251,
              31.43476
            ],
            [
              74.38236,
              31.43473
            ],
            [
              74.38218,
              31.43463
            ],
            [
              74.38173,
              31.43443
            ],
            [
              74.38145,
              31.4343
            ],
            [
              74.38137,
              31.43426
            ],
            [
              74.38105,
              31.4344
            ],
            [
              74.38087,
              31.43447
            ],
            [
              74.38045,
              31.43461
            ],
            [
              74.37985,
              31.4348
            ],
            [
              74.37979,
              31.43485
            ],
            [
              74.37966,
              31.43496
            ],
            [
              74.37965,
              31.43498
            ],
            [
              74.37934,
              31.43525
            ],
            [
              74.37925,
              31.43537
            ],
            [
              74.37888,
              31.43573
            ],
            [
              74.37886,
              31.4358
            ],
            [
              74.37876,
              31.43601
            ],
            [
              74.37876,
              31.43601
            ],
            [
              74.3785,
              31.43659
            ],
            [
              74.37847,
              31.4366
            ],
            [
              74.37848,
              31.43665
            ],
            [
              74.37815,
              31.43705
            ],
            [
              74.37801,
              31.43723
            ],
            [
              74.37796,
              31.43732
            ],
            [
              74.3777,
              31.43783
            ],
            [
              74.37762,
              31.43802
            ],
            [
              74.37742,
              31.43841
            ],
            [
              74.3773,
              31.4387
            ],
            [
              74.37725,
              31.43889
            ],
            [
              74.3772,
              31.43899
            ],
            [
              74.37715,
              31.43916
            ],
            [
              74.37698,
              31.43934
            ],
            [
              74.3769,
              31.43958
            ],
            [
              74.37688,
              31.43961
            ],
            [
              74.37687,
              31.43973
            ],
            [
              74.37683,
              31.44011
            ],
            [
              74.3768,
              31.44029
            ],
            [
              74.37664,
              31.44068
            ],
            [
              74.37657,
              31.44082
            ],
            [
              74.37641,
              31.44116
            ]
          ],
          [
            [
              74.35548,
              31.43799
            ],
            [
              74.35548,
              31.43799
            ],
            [
              74.35549,
              31.43791
            ],
            [
              74.35548,
              31.43799
            ]
          ],
          [
            [
              74.35232,
              31.43651
            ],
            [
              74.3523,
              31.43668
            ],
            [
              74.35241,
              31.43669
            ],
            [
              74.35235,
              31.4365
            ],
            [
              74.35232,
              31.43643
            ],
            [
              74.35232,
              31.43651
            ]
          ],
          [
            [
              74.35725,
              31.42184
            ],
            [
              74.35725,
              31.4219
            ],
            [
              74.35725,
              31.4219
            ],
            [
              74.35725,
              31.42184
            ],
            [
              74.35725,
              31.42183
            ],
            [
              74.35725,
              31.42184
            ]
          ]
        ]
      }
    },
    {
      "type": "Feature",
      "properties": {
        "mauza": "Baddo  Ke",
        "mauza_urdu": null,
        "hb_no": null,
        "tehsil": "Nishter",
        "district": "Lahore",
        "source_object_id": 753973
      },
      "geometry": {
        "type": "Polygon",
        "coordinates": [
          [
            [
              74.3799,
              31.33904
            ],
            [
              74.37987,
              31.33911
            ],
            [
              74.37984,
              31.33917
            ],
            [
              74.37961,
              31.33961
            ],
            [
              74.37936,
              31.34011
            ],
            [
              74.3793,
              31.34025
            ],
            [
              74.37921,
              31.34044
            ],
            [
              74.37907,
              31.34037
            ],
            [
              74.37865,
              31.34017
            ],
            [
              74.37859,
              31.34013
            ],
            [
              74.378,
              31.33977
            ],
            [
              74.3778,
              31.33965
            ],
            [
              74.37735,
              31.33937
            ],
            [
              74.37697,
              31.33918
            ],
            [
              74.37669,
              31.33902
            ],
            [
              74.37627,
              31.33889
            ],
            [
              74.37605,
              31.33894
            ],
            [
              74.37541,
              31.33907
            ],
            [
              74.37533,
              31.33907
            ],
            [
              74.37477,
              31.33899
            ],
            [
              74.37474,
              31.33899
            ],
            [
              74.37439,
              31.33895
            ],
            [
              74.37412,
              31.33877
            ],
            [
              74.37408,
              31.33875
            ],
            [
              74.37399,
              31.33869
            ],
            [
              74.37381,
              31.33858
            ],
            [
              74.37347,
              31.33842
            ],
            [
              74.37325,
              31.33827
            ],
            [
              74.37281,
              31.33798
            ],
            [
              74.37256,
              31.33779
            ],
            [
              74.37216,
              31.3375
            ],
            [
              74.37202,
              31.33747
            ],
            [
              74.37198,
              31.33747
            ],
            [
              74.37167,
              31.33732
            ],
            [
              74.37151,
              31.33724
            ],
            [
              74.37119,
              31.33708
            ],
            [
              74.37086,
              31.33702
            ],
            [
              74.37064,
              31.33695
            ],
            [
              74.37022,
              31.33695
            ],
            [
              74.36958,
              31.33692
            ],
            [
              74.36936,
              31.33687
            ],
            [
              74.36893,
              31.33677
            ],
            [
              74.3687,
              31.33672
            ],
            [
              74.36841,
              31.33667
            ],
            [
              74.36831,
              31.33666
            ],
            [
              74.36829,
              31.33664
            ],
            [
              74.36764,
              31.33654
            ],
            [
              74.36708,
              31.33643
            ],
            [
              74.367,
              31.33639
            ],
            [
              74.3667,
              31.33629
            ],
            [
              74.36636,
              31.33639
            ],
            [
              74.36623,
              31.33645
            ],
            [
              74.36572,
              31.3367
            ],
            [
              74.36569,
              31.3367
            ],
            [
              74.36569,
              31.33667
            ],
            [
              74.36535,
              31.33677
            ],
            [
              74.36519,
              31.33677
            ],
            [
              74.36508,
              31.33675
            ],
            [
              74.36444,
              31.33666
            ],
            [
              74.36392,
              31.3365
            ],
            [
              74.36379,
              31.33647
            ],
            [
              74.36344,
              31.33638
            ],
            [
              74.36336,
              31.33636
            ],
            [
              74.36315,
              31.33631
            ],
            [
              74.3625,
              31.33616
            ],
            [
              74.36239,
              31.33616
            ],
            [
              74.36186,
              31.33617
            ],
            [
              74.36122,
              31.3361
            ],
            [
              74.3609,
              31.3361
            ],
            [
              74.36058,
              31.3361
            ],
            [
              74.36027,
              31.33609
            ],
            [
              74.35997,
              31.33608
            ],
            [
              74.35994,
              31.33609
            ],
            [
              74.3593,
              31.3361
            ],
            [
              74.35898,
              31.33612
            ],
            [
              74.35865,
              31.33613
            ],
            [
              74.35859,
              31.33662
            ],
            [
              74.35854,
              31.33702
            ],
            [
              74.35804,
              31.33702
            ],
            [
              74.35761,
              31.33701
            ],
            [
              74.3574,
              31.33698
            ],
            [
              74.35676,
              31.33691
            ],
            [
              74.35653,
              31.33689
            ],
            [
              74.35652,
              31.33667
            ],
            [
              74.3565,
              31.33619
            ],
            [
              74.35651,
              31.33618
            ],
            [
              74.3564,
              31.33568
            ],
            [
              74.3563,
              31.33519
            ],
            [
              74.35638,
              31.33469
            ],
            [
              74.35645,
              31.3342
            ],
            [
              74.35649,
              31.33409
            ],
            [
              74.3564,
              31.3337
            ],
            [
              74.35633,
              31.33343
            ],
            [
              74.35627,
              31.33321
            ],
            [
              74.35602,
              31.33272
            ],
            [
              74.35598,
              31.33265
            ],
            [
              74.35585,
              31.33235
            ],
            [
              74.35597,
              31.33229
            ],
            [
              74.35611,
              31.33222
            ],
            [
              74.3566,
              31.33199
            ],
            [
              74.35724,
              31.3317
            ],
            [
              74.35723,
              31.33166
            ],
            [
              74.35769,
              31.33139
            ],
            [
              74.35787,
              31.33141
            ],
            [
              74.35787,
              31.33139
            ],
            [
              74.35833,
              31.33118
            ],
            [
              74.3585,
              31.33111
            ],
            [
              74.35913,
              31.33079
            ],
            [
              74.35934,
              31.33067
            ],
            [
              74.35943,
              31.3306
            ],
            [
              74.35977,
              31.33059
            ],
            [
              74.36029,
              31.33048
            ],
            [
              74.3604,
              31.33039
            ],
            [
              74.36075,
              31.33014
            ],
            [
              74.36103,
              31.3299
            ],
            [
              74.36113,
              31.32981
            ],
            [
              74.36123,
              31.32972
            ],
            [
              74.36134,
              31.32963
            ],
            [
              74.36165,
              31.32935
            ],
            [
              74.36187,
              31.32912
            ],
            [
              74.36227,
              31.32877
            ],
            [
              74.36246,
              31.32861
            ],
            [
              74.36269,
              31.3284
            ],
            [
              74.3629,
              31.32821
            ],
            [
              74.36297,
              31.32811
            ],
            [
              74.36344,
              31.3276
            ],
            [
              74.36352,
              31.32752
            ],
            [
              74.36384,
              31.3271
            ],
            [
              74.364,
              31.3266
            ],
            [
              74.36412,
              31.32627
            ],
            [
              74.36411,
              31.3261
            ],
            [
              74.36413,
              31.3256
            ],
            [
              74.36415,
              31.32511
            ],
            [
              74.36415,
              31.32505
            ],
            [
              74.36413,
              31.32467
            ],
            [
              74.36413,
              31.32461
            ],
            [
              74.36412,
              31.32424
            ],
            [
              74.3641,
              31.32412
            ],
            [
              74.36404,
              31.32382
            ],
            [
              74.36403,
              31.32373
            ],
            [
              74.364,
              31.32363
            ],
            [
              74.36399,
              31.32358
            ],
            [
              74.36396,
              31.32333
            ],
            [
              74.36402,
              31.32313
            ],
            [
              74.36421,
              31.32271
            ],
            [
              74.36425,
              31.32263
            ],
            [
              74.36423,
              31.32249
            ],
            [
              74.36464,
              31.32239
            ],
            [
              74.36468,
              31.32237
            ],
            [
              74.365,
              31.32212
            ],
            [
              74.36526,
              31.32187
            ],
            [
              74.36554,
              31.32161
            ],
            [
              74.36589,
              31.32133
            ],
            [
              74.36588,
              31.32111
            ],
            [
              74.36587,
              31.32061
            ],
            [
              74.36587,
              31.32024
            ],
            [
              74.36585,
              31.32012
            ],
            [
              74.36585,
              31.32006
            ],
            [
              74.36587,
              31.31971
            ],
            [
              74.36624,
              31.31961
            ],
            [
              74.36646,
              31.31955
            ],
            [
              74.36628,
              31.31912
            ],
            [
              74.36621,
              31.31862
            ],
            [
              74.36613,
              31.31813
            ],
            [
              74.36605,
              31.31764
            ],
            [
              74.36604,
              31.31746
            ],
            [
              74.36598,
              31.31714
            ],
            [
              74.36594,
              31.31665
            ],
            [
              74.36589,
              31.31616
            ],
            [
              74.36592,
              31.31604
            ],
            [
              74.3661,
              31.31579
            ],
            [
              74.36619,
              31.31565
            ],
            [
              74.36635,
              31.31542
            ],
            [
              74.36641,
              31.31532
            ],
            [
              74.36634,
              31.31522
            ],
            [
              74.36629,
              31.31516
            ],
            [
              74.36594,
              31.31467
            ],
            [
              74.36567,
              31.31429
            ],
            [
              74.36559,
              31.31418
            ],
            [
              74.36524,
              31.3137
            ],
            [
              74.36515,
              31.31358
            ],
            [
              74.365,
              31.31337
            ],
            [
              74.36488,
              31.31321
            ],
            [
              74.36453,
              31.31272
            ],
            [
              74.36433,
              31.31245
            ],
            [
              74.36418,
              31.31223
            ],
            [
              74.36381,
              31.31175
            ],
            [
              74.3637,
              31.31165
            ],
            [
              74.36357,
              31.31151
            ],
            [
              74.36332,
              31.31126
            ],
            [
              74.363,
              31.31094
            ],
            [
              74.36295,
              31.31089
            ],
            [
              74.36284,
              31.31078
            ],
            [
              74.36237,
              31.31029
            ],
            [
              74.36234,
              31.31024
            ],
            [
              74.36205,
              31.30996
            ],
            [
              74.36188,
              31.30981
            ],
            [
              74.36168,
              31.30972
            ],
            [
              74.36158,
              31.30964
            ],
            [
              74.36119,
              31.30933
            ],
            [
              74.36103,
              31.30921
            ],
            [
              74.36091,
              31.30912
            ],
            [
              74.36089,
              31.3089
            ],
            [
              74.36102,
              31.30889
            ],
            [
              74.36166,
              31.30883
            ],
            [
              74.36229,
              31.30876
            ],
            [
              74.36279,
              31.3087
            ],
            [
              74.36293,
              31.30867
            ],
            [
              74.36357,
              31.30853
            ],
            [
              74.36421,
              31.3084
            ],
            [
              74.3643,
              31.30838
            ],
            [
              74.36423,
              31.30827
            ],
            [
              74.3642,
              31.30821
            ],
            [
              74.36398,
              31.30778
            ],
            [
              74.36376,
              31.30729
            ],
            [
              74.36368,
              31.30709
            ],
            [
              74.36356,
              31.3068
            ],
            [
              74.36352,
              31.30642
            ],
            [
              74.36352,
              31.30631
            ],
            [
              74.36352,
              31.30581
            ],
            [
              74.36352,
              31.30532
            ],
            [
              74.36353,
              31.30503
            ],
            [
              74.36352,
              31.30482
            ],
            [
              74.36352,
              31.30433
            ],
            [
              74.36352,
              31.3043
            ],
            [
              74.36407,
              31.30409
            ],
            [
              74.36414,
              31.30402
            ],
            [
              74.36471,
              31.30386
            ],
            [
              74.36472,
              31.3038
            ],
            [
              74.36475,
              31.30331
            ],
            [
              74.36482,
              31.30281
            ],
            [
              74.36531,
              31.30262
            ],
            [
              74.3654,
              31.30258
            ],
            [
              74.36546,
              31.3023
            ],
            [
              74.36549,
              31.30218
            ],
            [
              74.3655,
              31.30213
            ],
            [
              74.36567,
              31.30196
            ],
            [
              74.36578,
              31.30186
            ],
            [
              74.36593,
              31.30185
            ],
            [
              74.36624,
              31.30183
            ],
            [
              74.36652,
              31.30211
            ],
            [
              74.36654,
              31.30228
            ],
            [
              74.3666,
              31.30277
            ],
            [
              74.36674,
              31.30326
            ],
            [
              74.36685,
              31.30368
            ],
            [
              74.36711,
              31.30375
            ],
            [
              74.36727,
              31.3038
            ],
            [
              74.36727,
              31.30375
            ],
            [
              74.36738,
              31.30325
            ],
            [
              74.36741,
              31.30308
            ],
            [
              74.36788,
              31.30297
            ],
            [
              74.36831,
              31.30287
            ],
            [
              74.36852,
              31.30281
            ],
            [
              74.36873,
              31.30275
            ],
            [
              74.36895,
              31.30272
            ],
            [
              74.36916,
              31.30268
            ],
            [
              74.36975,
              31.30258
            ],
            [
              74.36979,
              31.30257
            ],
            [
              74.37043,
              31.30248
            ],
            [
              74.37074,
              31.3024
            ],
            [
              74.37107,
              31.30245
            ],
            [
              74.37136,
              31.30247
            ],
            [
              74.37171,
              31.30249
            ],
            [
              74.37192,
              31.3025
            ],
            [
              74.37213,
              31.3025
            ],
            [
              74.37236,
              31.30261
            ],
            [
              74.37239,
              31.30264
            ],
            [
              74.373,
              31.30282
            ],
            [
              74.37316,
              31.30289
            ],
            [
              74.37365,
              31.30295
            ],
            [
              74.37387,
              31.30297
            ],
            [
              74.37429,
              31.30287
            ],
            [
              74.37473,
              31.30272
            ],
            [
              74.37493,
              31.30283
            ],
            [
              74.37532,
              31.30307
            ],
            [
              74.37535,
              31.30309
            ],
            [
              74.3754,
              31.30313
            ],
            [
              74.37543,
              31.30315
            ],
            [
              74.37548,
              31.30318
            ],
            [
              74.37557,
              31.30328
            ],
            [
              74.37558,
              31.30329
            ],
            [
              74.37584,
              31.30355
            ],
            [
              74.37624,
              31.30394
            ],
            [
              74.37634,
              31.30403
            ],
            [
              74.3764,
              31.30409
            ],
            [
              74.3767,
              31.30436
            ],
            [
              74.37675,
              31.30446
            ],
            [
              74.37679,
              31.30452
            ],
            [
              74.37691,
              31.30463
            ],
            [
              74.37713,
              31.30486
            ],
            [
              74.3773,
              31.305
            ],
            [
              74.37757,
              31.3053
            ],
            [
              74.37778,
              31.30549
            ],
            [
              74.37807,
              31.30577
            ],
            [
              74.37823,
              31.30593
            ],
            [
              74.37826,
              31.30597
            ],
            [
              74.37872,
              31.30645
            ],
            [
              74.37889,
              31.30662
            ],
            [
              74.37928,
              31.30694
            ],
            [
              74.37954,
              31.30689
            ],
            [
              74.38018,
              31.30678
            ],
            [
              74.38082,
              31.30687
            ],
            [
              74.38098,
              31.3069
            ],
            [
              74.38139,
              31.30697
            ],
            [
              74.38146,
              31.30698
            ],
            [
              74.38211,
              31.30708
            ],
            [
              74.38234,
              31.30711
            ],
            [
              74.3826,
              31.30716
            ],
            [
              74.38275,
              31.3072
            ],
            [
              74.38328,
              31.30734
            ],
            [
              74.3833,
              31.3073
            ],
            [
              74.38332,
              31.30734
            ],
            [
              74.38341,
              31.30774
            ],
            [
              74.38345,
              31.30783
            ],
            [
              74.3836,
              31.30818
            ],
            [
              74.38367,
              31.30832
            ],
            [
              74.38397,
              31.30881
            ],
            [
              74.38409,
              31.30903
            ],
            [
              74.38421,
              31.30919
            ],
            [
              74.3843,
              31.3093
            ],
            [
              74.38439,
              31.30941
            ],
            [
              74.38466,
              31.30978
            ],
            [
              74.38476,
              31.30992
            ],
            [
              74.38503,
              31.31027
            ],
            [
              74.38514,
              31.31046
            ],
            [
              74.38533,
              31.31076
            ],
            [
              74.38543,
              31.31092
            ],
            [
              74.38568,
              31.31125
            ],
            [
              74.3859,
              31.31158
            ],
            [
              74.38583,
              31.3116
            ],
            [
              74.38545,
              31.31158
            ],
            [
              74.38481,
              31.31155
            ],
            [
              74.38432,
              31.31148
            ],
            [
              74.38417,
              31.31147
            ],
            [
              74.38414,
              31.31147
            ],
            [
              74.38403,
              31.31147
            ],
            [
              74.3841,
              31.31178
            ],
            [
              74.38418,
              31.312
            ],
            [
              74.38429,
              31.31227
            ],
            [
              74.38442,
              31.31256
            ],
            [
              74.38438,
              31.31276
            ],
            [
              74.38426,
              31.31326
            ],
            [
              74.38423,
              31.31337
            ],
            [
              74.38413,
              31.31376
            ],
            [
              74.38408,
              31.31388
            ],
            [
              74.38393,
              31.31407
            ],
            [
              74.38413,
              31.31425
            ],
            [
              74.38426,
              31.31437
            ],
            [
              74.38443,
              31.31454
            ],
            [
              74.38491,
              31.31459
            ],
            [
              74.38543,
              31.31466
            ],
            [
              74.38542,
              31.31472
            ],
            [
              74.38533,
              31.31522
            ],
            [
              74.38529,
              31.31547
            ],
            [
              74.38493,
              31.31547
            ],
            [
              74.3844,
              31.31547
            ],
            [
              74.38435,
              31.31524
            ],
            [
              74.38431,
              31.31502
            ],
            [
              74.38428,
              31.31502
            ],
            [
              74.38364,
              31.31506
            ],
            [
              74.38351,
              31.31508
            ],
            [
              74.383,
              31.31513
            ],
            [
              74.38292,
              31.31514
            ],
            [
              74.38278,
              31.31478
            ],
            [
              74.38262,
              31.31442
            ],
            [
              74.38234,
              31.31449
            ],
            [
              74.3817,
              31.31467
            ],
            [
              74.3814,
              31.31478
            ],
            [
              74.38139,
              31.31479
            ],
            [
              74.38139,
              31.31479
            ],
            [
              74.38139,
              31.31481
            ],
            [
              74.38138,
              31.31485
            ],
            [
              74.38107,
              31.31491
            ],
            [
              74.38043,
              31.31503
            ],
            [
              74.38032,
              31.31504
            ],
            [
              74.38039,
              31.31528
            ],
            [
              74.38001,
              31.31534
            ],
            [
              74.3798,
              31.3154
            ],
            [
              74.37917,
              31.31555
            ],
            [
              74.37853,
              31.31572
            ],
            [
              74.37813,
              31.31581
            ],
            [
              74.37812,
              31.31588
            ],
            [
              74.37802,
              31.31637
            ],
            [
              74.378,
              31.31644
            ],
            [
              74.37792,
              31.3165
            ],
            [
              74.3778,
              31.31656
            ],
            [
              74.37779,
              31.31685
            ],
            [
              74.37728,
              31.31676
            ],
            [
              74.37729,
              31.31689
            ],
            [
              74.3773,
              31.31738
            ],
            [
              74.3773,
              31.31745
            ],
            [
              74.37772,
              31.31754
            ],
            [
              74.3778,
              31.31786
            ],
            [
              74.37791,
              31.31818
            ],
            [
              74.37783,
              31.31836
            ],
            [
              74.37778,
              31.31883
            ],
            [
              74.37778,
              31.31886
            ],
            [
              74.37771,
              31.31907
            ],
            [
              74.37759,
              31.31935
            ],
            [
              74.37738,
              31.31983
            ],
            [
              74.37736,
              31.31986
            ],
            [
              74.37719,
              31.32035
            ],
            [
              74.37714,
              31.32054
            ],
            [
              74.3771,
              31.32056
            ],
            [
              74.37698,
              31.32085
            ],
            [
              74.37682,
              31.32135
            ],
            [
              74.37679,
              31.32142
            ],
            [
              74.37658,
              31.32185
            ],
            [
              74.37643,
              31.32235
            ],
            [
              74.37625,
              31.32285
            ],
            [
              74.37622,
              31.32292
            ],
            [
              74.37619,
              31.32296
            ],
            [
              74.37568,
              31.32331
            ],
            [
              74.37557,
              31.32336
            ],
            [
              74.37533,
              31.32348
            ],
            [
              74.37494,
              31.32386
            ],
            [
              74.37466,
              31.32413
            ],
            [
              74.37431,
              31.3243
            ],
            [
              74.3742,
              31.32438
            ],
            [
              74.37393,
              31.32459
            ],
            [
              74.37369,
              31.32486
            ],
            [
              74.37366,
              31.32489
            ],
            [
              74.37357,
              31.325
            ],
            [
              74.37331,
              31.3254
            ],
            [
              74.37323,
              31.32554
            ],
            [
              74.37312,
              31.32587
            ],
            [
              74.37316,
              31.32589
            ],
            [
              74.37366,
              31.32638
            ],
            [
              74.37369,
              31.32645
            ],
            [
              74.37374,
              31.32653
            ],
            [
              74.37398,
              31.32687
            ],
            [
              74.37428,
              31.32735
            ],
            [
              74.37442,
              31.3276
            ],
            [
              74.37458,
              31.32784
            ],
            [
              74.37459,
              31.3279
            ],
            [
              74.37469,
              31.32833
            ],
            [
              74.37481,
              31.32883
            ],
            [
              74.37493,
              31.32932
            ],
            [
              74.37508,
              31.32981
            ],
            [
              74.37531,
              31.33026
            ],
            [
              74.37533,
              31.3303
            ],
            [
              74.37552,
              31.33079
            ],
            [
              74.37563,
              31.3311
            ],
            [
              74.3757,
              31.33128
            ],
            [
              74.37583,
              31.33177
            ],
            [
              74.37603,
              31.33227
            ],
            [
              74.37623,
              31.33276
            ],
            [
              74.37645,
              31.33325
            ],
            [
              74.37652,
              31.33335
            ],
            [
              74.37675,
              31.33373
            ],
            [
              74.37707,
              31.33422
            ],
            [
              74.37719,
              31.3344
            ],
            [
              74.37733,
              31.3346
            ],
            [
              74.37739,
              31.33471
            ],
            [
              74.37762,
              31.3352
            ],
            [
              74.37786,
              31.33569
            ],
            [
              74.37789,
              31.33587
            ],
            [
              74.37834,
              31.33586
            ],
            [
              74.37852,
              31.33585
            ],
            [
              74.37915,
              31.33569
            ],
            [
              74.37931,
              31.33566
            ],
            [
              74.3794,
              31.33582
            ],
            [
              74.3798,
              31.33581
            ],
            [
              74.38029,
              31.33575
            ],
            [
              74.38044,
              31.3358
            ],
            [
              74.38074,
              31.33582
            ],
            [
              74.38055,
              31.33612
            ],
            [
              74.38045,
              31.33625
            ],
            [
              74.38019,
              31.33663
            ],
            [
              74.37984,
              31.33713
            ],
            [
              74.37973,
              31.3373
            ],
            [
              74.3797,
              31.3375
            ],
            [
              74.37985,
              31.3376
            ],
            [
              74.37989,
              31.33762
            ],
            [
              74.38037,
              31.33787
            ],
            [
              74.38047,
              31.33791
            ],
            [
              74.38037,
              31.33811
            ],
            [
              74.38011,
              31.33861
            ],
            [
              74.3799,
              31.33904
            ]
          ],
          [
            [
              74.37775,
              31.337
            ],
            [
              74.37779,
              31.33718
            ],
            [
              74.37792,
              31.33739
            ],
            [
              74.37809,
              31.33766
            ],
            [
              74.37821,
              31.33783
            ],
            [
              74.37842,
              31.33789
            ],
            [
              74.37842,
              31.33789
            ],
            [
              74.37838,
              31.33805
            ],
            [
              74.37846,
              31.33815
            ],
            [
              74.37855,
              31.33821
            ],
            [
              74.37859,
              31.33819
            ],
            [
              74.37865,
              31.33815
            ],
            [
              74.37891,
              31.33801
            ],
            [
              74.3788,
              31.33765
            ],
            [
              74.37865,
              31.33716
            ],
            [
              74.37854,
              31.33672
            ],
            [
              74.37853,
              31.33666
            ],
            [
              74.37848,
              31.33651
            ],
            [
              74.3779,
              31.33647
            ],
            [
              74.37778,
              31.33648
            ],
            [
              74.37777,
              31.33668
            ],
            [
              74.37775,
              31.337
            ]
          ]
        ]
      }
    },
    {
      "type": "Feature",
      "properties": {
        "mauza": "Baksheesh Pura",
        "mauza_urdu": null,
        "hb_no": null,
        "tehsil": "Nishter",
        "district": "Lahore",
        "source_object_id": 753977
      },
      "geometry": {
        "type": "Polygon",
        "coordinates": [
          [
            [
              74.42502,
              31.47255
            ],
            [
              74.42476,
              31.4727
            ],
            [
              74.42454,
              31.47264
            ],
            [
              74.42445,
              31.47257
            ],
            [
              74.42437,
              31.4725
            ],
            [
              74.42414,
              31.47235
            ],
            [
              74.42366,
              31.47207
            ],
            [
              74.42351,
              31.47199
            ],
            [
              74.42343,
              31.47192
            ],
            [
              74.4232,
              31.47174
            ],
            [
              74.42309,
              31.47182
            ],
            [
              74.42296,
              31.47171
            ],
            [
              74.42269,
              31.4715
            ],
            [
              74.42229,
              31.47113
            ],
            [
              74.42228,
              31.47112
            ],
            [
              74.42239,
              31.47111
            ],
            [
              74.42233,
              31.47104
            ],
            [
              74.4222,
              31.47087
            ],
            [
              74.42196,
              31.47058
            ],
            [
              74.4216,
              31.47012
            ],
            [
              74.42158,
              31.4701
            ],
            [
              74.42154,
              31.47006
            ],
            [
              74.42125,
              31.46966
            ],
            [
              74.4209,
              31.4692
            ],
            [
              74.4206,
              31.4688
            ],
            [
              74.42053,
              31.46874
            ],
            [
              74.42018,
              31.46828
            ],
            [
              74.41988,
              31.46793
            ],
            [
              74.41988,
              31.46781
            ],
            [
              74.41977,
              31.46749
            ],
            [
              74.41972,
              31.46733
            ],
            [
              74.41955,
              31.46685
            ],
            [
              74.41949,
              31.46672
            ],
            [
              74.41937,
              31.46652
            ],
            [
              74.41945,
              31.46636
            ],
            [
              74.41915,
              31.46643
            ],
            [
              74.41898,
              31.46645
            ],
            [
              74.41893,
              31.46644
            ],
            [
              74.4189,
              31.46644
            ],
            [
              74.41834,
              31.46649
            ],
            [
              74.4177,
              31.46654
            ],
            [
              74.41743,
              31.46657
            ],
            [
              74.41729,
              31.46652
            ],
            [
              74.41705,
              31.46651
            ],
            [
              74.41652,
              31.46647
            ],
            [
              74.4164,
              31.46649
            ],
            [
              74.4159,
              31.4667
            ],
            [
              74.41579,
              31.46674
            ],
            [
              74.41517,
              31.46693
            ],
            [
              74.41509,
              31.46696
            ],
            [
              74.41454,
              31.4671
            ],
            [
              74.41427,
              31.46717
            ],
            [
              74.41393,
              31.4673
            ],
            [
              74.41372,
              31.46737
            ],
            [
              74.41343,
              31.4674
            ],
            [
              74.41337,
              31.46741
            ],
            [
              74.4133,
              31.46745
            ],
            [
              74.41312,
              31.46751
            ],
            [
              74.41304,
              31.46755
            ],
            [
              74.41267,
              31.46758
            ],
            [
              74.41204,
              31.46765
            ],
            [
              74.4114,
              31.46772
            ],
            [
              74.41126,
              31.46778
            ],
            [
              74.41102,
              31.46774
            ],
            [
              74.41075,
              31.4677
            ],
            [
              74.41072,
              31.46771
            ],
            [
              74.41053,
              31.4677
            ],
            [
              74.41011,
              31.46775
            ],
            [
              74.40955,
              31.46784
            ],
            [
              74.40948,
              31.46788
            ],
            [
              74.40934,
              31.46792
            ],
            [
              74.40907,
              31.468
            ],
            [
              74.40887,
              31.46812
            ],
            [
              74.4085,
              31.46832
            ],
            [
              74.40827,
              31.46841
            ],
            [
              74.40796,
              31.46853
            ],
            [
              74.40795,
              31.46856
            ],
            [
              74.4079,
              31.46864
            ],
            [
              74.40778,
              31.46871
            ],
            [
              74.40771,
              31.46859
            ],
            [
              74.40762,
              31.46843
            ],
            [
              74.40745,
              31.46812
            ],
            [
              74.40732,
              31.4679
            ],
            [
              74.40727,
              31.46764
            ],
            [
              74.4071,
              31.46716
            ],
            [
              74.40701,
              31.46689
            ],
            [
              74.40694,
              31.46668
            ],
            [
              74.40677,
              31.46619
            ],
            [
              74.40667,
              31.46586
            ],
            [
              74.40662,
              31.46571
            ],
            [
              74.40655,
              31.46548
            ],
            [
              74.40649,
              31.46525
            ],
            [
              74.40649,
              31.46523
            ],
            [
              74.40627,
              31.46475
            ],
            [
              74.40625,
              31.4647
            ],
            [
              74.40609,
              31.46427
            ],
            [
              74.40588,
              31.46379
            ],
            [
              74.40581,
              31.46361
            ],
            [
              74.40565,
              31.46332
            ],
            [
              74.40558,
              31.4632
            ],
            [
              74.40543,
              31.46292
            ],
            [
              74.40535,
              31.46285
            ],
            [
              74.40511,
              31.46265
            ],
            [
              74.40492,
              31.4624
            ],
            [
              74.4048,
              31.46223
            ],
            [
              74.4048,
              31.46223
            ],
            [
              74.40429,
              31.46197
            ],
            [
              74.40421,
              31.46192
            ],
            [
              74.4041,
              31.46188
            ],
            [
              74.40392,
              31.46182
            ],
            [
              74.40397,
              31.46174
            ],
            [
              74.40408,
              31.46175
            ],
            [
              74.40434,
              31.46178
            ],
            [
              74.40438,
              31.4618
            ],
            [
              74.40463,
              31.46193
            ],
            [
              74.40476,
              31.462
            ],
            [
              74.40486,
              31.46205
            ],
            [
              74.40546,
              31.46234
            ],
            [
              74.40557,
              31.4624
            ],
            [
              74.40566,
              31.46232
            ],
            [
              74.40602,
              31.46202
            ],
            [
              74.40605,
              31.46198
            ],
            [
              74.40612,
              31.46193
            ],
            [
              74.40612,
              31.46191
            ],
            [
              74.40613,
              31.46183
            ],
            [
              74.40612,
              31.46177
            ],
            [
              74.40624,
              31.46153
            ],
            [
              74.40653,
              31.46158
            ],
            [
              74.40664,
              31.46153
            ],
            [
              74.40683,
              31.46138
            ],
            [
              74.40717,
              31.46097
            ],
            [
              74.40717,
              31.46097
            ],
            [
              74.4072,
              31.46095
            ],
            [
              74.40763,
              31.46101
            ],
            [
              74.40785,
              31.46098
            ],
            [
              74.40847,
              31.46082
            ],
            [
              74.40855,
              31.46076
            ],
            [
              74.40863,
              31.46101
            ],
            [
              74.40866,
              31.46108
            ],
            [
              74.40915,
              31.46104
            ],
            [
              74.40947,
              31.461
            ],
            [
              74.40981,
              31.4611
            ],
            [
              74.41044,
              31.4613
            ],
            [
              74.41047,
              31.46123
            ],
            [
              74.41053,
              31.46112
            ],
            [
              74.41061,
              31.46109
            ],
            [
              74.41059,
              31.46081
            ],
            [
              74.41067,
              31.46047
            ],
            [
              74.41053,
              31.46031
            ],
            [
              74.4104,
              31.46008
            ],
            [
              74.41034,
              31.45984
            ],
            [
              74.41032,
              31.45981
            ],
            [
              74.41039,
              31.45974
            ],
            [
              74.41048,
              31.45956
            ],
            [
              74.41052,
              31.45932
            ],
            [
              74.41057,
              31.45914
            ],
            [
              74.41058,
              31.45914
            ],
            [
              74.4106,
              31.45913
            ],
            [
              74.4106,
              31.45906
            ],
            [
              74.41066,
              31.45887
            ],
            [
              74.41079,
              31.4589
            ],
            [
              74.41147,
              31.45915
            ],
            [
              74.4115,
              31.45917
            ],
            [
              74.41166,
              31.45906
            ],
            [
              74.41212,
              31.45919
            ],
            [
              74.41279,
              31.45933
            ],
            [
              74.41296,
              31.45937
            ],
            [
              74.41307,
              31.45939
            ],
            [
              74.41313,
              31.45941
            ],
            [
              74.41334,
              31.45943
            ],
            [
              74.41345,
              31.45944
            ],
            [
              74.41386,
              31.45947
            ],
            [
              74.4141,
              31.45948
            ],
            [
              74.41418,
              31.4595
            ],
            [
              74.41474,
              31.45943
            ],
            [
              74.41537,
              31.45933
            ],
            [
              74.4155,
              31.45933
            ],
            [
              74.41582,
              31.45929
            ],
            [
              74.4159,
              31.45929
            ],
            [
              74.41601,
              31.45928
            ],
            [
              74.41665,
              31.4592
            ],
            [
              74.41728,
              31.45912
            ],
            [
              74.41735,
              31.4591
            ],
            [
              74.41742,
              31.45908
            ],
            [
              74.41777,
              31.45894
            ],
            [
              74.41779,
              31.4589
            ],
            [
              74.41778,
              31.45855
            ],
            [
              74.41778,
              31.45806
            ],
            [
              74.41771,
              31.45756
            ],
            [
              74.41771,
              31.45745
            ],
            [
              74.41773,
              31.45706
            ],
            [
              74.41776,
              31.45656
            ],
            [
              74.41784,
              31.45652
            ],
            [
              74.41801,
              31.45636
            ],
            [
              74.41821,
              31.45611
            ],
            [
              74.41825,
              31.45613
            ],
            [
              74.41828,
              31.45615
            ],
            [
              74.41873,
              31.45646
            ],
            [
              74.41932,
              31.4569
            ],
            [
              74.41958,
              31.45708
            ],
            [
              74.41992,
              31.45733
            ],
            [
              74.42009,
              31.45745
            ],
            [
              74.4203,
              31.4576
            ],
            [
              74.42053,
              31.45777
            ],
            [
              74.42103,
              31.45815
            ],
            [
              74.42116,
              31.4582
            ],
            [
              74.42174,
              31.45864
            ],
            [
              74.42182,
              31.4587
            ],
            [
              74.42184,
              31.45872
            ],
            [
              74.4223,
              31.45908
            ],
            [
              74.42246,
              31.45916
            ],
            [
              74.42269,
              31.45929
            ],
            [
              74.42293,
              31.45951
            ],
            [
              74.42318,
              31.45969
            ],
            [
              74.42354,
              31.45994
            ],
            [
              74.42377,
              31.46015
            ],
            [
              74.42372,
              31.46042
            ],
            [
              74.42363,
              31.46093
            ],
            [
              74.42362,
              31.461
            ],
            [
              74.42362,
              31.4611
            ],
            [
              74.42341,
              31.46131
            ],
            [
              74.42337,
              31.46135
            ],
            [
              74.42338,
              31.46146
            ],
            [
              74.42336,
              31.46196
            ],
            [
              74.42336,
              31.46216
            ],
            [
              74.42333,
              31.46233
            ],
            [
              74.42303,
              31.46249
            ],
            [
              74.42294,
              31.46256
            ],
            [
              74.42289,
              31.46258
            ],
            [
              74.42247,
              31.46305
            ],
            [
              74.42238,
              31.46314
            ],
            [
              74.42202,
              31.46353
            ],
            [
              74.4218,
              31.46358
            ],
            [
              74.42169,
              31.46359
            ],
            [
              74.42126,
              31.46367
            ],
            [
              74.42117,
              31.4637
            ],
            [
              74.42103,
              31.46372
            ],
            [
              74.42093,
              31.46399
            ],
            [
              74.42116,
              31.46418
            ],
            [
              74.42126,
              31.46427
            ],
            [
              74.42127,
              31.4643
            ],
            [
              74.42111,
              31.46436
            ],
            [
              74.42128,
              31.46467
            ],
            [
              74.42132,
              31.46475
            ],
            [
              74.42144,
              31.46499
            ],
            [
              74.42196,
              31.46471
            ],
            [
              74.42218,
              31.46457
            ],
            [
              74.42241,
              31.46486
            ],
            [
              74.42244,
              31.46505
            ],
            [
              74.42244,
              31.4652
            ],
            [
              74.42244,
              31.46538
            ],
            [
              74.42214,
              31.46558
            ],
            [
              74.42209,
              31.46561
            ],
            [
              74.42207,
              31.46562
            ],
            [
              74.42201,
              31.46567
            ],
            [
              74.42179,
              31.46611
            ],
            [
              74.42178,
              31.46648
            ],
            [
              74.42183,
              31.46661
            ],
            [
              74.42196,
              31.46709
            ],
            [
              74.42208,
              31.46736
            ],
            [
              74.42211,
              31.46757
            ],
            [
              74.42223,
              31.46806
            ],
            [
              74.42235,
              31.46855
            ],
            [
              74.42242,
              31.46893
            ],
            [
              74.42244,
              31.46904
            ],
            [
              74.42237,
              31.46922
            ],
            [
              74.42197,
              31.46932
            ],
            [
              74.42189,
              31.46932
            ],
            [
              74.42199,
              31.46942
            ],
            [
              74.42214,
              31.46957
            ],
            [
              74.42251,
              31.47003
            ],
            [
              74.42276,
              31.47031
            ],
            [
              74.42292,
              31.47048
            ],
            [
              74.42316,
              31.47037
            ],
            [
              74.42323,
              31.47045
            ],
            [
              74.42346,
              31.47069
            ],
            [
              74.42367,
              31.4709
            ],
            [
              74.42392,
              31.47113
            ],
            [
              74.42415,
              31.47098
            ],
            [
              74.42442,
              31.47132
            ],
            [
              74.42443,
              31.47133
            ],
            [
              74.4246,
              31.4713
            ],
            [
              74.42481,
              31.47121
            ],
            [
              74.4248,
              31.47128
            ],
            [
              74.4248,
              31.47132
            ],
            [
              74.42478,
              31.47148
            ],
            [
              74.42489,
              31.47163
            ],
            [
              74.42497,
              31.47176
            ],
            [
              74.42499,
              31.4718
            ],
            [
              74.42507,
              31.47175
            ],
            [
              74.42539,
              31.47154
            ],
            [
              74.42535,
              31.47122
            ],
            [
              74.42546,
              31.47112
            ],
            [
              74.42552,
              31.47106
            ],
            [
              74.42575,
              31.47105
            ],
            [
              74.42578,
              31.47094
            ],
            [
              74.42607,
              31.47087
            ],
            [
              74.42634,
              31.47081
            ],
            [
              74.42641,
              31.47087
            ],
            [
              74.42656,
              31.4711
            ],
            [
              74.42664,
              31.4712
            ],
            [
              74.42681,
              31.47146
            ],
            [
              74.42687,
              31.47156
            ],
            [
              74.42713,
              31.47203
            ],
            [
              74.42711,
              31.47209
            ],
            [
              74.42691,
              31.47217
            ],
            [
              74.42629,
              31.4724
            ],
            [
              74.4257,
              31.47257
            ],
            [
              74.42566,
              31.47251
            ],
            [
              74.42555,
              31.47228
            ],
            [
              74.42502,
              31.47255
            ]
          ]
        ]
      }
    },
    {
      "type": "Feature",
      "properties": {
        "mauza": "Chak Assu",
        "mauza_urdu": null,
        "hb_no": null,
        "tehsil": "Nishter",
        "district": "Lahore",
        "source_object_id": 753995
      },
      "geometry": {
        "type": "Polygon",
        "coordinates": [
          [
            [
              74.44377,
              31.28968
            ],
            [
              74.44346,
              31.29016
            ],
            [
              74.44298,
              31.29086
            ],
            [
              74.44252,
              31.29075
            ],
            [
              74.44188,
              31.29066
            ],
            [
              74.44124,
              31.29058
            ],
            [
              74.44106,
              31.29055
            ],
            [
              74.44071,
              31.29007
            ],
            [
              74.44063,
              31.28997
            ],
            [
              74.44016,
              31.28958
            ],
            [
              74.44,
              31.28966
            ],
            [
              74.43965,
              31.28972
            ],
            [
              74.4396,
              31.28973
            ],
            [
              74.43936,
              31.28973
            ],
            [
              74.43872,
              31.28967
            ],
            [
              74.43811,
              31.28959
            ],
            [
              74.43809,
              31.28958
            ],
            [
              74.43745,
              31.28952
            ],
            [
              74.43678,
              31.2897
            ],
            [
              74.43678,
              31.28944
            ],
            [
              74.43678,
              31.28941
            ],
            [
              74.43617,
              31.2894
            ],
            [
              74.43574,
              31.2894
            ],
            [
              74.43579,
              31.2899
            ],
            [
              74.436,
              31.28991
            ],
            [
              74.43604,
              31.2904
            ],
            [
              74.43603,
              31.29061
            ],
            [
              74.43547,
              31.29071
            ],
            [
              74.4353,
              31.29076
            ],
            [
              74.43524,
              31.29078
            ],
            [
              74.4352,
              31.29055
            ],
            [
              74.43512,
              31.29007
            ],
            [
              74.43503,
              31.28948
            ],
            [
              74.43439,
              31.28952
            ],
            [
              74.43424,
              31.28956
            ],
            [
              74.4336,
              31.28956
            ],
            [
              74.43344,
              31.28955
            ],
            [
              74.43327,
              31.28981
            ],
            [
              74.43315,
              31.28998
            ],
            [
              74.43292,
              31.2903
            ],
            [
              74.43281,
              31.29044
            ],
            [
              74.43227,
              31.29054
            ],
            [
              74.43163,
              31.29064
            ],
            [
              74.43098,
              31.29074
            ],
            [
              74.43087,
              31.29075
            ],
            [
              74.43017,
              31.29055
            ],
            [
              74.43011,
              31.29053
            ],
            [
              74.43004,
              31.2905
            ],
            [
              74.42972,
              31.29038
            ],
            [
              74.42909,
              31.29011
            ],
            [
              74.4288,
              31.29001
            ],
            [
              74.42844,
              31.29024
            ],
            [
              74.42817,
              31.29041
            ],
            [
              74.42779,
              31.29045
            ],
            [
              74.42746,
              31.29049
            ],
            [
              74.42715,
              31.29044
            ],
            [
              74.42651,
              31.29036
            ],
            [
              74.42618,
              31.29033
            ],
            [
              74.42587,
              31.29036
            ],
            [
              74.42523,
              31.29043
            ],
            [
              74.425,
              31.29045
            ],
            [
              74.42476,
              31.29002
            ],
            [
              74.42461,
              31.2898
            ],
            [
              74.42461,
              31.28979
            ],
            [
              74.42444,
              31.28951
            ],
            [
              74.42414,
              31.289
            ],
            [
              74.42336,
              31.28917
            ],
            [
              74.42296,
              31.28925
            ],
            [
              74.42272,
              31.28924
            ],
            [
              74.42208,
              31.28919
            ],
            [
              74.42193,
              31.28919
            ],
            [
              74.42164,
              31.28892
            ],
            [
              74.42134,
              31.28866
            ],
            [
              74.4213,
              31.28841
            ],
            [
              74.42126,
              31.28791
            ],
            [
              74.42125,
              31.2878
            ],
            [
              74.42086,
              31.28779
            ],
            [
              74.42069,
              31.28781
            ],
            [
              74.42037,
              31.28739
            ],
            [
              74.41999,
              31.28688
            ],
            [
              74.4196,
              31.28637
            ],
            [
              74.41953,
              31.28633
            ],
            [
              74.41933,
              31.28587
            ],
            [
              74.41915,
              31.28553
            ],
            [
              74.41909,
              31.28536
            ],
            [
              74.41884,
              31.28486
            ],
            [
              74.41859,
              31.28435
            ],
            [
              74.41838,
              31.28416
            ],
            [
              74.41832,
              31.28385
            ],
            [
              74.41809,
              31.28335
            ],
            [
              74.41781,
              31.28284
            ],
            [
              74.41769,
              31.2827
            ],
            [
              74.41726,
              31.28268
            ],
            [
              74.41662,
              31.28265
            ],
            [
              74.41601,
              31.28263
            ],
            [
              74.41601,
              31.28228
            ],
            [
              74.416,
              31.28209
            ],
            [
              74.41602,
              31.28179
            ],
            [
              74.41602,
              31.28129
            ],
            [
              74.41603,
              31.2808
            ],
            [
              74.41603,
              31.28077
            ],
            [
              74.41604,
              31.2803
            ],
            [
              74.41604,
              31.27981
            ],
            [
              74.41605,
              31.27931
            ],
            [
              74.416,
              31.27891
            ],
            [
              74.41606,
              31.27882
            ],
            [
              74.41605,
              31.27832
            ],
            [
              74.41603,
              31.27791
            ],
            [
              74.4162,
              31.27783
            ],
            [
              74.41751,
              31.27731
            ],
            [
              74.41774,
              31.27726
            ],
            [
              74.41772,
              31.27719
            ],
            [
              74.41777,
              31.27689
            ],
            [
              74.41782,
              31.27666
            ],
            [
              74.41797,
              31.2764
            ],
            [
              74.41821,
              31.27592
            ],
            [
              74.41818,
              31.27493
            ],
            [
              74.41812,
              31.27443
            ],
            [
              74.41809,
              31.27418
            ],
            [
              74.418,
              31.27385
            ],
            [
              74.41799,
              31.27349
            ],
            [
              74.41798,
              31.27343
            ],
            [
              74.41783,
              31.27244
            ],
            [
              74.41793,
              31.27244
            ],
            [
              74.4179,
              31.27221
            ],
            [
              74.41791,
              31.27218
            ],
            [
              74.41798,
              31.27195
            ],
            [
              74.41792,
              31.27096
            ],
            [
              74.41791,
              31.27071
            ],
            [
              74.41791,
              31.27053
            ],
            [
              74.41805,
              31.26991
            ],
            [
              74.41816,
              31.26938
            ],
            [
              74.41814,
              31.26895
            ],
            [
              74.41814,
              31.26887
            ],
            [
              74.41814,
              31.26848
            ],
            [
              74.41814,
              31.26799
            ],
            [
              74.41812,
              31.26796
            ],
            [
              74.41805,
              31.26775
            ],
            [
              74.41816,
              31.26749
            ],
            [
              74.41817,
              31.26734
            ],
            [
              74.41816,
              31.26718
            ],
            [
              74.41825,
              31.267
            ],
            [
              74.41841,
              31.2666
            ],
            [
              74.41865,
              31.26663
            ],
            [
              74.41929,
              31.26668
            ],
            [
              74.41973,
              31.26671
            ],
            [
              74.41993,
              31.26673
            ],
            [
              74.42017,
              31.26674
            ],
            [
              74.42025,
              31.26658
            ],
            [
              74.42036,
              31.26635
            ],
            [
              74.42124,
              31.26609
            ],
            [
              74.42127,
              31.26609
            ],
            [
              74.42162,
              31.26607
            ],
            [
              74.42188,
              31.26605
            ],
            [
              74.4225,
              31.266
            ],
            [
              74.42252,
              31.26602
            ],
            [
              74.42292,
              31.26609
            ],
            [
              74.42316,
              31.26614
            ],
            [
              74.42357,
              31.26621
            ],
            [
              74.42374,
              31.2667
            ],
            [
              74.42377,
              31.2667
            ],
            [
              74.42387,
              31.26692
            ],
            [
              74.42441,
              31.26679
            ],
            [
              74.42465,
              31.26673
            ],
            [
              74.42499,
              31.26664
            ],
            [
              74.42509,
              31.26662
            ],
            [
              74.42555,
              31.26654
            ],
            [
              74.4257,
              31.2665
            ],
            [
              74.42626,
              31.26638
            ],
            [
              74.42635,
              31.26636
            ],
            [
              74.4266,
              31.26629
            ],
            [
              74.42689,
              31.26593
            ],
            [
              74.42701,
              31.2659
            ],
            [
              74.42718,
              31.26578
            ],
            [
              74.42759,
              31.26569
            ],
            [
              74.42778,
              31.26565
            ],
            [
              74.42831,
              31.26548
            ],
            [
              74.42856,
              31.26538
            ],
            [
              74.42876,
              31.26533
            ],
            [
              74.42897,
              31.26522
            ],
            [
              74.42924,
              31.26508
            ],
            [
              74.42962,
              31.26488
            ],
            [
              74.42967,
              31.26487
            ],
            [
              74.43028,
              31.2645
            ],
            [
              74.43042,
              31.2644
            ],
            [
              74.43045,
              31.26439
            ],
            [
              74.43051,
              31.26438
            ],
            [
              74.43098,
              31.26397
            ],
            [
              74.43103,
              31.26395
            ],
            [
              74.43149,
              31.26371
            ],
            [
              74.4316,
              31.26369
            ],
            [
              74.43204,
              31.26349
            ],
            [
              74.43225,
              31.26344
            ],
            [
              74.43291,
              31.26316
            ],
            [
              74.43296,
              31.26312
            ],
            [
              74.43357,
              31.26271
            ],
            [
              74.43406,
              31.26239
            ],
            [
              74.43422,
              31.2625
            ],
            [
              74.43487,
              31.26312
            ],
            [
              74.43524,
              31.26345
            ],
            [
              74.43547,
              31.26326
            ],
            [
              74.43613,
              31.26284
            ],
            [
              74.43629,
              31.26307
            ],
            [
              74.43673,
              31.26368
            ],
            [
              74.43683,
              31.26383
            ],
            [
              74.4369,
              31.26385
            ],
            [
              74.43721,
              31.26368
            ],
            [
              74.43737,
              31.26359
            ],
            [
              74.43766,
              31.26343
            ],
            [
              74.43776,
              31.26336
            ],
            [
              74.43803,
              31.26323
            ],
            [
              74.43859,
              31.26289
            ],
            [
              74.43869,
              31.26285
            ],
            [
              74.43911,
              31.26267
            ],
            [
              74.43934,
              31.26262
            ],
            [
              74.43943,
              31.2626
            ],
            [
              74.43999,
              31.26243
            ],
            [
              74.4403,
              31.26232
            ],
            [
              74.44043,
              31.26264
            ],
            [
              74.44063,
              31.26258
            ],
            [
              74.44125,
              31.26237
            ],
            [
              74.44128,
              31.26236
            ],
            [
              74.44132,
              31.26237
            ],
            [
              74.44192,
              31.26229
            ],
            [
              74.44224,
              31.26228
            ],
            [
              74.44233,
              31.2626
            ],
            [
              74.44221,
              31.26287
            ],
            [
              74.44215,
              31.2631
            ],
            [
              74.44233,
              31.26337
            ],
            [
              74.4425,
              31.26356
            ],
            [
              74.44266,
              31.26388
            ],
            [
              74.44282,
              31.26411
            ],
            [
              74.44283,
              31.26416
            ],
            [
              74.44291,
              31.26438
            ],
            [
              74.44301,
              31.26472
            ],
            [
              74.44308,
              31.26488
            ],
            [
              74.44308,
              31.26488
            ],
            [
              74.44308,
              31.26488
            ],
            [
              74.4427,
              31.265
            ],
            [
              74.44243,
              31.26503
            ],
            [
              74.44196,
              31.2651
            ],
            [
              74.44179,
              31.26517
            ],
            [
              74.44145,
              31.26532
            ],
            [
              74.44113,
              31.26542
            ],
            [
              74.44082,
              31.26554
            ],
            [
              74.44093,
              31.26575
            ],
            [
              74.44099,
              31.26585
            ],
            [
              74.44103,
              31.2663
            ],
            [
              74.44103,
              31.26674
            ],
            [
              74.44097,
              31.26705
            ],
            [
              74.44095,
              31.26722
            ],
            [
              74.44103,
              31.26747
            ],
            [
              74.44107,
              31.2676
            ],
            [
              74.44115,
              31.26774
            ],
            [
              74.44163,
              31.26854
            ],
            [
              74.44187,
              31.26867
            ],
            [
              74.44231,
              31.26892
            ],
            [
              74.44268,
              31.2693
            ],
            [
              74.44271,
              31.26933
            ],
            [
              74.44286,
              31.26954
            ],
            [
              74.44297,
              31.26968
            ],
            [
              74.44331,
              31.27023
            ],
            [
              74.44373,
              31.27072
            ],
            [
              74.44507,
              31.2715
            ],
            [
              74.44524,
              31.2722
            ],
            [
              74.44533,
              31.27283
            ],
            [
              74.44534,
              31.27299
            ],
            [
              74.4449,
              31.2736
            ],
            [
              74.44453,
              31.27407
            ],
            [
              74.44439,
              31.27425
            ],
            [
              74.44436,
              31.27431
            ],
            [
              74.44432,
              31.27434
            ],
            [
              74.44412,
              31.27483
            ],
            [
              74.44404,
              31.27502
            ],
            [
              74.44452,
              31.27527
            ],
            [
              74.44456,
              31.27529
            ],
            [
              74.44455,
              31.27534
            ],
            [
              74.44451,
              31.27559
            ],
            [
              74.44446,
              31.27583
            ],
            [
              74.44433,
              31.27632
            ],
            [
              74.44429,
              31.27655
            ],
            [
              74.44428,
              31.27682
            ],
            [
              74.44425,
              31.27731
            ],
            [
              74.44425,
              31.27744
            ],
            [
              74.44421,
              31.27761
            ],
            [
              74.44422,
              31.27764
            ],
            [
              74.44437,
              31.27831
            ],
            [
              74.44438,
              31.27833
            ],
            [
              74.44454,
              31.27904
            ],
            [
              74.44456,
              31.2793
            ],
            [
              74.44457,
              31.2798
            ],
            [
              74.44458,
              31.28021
            ],
            [
              74.44456,
              31.28029
            ],
            [
              74.44444,
              31.28078
            ],
            [
              74.44432,
              31.28128
            ],
            [
              74.44427,
              31.28157
            ],
            [
              74.44422,
              31.28174
            ],
            [
              74.44422,
              31.28177
            ],
            [
              74.44413,
              31.28226
            ],
            [
              74.44408,
              31.28268
            ],
            [
              74.44403,
              31.28275
            ],
            [
              74.44391,
              31.28324
            ],
            [
              74.44382,
              31.28374
            ],
            [
              74.44373,
              31.28423
            ],
            [
              74.44365,
              31.28472
            ],
            [
              74.44356,
              31.28521
            ],
            [
              74.44355,
              31.28543
            ],
            [
              74.44352,
              31.28565
            ],
            [
              74.44352,
              31.28565
            ],
            [
              74.44352,
              31.28571
            ],
            [
              74.44359,
              31.28621
            ],
            [
              74.44358,
              31.28627
            ],
            [
              74.44372,
              31.28668
            ],
            [
              74.44373,
              31.28671
            ],
            [
              74.44384,
              31.28705
            ],
            [
              74.4439,
              31.28718
            ],
            [
              74.4439,
              31.28721
            ],
            [
              74.44407,
              31.28771
            ],
            [
              74.4441,
              31.28788
            ],
            [
              74.44427,
              31.28821
            ],
            [
              74.44446,
              31.28865
            ],
            [
              74.4441,
              31.28917
            ],
            [
              74.44408,
              31.28919
            ],
            [
              74.44377,
              31.28968
            ]
          ]
        ]
      }
    },
    {
      "type": "Feature",
      "properties": {
        "mauza": "Dev Khurd Kalan",
        "mauza_urdu": null,
        "hb_no": null,
        "tehsil": "Nishter",
        "district": "Lahore",
        "source_object_id": 754012
      },
      "geometry": {
        "type": "Polygon",
        "coordinates": [
          [
            [
              74.41259,
              31.43218
            ],
            [
              74.41212,
              31.43223
            ],
            [
              74.41195,
              31.43225
            ],
            [
              74.41132,
              31.43233
            ],
            [
              74.41092,
              31.43239
            ],
            [
              74.41084,
              31.43234
            ],
            [
              74.41064,
              31.4322
            ],
            [
              74.41024,
              31.43193
            ],
            [
              74.41004,
              31.4318
            ],
            [
              74.40988,
              31.4317
            ],
            [
              74.40958,
              31.43152
            ],
            [
              74.40927,
              31.43133
            ],
            [
              74.40913,
              31.43123
            ],
            [
              74.40897,
              31.43112
            ],
            [
              74.4087,
              31.43092
            ],
            [
              74.40879,
              31.43082
            ],
            [
              74.40851,
              31.43068
            ],
            [
              74.40834,
              31.4306
            ],
            [
              74.40778,
              31.43029
            ],
            [
              74.40761,
              31.4302
            ],
            [
              74.40747,
              31.43013
            ],
            [
              74.40703,
              31.42991
            ],
            [
              74.40688,
              31.42983
            ],
            [
              74.40662,
              31.42969
            ],
            [
              74.40638,
              31.4295
            ],
            [
              74.40617,
              31.42958
            ],
            [
              74.40574,
              31.42973
            ],
            [
              74.40572,
              31.42961
            ],
            [
              74.40571,
              31.42948
            ],
            [
              74.4057,
              31.42941
            ],
            [
              74.40563,
              31.42912
            ],
            [
              74.40558,
              31.429
            ],
            [
              74.40545,
              31.4287
            ],
            [
              74.40544,
              31.42865
            ],
            [
              74.40524,
              31.42817
            ],
            [
              74.40521,
              31.42809
            ],
            [
              74.40496,
              31.42771
            ],
            [
              74.40489,
              31.42762
            ],
            [
              74.40462,
              31.42726
            ],
            [
              74.40456,
              31.42717
            ],
            [
              74.40442,
              31.42697
            ],
            [
              74.40431,
              31.42693
            ],
            [
              74.40385,
              31.42688
            ],
            [
              74.40364,
              31.42686
            ],
            [
              74.40351,
              31.42683
            ],
            [
              74.40319,
              31.42687
            ],
            [
              74.403,
              31.4269
            ],
            [
              74.4024,
              31.427
            ],
            [
              74.40237,
              31.427
            ],
            [
              74.40185,
              31.42715
            ],
            [
              74.40174,
              31.42711
            ],
            [
              74.40106,
              31.42699
            ],
            [
              74.40062,
              31.42693
            ],
            [
              74.4004,
              31.42692
            ],
            [
              74.40017,
              31.42695
            ],
            [
              74.39971,
              31.42677
            ],
            [
              74.39935,
              31.42664
            ],
            [
              74.39939,
              31.42656
            ],
            [
              74.39957,
              31.42611
            ],
            [
              74.39961,
              31.42603
            ],
            [
              74.39963,
              31.42596
            ],
            [
              74.39972,
              31.42557
            ],
            [
              74.39968,
              31.42551
            ],
            [
              74.39972,
              31.42509
            ],
            [
              74.39973,
              31.425
            ],
            [
              74.39977,
              31.42449
            ],
            [
              74.39978,
              31.42423
            ],
            [
              74.39983,
              31.42422
            ],
            [
              74.39986,
              31.42398
            ],
            [
              74.39994,
              31.42346
            ],
            [
              74.39995,
              31.42337
            ],
            [
              74.4,
              31.42295
            ],
            [
              74.39999,
              31.42291
            ],
            [
              74.39998,
              31.42245
            ],
            [
              74.4,
              31.42194
            ],
            [
              74.4,
              31.42152
            ],
            [
              74.40006,
              31.42143
            ],
            [
              74.40041,
              31.42087
            ],
            [
              74.40067,
              31.42033
            ],
            [
              74.40087,
              31.41987
            ],
            [
              74.4009,
              31.41979
            ],
            [
              74.4011,
              31.4193
            ],
            [
              74.40113,
              31.41925
            ],
            [
              74.40118,
              31.41874
            ],
            [
              74.40121,
              31.41847
            ],
            [
              74.40122,
              31.41844
            ],
            [
              74.40127,
              31.41822
            ],
            [
              74.40137,
              31.41771
            ],
            [
              74.40135,
              31.4176
            ],
            [
              74.40144,
              31.41719
            ],
            [
              74.4015,
              31.41671
            ],
            [
              74.4015,
              31.41671
            ],
            [
              74.40155,
              31.41667
            ],
            [
              74.4016,
              31.41616
            ],
            [
              74.4016,
              31.41587
            ],
            [
              74.4017,
              31.41564
            ],
            [
              74.40181,
              31.41512
            ],
            [
              74.40187,
              31.41491
            ],
            [
              74.40237,
              31.41463
            ],
            [
              74.40265,
              31.41449
            ],
            [
              74.40267,
              31.41443
            ],
            [
              74.40291,
              31.41408
            ],
            [
              74.403,
              31.41393
            ],
            [
              74.40312,
              31.41372
            ],
            [
              74.40326,
              31.41339
            ],
            [
              74.40337,
              31.41318
            ],
            [
              74.40349,
              31.41293
            ],
            [
              74.40356,
              31.41284
            ],
            [
              74.40383,
              31.41229
            ],
            [
              74.40397,
              31.41204
            ],
            [
              74.404,
              31.41177
            ],
            [
              74.40408,
              31.41125
            ],
            [
              74.40423,
              31.41111
            ],
            [
              74.40475,
              31.41064
            ],
            [
              74.40465,
              31.41015
            ],
            [
              74.40458,
              31.40982
            ],
            [
              74.40455,
              31.40967
            ],
            [
              74.40445,
              31.40918
            ],
            [
              74.40441,
              31.409
            ],
            [
              74.40436,
              31.40869
            ],
            [
              74.40427,
              31.4082
            ],
            [
              74.4042,
              31.40771
            ],
            [
              74.40416,
              31.40738
            ],
            [
              74.40408,
              31.40723
            ],
            [
              74.40406,
              31.40717
            ],
            [
              74.404,
              31.40706
            ],
            [
              74.40384,
              31.40676
            ],
            [
              74.40375,
              31.4066
            ],
            [
              74.40381,
              31.40626
            ],
            [
              74.40384,
              31.40614
            ],
            [
              74.4039,
              31.40579
            ],
            [
              74.40392,
              31.40574
            ],
            [
              74.40389,
              31.40524
            ],
            [
              74.40387,
              31.40496
            ],
            [
              74.40387,
              31.40474
            ],
            [
              74.40386,
              31.40424
            ],
            [
              74.40384,
              31.4041
            ],
            [
              74.40385,
              31.40374
            ],
            [
              74.40382,
              31.40324
            ],
            [
              74.40381,
              31.40318
            ],
            [
              74.40386,
              31.40317
            ],
            [
              74.40449,
              31.40303
            ],
            [
              74.40465,
              31.403
            ],
            [
              74.40511,
              31.40289
            ],
            [
              74.40526,
              31.40283
            ],
            [
              74.40574,
              31.40282
            ],
            [
              74.4064,
              31.40281
            ],
            [
              74.40643,
              31.40281
            ],
            [
              74.40665,
              31.4028
            ],
            [
              74.40704,
              31.40278
            ],
            [
              74.40707,
              31.40278
            ],
            [
              74.40745,
              31.40272
            ],
            [
              74.40769,
              31.40277
            ],
            [
              74.40835,
              31.40282
            ],
            [
              74.40841,
              31.40285
            ],
            [
              74.40854,
              31.4029
            ],
            [
              74.40873,
              31.40298
            ],
            [
              74.40889,
              31.40305
            ],
            [
              74.40905,
              31.40306
            ],
            [
              74.40964,
              31.40302
            ],
            [
              74.40969,
              31.40299
            ],
            [
              74.4098,
              31.4029
            ],
            [
              74.41033,
              31.40292
            ],
            [
              74.41037,
              31.40291
            ],
            [
              74.41061,
              31.40294
            ],
            [
              74.41098,
              31.40291
            ],
            [
              74.41161,
              31.4028
            ],
            [
              74.41225,
              31.40276
            ],
            [
              74.41271,
              31.40274
            ],
            [
              74.41289,
              31.40272
            ],
            [
              74.41353,
              31.40264
            ],
            [
              74.41361,
              31.40263
            ],
            [
              74.41368,
              31.40249
            ],
            [
              74.4138,
              31.40226
            ],
            [
              74.41381,
              31.40224
            ],
            [
              74.4141,
              31.40225
            ],
            [
              74.41452,
              31.40227
            ],
            [
              74.41448,
              31.40234
            ],
            [
              74.41447,
              31.40235
            ],
            [
              74.41434,
              31.40262
            ],
            [
              74.41451,
              31.40259
            ],
            [
              74.41452,
              31.40295
            ],
            [
              74.41468,
              31.40307
            ],
            [
              74.41494,
              31.40315
            ],
            [
              74.41494,
              31.40312
            ],
            [
              74.4155,
              31.40344
            ],
            [
              74.41567,
              31.40351
            ],
            [
              74.41571,
              31.40354
            ],
            [
              74.41613,
              31.40385
            ],
            [
              74.41644,
              31.40411
            ],
            [
              74.41653,
              31.40418
            ],
            [
              74.41647,
              31.40424
            ],
            [
              74.41639,
              31.40431
            ],
            [
              74.41648,
              31.4048
            ],
            [
              74.41645,
              31.40489
            ],
            [
              74.41662,
              31.40493
            ],
            [
              74.41692,
              31.40509
            ],
            [
              74.41717,
              31.4052
            ],
            [
              74.41721,
              31.40521
            ],
            [
              74.41722,
              31.40519
            ],
            [
              74.4173,
              31.40506
            ],
            [
              74.41758,
              31.4047
            ],
            [
              74.4179,
              31.40483
            ],
            [
              74.41797,
              31.40486
            ],
            [
              74.41831,
              31.40476
            ],
            [
              74.41838,
              31.40474
            ],
            [
              74.41857,
              31.40493
            ],
            [
              74.41861,
              31.40497
            ],
            [
              74.41898,
              31.40534
            ],
            [
              74.419,
              31.40541
            ],
            [
              74.4192,
              31.40589
            ],
            [
              74.4193,
              31.40612
            ],
            [
              74.41946,
              31.40635
            ],
            [
              74.41955,
              31.40646
            ],
            [
              74.41977,
              31.40646
            ],
            [
              74.42011,
              31.40645
            ],
            [
              74.42019,
              31.40644
            ],
            [
              74.42074,
              31.40615
            ],
            [
              74.42078,
              31.40612
            ],
            [
              74.42104,
              31.40597
            ],
            [
              74.42138,
              31.40587
            ],
            [
              74.4216,
              31.4058
            ],
            [
              74.42199,
              31.40569
            ],
            [
              74.42215,
              31.40564
            ],
            [
              74.42262,
              31.40557
            ],
            [
              74.42324,
              31.40544
            ],
            [
              74.42326,
              31.40544
            ],
            [
              74.42364,
              31.4054
            ],
            [
              74.42375,
              31.40561
            ],
            [
              74.42378,
              31.40568
            ],
            [
              74.42394,
              31.40565
            ],
            [
              74.42425,
              31.40561
            ],
            [
              74.42412,
              31.40613
            ],
            [
              74.42408,
              31.40632
            ],
            [
              74.424,
              31.40665
            ],
            [
              74.4239,
              31.40712
            ],
            [
              74.42385,
              31.40718
            ],
            [
              74.42426,
              31.4072
            ],
            [
              74.42472,
              31.40722
            ],
            [
              74.42465,
              31.40756
            ],
            [
              74.42454,
              31.40801
            ],
            [
              74.42451,
              31.40808
            ],
            [
              74.42448,
              31.40823
            ],
            [
              74.4244,
              31.4086
            ],
            [
              74.42426,
              31.40913
            ],
            [
              74.42407,
              31.40938
            ],
            [
              74.42383,
              31.4097
            ],
            [
              74.42373,
              31.4098
            ],
            [
              74.4236,
              31.4097
            ],
            [
              74.42347,
              31.40963
            ],
            [
              74.42324,
              31.40952
            ],
            [
              74.42314,
              31.40973
            ],
            [
              74.42309,
              31.40981
            ],
            [
              74.42292,
              31.41009
            ],
            [
              74.42314,
              31.4103
            ],
            [
              74.42334,
              31.4105
            ],
            [
              74.42326,
              31.4106
            ],
            [
              74.42313,
              31.41075
            ],
            [
              74.42307,
              31.41082
            ],
            [
              74.42267,
              31.41138
            ],
            [
              74.42254,
              31.4114
            ],
            [
              74.42265,
              31.41189
            ],
            [
              74.42271,
              31.4122
            ],
            [
              74.42283,
              31.41237
            ],
            [
              74.42301,
              31.4126
            ],
            [
              74.42337,
              31.41278
            ],
            [
              74.42349,
              31.41281
            ],
            [
              74.42367,
              31.41289
            ],
            [
              74.42421,
              31.41313
            ],
            [
              74.42423,
              31.41315
            ],
            [
              74.42431,
              31.41315
            ],
            [
              74.42487,
              31.41318
            ],
            [
              74.42514,
              31.4132
            ],
            [
              74.42554,
              31.41324
            ],
            [
              74.42609,
              31.41331
            ],
            [
              74.42613,
              31.41336
            ],
            [
              74.42627,
              31.41384
            ],
            [
              74.42632,
              31.41384
            ],
            [
              74.42694,
              31.41385
            ],
            [
              74.42697,
              31.41385
            ],
            [
              74.42745,
              31.41381
            ],
            [
              74.4275,
              31.41373
            ],
            [
              74.42758,
              31.41364
            ],
            [
              74.42768,
              31.41352
            ],
            [
              74.42773,
              31.4134
            ],
            [
              74.42779,
              31.41327
            ],
            [
              74.42795,
              31.41312
            ],
            [
              74.42813,
              31.41315
            ],
            [
              74.42879,
              31.41319
            ],
            [
              74.42945,
              31.41324
            ],
            [
              74.42955,
              31.41326
            ],
            [
              74.42953,
              31.41334
            ],
            [
              74.42951,
              31.41354
            ],
            [
              74.42948,
              31.41385
            ],
            [
              74.42945,
              31.41397
            ],
            [
              74.42961,
              31.41401
            ],
            [
              74.4302,
              31.41424
            ],
            [
              74.43032,
              31.41429
            ],
            [
              74.43029,
              31.41448
            ],
            [
              74.43028,
              31.4146
            ],
            [
              74.43026,
              31.41473
            ],
            [
              74.43025,
              31.41486
            ],
            [
              74.4302,
              31.41525
            ],
            [
              74.43017,
              31.41565
            ],
            [
              74.43014,
              31.41576
            ],
            [
              74.43012,
              31.41582
            ],
            [
              74.43014,
              31.41626
            ],
            [
              74.4301,
              31.41634
            ],
            [
              74.42995,
              31.41675
            ],
            [
              74.42995,
              31.41679
            ],
            [
              74.42976,
              31.41729
            ],
            [
              74.42979,
              31.41732
            ],
            [
              74.42998,
              31.41743
            ],
            [
              74.43005,
              31.41779
            ],
            [
              74.43008,
              31.41791
            ],
            [
              74.43013,
              31.41819
            ],
            [
              74.43012,
              31.41828
            ],
            [
              74.43007,
              31.41879
            ],
            [
              74.43006,
              31.41888
            ],
            [
              74.43,
              31.41895
            ],
            [
              74.42965,
              31.41936
            ],
            [
              74.42954,
              31.41948
            ],
            [
              74.42948,
              31.41955
            ],
            [
              74.42915,
              31.41994
            ],
            [
              74.42896,
              31.42017
            ],
            [
              74.42893,
              31.4202
            ],
            [
              74.42887,
              31.42048
            ],
            [
              74.42876,
              31.421
            ],
            [
              74.42873,
              31.42111
            ],
            [
              74.42858,
              31.42146
            ],
            [
              74.42854,
              31.42154
            ],
            [
              74.42854,
              31.42157
            ],
            [
              74.42842,
              31.42202
            ],
            [
              74.42839,
              31.42207
            ],
            [
              74.42824,
              31.42259
            ],
            [
              74.42819,
              31.42274
            ],
            [
              74.42808,
              31.42312
            ],
            [
              74.42769,
              31.42343
            ],
            [
              74.4273,
              31.42375
            ],
            [
              74.42723,
              31.42382
            ],
            [
              74.42713,
              31.4239
            ],
            [
              74.42663,
              31.42435
            ],
            [
              74.42659,
              31.42439
            ],
            [
              74.42638,
              31.42457
            ],
            [
              74.42623,
              31.42492
            ],
            [
              74.4261,
              31.42519
            ],
            [
              74.42598,
              31.42546
            ],
            [
              74.4259,
              31.42561
            ],
            [
              74.42567,
              31.42601
            ],
            [
              74.42564,
              31.42606
            ],
            [
              74.42545,
              31.42637
            ],
            [
              74.42519,
              31.42659
            ],
            [
              74.42511,
              31.42666
            ],
            [
              74.42456,
              31.42713
            ],
            [
              74.42449,
              31.4272
            ],
            [
              74.42401,
              31.42764
            ],
            [
              74.42387,
              31.42776
            ],
            [
              74.42382,
              31.42781
            ],
            [
              74.42346,
              31.42813
            ],
            [
              74.42315,
              31.42841
            ],
            [
              74.42305,
              31.42851
            ],
            [
              74.42292,
              31.42862
            ],
            [
              74.42243,
              31.42903
            ],
            [
              74.42241,
              31.42904
            ],
            [
              74.42236,
              31.42907
            ],
            [
              74.4218,
              31.42935
            ],
            [
              74.42177,
              31.42937
            ],
            [
              74.42153,
              31.42948
            ],
            [
              74.42118,
              31.42966
            ],
            [
              74.42097,
              31.42976
            ],
            [
              74.42059,
              31.42994
            ],
            [
              74.42037,
              31.43013
            ],
            [
              74.42007,
              31.43032
            ],
            [
              74.42002,
              31.43032
            ],
            [
              74.41988,
              31.43043
            ],
            [
              74.41976,
              31.43052
            ],
            [
              74.41945,
              31.43075
            ],
            [
              74.41939,
              31.4308
            ],
            [
              74.41918,
              31.43095
            ],
            [
              74.41892,
              31.43108
            ],
            [
              74.41888,
              31.4311
            ],
            [
              74.41847,
              31.43133
            ],
            [
              74.41832,
              31.43141
            ],
            [
              74.41829,
              31.43142
            ],
            [
              74.41771,
              31.43176
            ],
            [
              74.41746,
              31.4319
            ],
            [
              74.41711,
              31.43198
            ],
            [
              74.41648,
              31.4321
            ],
            [
              74.41593,
              31.43205
            ],
            [
              74.41582,
              31.43204
            ],
            [
              74.41539,
              31.43199
            ],
            [
              74.41515,
              31.43197
            ],
            [
              74.41453,
              31.43197
            ],
            [
              74.4145,
              31.43198
            ],
            [
              74.41445,
              31.43198
            ],
            [
              74.41431,
              31.432
            ],
            [
              74.41387,
              31.43206
            ],
            [
              74.41344,
              31.43213
            ],
            [
              74.41336,
              31.43214
            ],
            [
              74.41323,
              31.43212
            ],
            [
              74.41259,
              31.43218
            ]
          ]
        ]
      }
    },
    {
      "type": "Feature",
      "properties": {
        "mauza": "Dulu Khurd",
        "mauza_urdu": null,
        "hb_no": null,
        "tehsil": "Nishter",
        "district": "Lahore",
        "source_object_id": 754022
      },
      "geometry": {
        "type": "Polygon",
        "coordinates": [
          [
            [
              74.38791,
              31.42381
            ],
            [
              74.38749,
              31.42434
            ],
            [
              74.3871,
              31.42432
            ],
            [
              74.38662,
              31.42429
            ],
            [
              74.38633,
              31.42417
            ],
            [
              74.38595,
              31.42398
            ],
            [
              74.3856,
              31.42378
            ],
            [
              74.3845,
              31.42382
            ],
            [
              74.38417,
              31.42314
            ],
            [
              74.38412,
              31.42303
            ],
            [
              74.38381,
              31.42273
            ],
            [
              74.38343,
              31.42236
            ],
            [
              74.38307,
              31.42209
            ],
            [
              74.38268,
              31.42183
            ],
            [
              74.38185,
              31.42126
            ],
            [
              74.38143,
              31.4211
            ],
            [
              74.38094,
              31.42091
            ],
            [
              74.38062,
              31.42079
            ],
            [
              74.38003,
              31.42057
            ],
            [
              74.37967,
              31.42079
            ],
            [
              74.37919,
              31.4211
            ],
            [
              74.3789,
              31.42119
            ],
            [
              74.3788,
              31.42122
            ],
            [
              74.37863,
              31.42128
            ],
            [
              74.37845,
              31.42134
            ],
            [
              74.37777,
              31.42128
            ],
            [
              74.37734,
              31.42125
            ],
            [
              74.37726,
              31.42126
            ],
            [
              74.3767,
              31.42126
            ],
            [
              74.37615,
              31.42126
            ],
            [
              74.37504,
              31.42169
            ],
            [
              74.37413,
              31.42232
            ],
            [
              74.37409,
              31.42281
            ],
            [
              74.37399,
              31.42288
            ],
            [
              74.37395,
              31.42291
            ],
            [
              74.3737,
              31.42308
            ],
            [
              74.37363,
              31.42313
            ],
            [
              74.37339,
              31.4233
            ],
            [
              74.37317,
              31.42352
            ],
            [
              74.37289,
              31.42372
            ],
            [
              74.3726,
              31.42393
            ],
            [
              74.37216,
              31.42407
            ],
            [
              74.37208,
              31.42409
            ],
            [
              74.37183,
              31.42411
            ],
            [
              74.37166,
              31.42411
            ],
            [
              74.3709,
              31.42415
            ],
            [
              74.37078,
              31.42415
            ],
            [
              74.37009,
              31.42412
            ],
            [
              74.36982,
              31.42412
            ],
            [
              74.36966,
              31.42408
            ],
            [
              74.36932,
              31.42399
            ],
            [
              74.36878,
              31.42385
            ],
            [
              74.36854,
              31.42378
            ],
            [
              74.36847,
              31.42376
            ],
            [
              74.36826,
              31.42368
            ],
            [
              74.36798,
              31.4236
            ],
            [
              74.36792,
              31.42358
            ],
            [
              74.3676,
              31.42349
            ],
            [
              74.367,
              31.42334
            ],
            [
              74.36687,
              31.42329
            ],
            [
              74.36637,
              31.42313
            ],
            [
              74.36596,
              31.423
            ],
            [
              74.36542,
              31.42216
            ],
            [
              74.36534,
              31.42201
            ],
            [
              74.3653,
              31.42193
            ],
            [
              74.36526,
              31.42186
            ],
            [
              74.36485,
              31.42117
            ],
            [
              74.36468,
              31.42089
            ],
            [
              74.3636,
              31.42074
            ],
            [
              74.36321,
              31.42069
            ],
            [
              74.36313,
              31.42068
            ],
            [
              74.36248,
              31.42064
            ],
            [
              74.36225,
              31.42064
            ],
            [
              74.3619,
              31.42031
            ],
            [
              74.36151,
              31.42045
            ],
            [
              74.36108,
              31.4206
            ],
            [
              74.36093,
              31.42066
            ],
            [
              74.36059,
              31.42078
            ],
            [
              74.35959,
              31.42072
            ],
            [
              74.35951,
              31.42072
            ],
            [
              74.35948,
              31.42071
            ],
            [
              74.3592,
              31.42068
            ],
            [
              74.35896,
              31.42065
            ],
            [
              74.35867,
              31.42062
            ],
            [
              74.3579,
              31.42066
            ],
            [
              74.35729,
              31.42069
            ],
            [
              74.35691,
              31.42077
            ],
            [
              74.3565,
              31.42087
            ],
            [
              74.35612,
              31.42095
            ],
            [
              74.35502,
              31.42096
            ],
            [
              74.35421,
              31.42091
            ],
            [
              74.35384,
              31.42089
            ],
            [
              74.35339,
              31.42072
            ],
            [
              74.35314,
              31.42063
            ],
            [
              74.35255,
              31.42043
            ],
            [
              74.35237,
              31.42036
            ],
            [
              74.35179,
              31.42019
            ],
            [
              74.35143,
              31.42009
            ],
            [
              74.35105,
              31.41999
            ],
            [
              74.35031,
              31.41976
            ],
            [
              74.35006,
              31.41969
            ],
            [
              74.34922,
              31.41902
            ],
            [
              74.34862,
              31.41852
            ],
            [
              74.34856,
              31.41848
            ],
            [
              74.34828,
              31.41832
            ],
            [
              74.34788,
              31.41826
            ],
            [
              74.34743,
              31.41822
            ],
            [
              74.34732,
              31.4182
            ],
            [
              74.34673,
              31.41812
            ],
            [
              74.3462,
              31.41806
            ],
            [
              74.3462,
              31.4175
            ],
            [
              74.3462,
              31.41723
            ],
            [
              74.34631,
              31.41693
            ],
            [
              74.34655,
              31.41635
            ],
            [
              74.34678,
              31.4159
            ],
            [
              74.34705,
              31.4156
            ],
            [
              74.34719,
              31.41537
            ],
            [
              74.34739,
              31.41505
            ],
            [
              74.34754,
              31.41481
            ],
            [
              74.34755,
              31.41475
            ],
            [
              74.34746,
              31.4144
            ],
            [
              74.34736,
              31.41403
            ],
            [
              74.34787,
              31.41346
            ],
            [
              74.34835,
              31.41308
            ],
            [
              74.34853,
              31.41294
            ],
            [
              74.34961,
              31.4121
            ],
            [
              74.35025,
              31.41161
            ],
            [
              74.35066,
              31.41129
            ],
            [
              74.35078,
              31.41119
            ],
            [
              74.35104,
              31.41096
            ],
            [
              74.35134,
              31.4107
            ],
            [
              74.35172,
              31.41032
            ],
            [
              74.35211,
              31.40993
            ],
            [
              74.35238,
              31.40963
            ],
            [
              74.35264,
              31.40933
            ],
            [
              74.35333,
              31.40856
            ],
            [
              74.35383,
              31.40779
            ],
            [
              74.3539,
              31.4075
            ],
            [
              74.35405,
              31.40689
            ],
            [
              74.3541,
              31.4067
            ],
            [
              74.35418,
              31.40664
            ],
            [
              74.35436,
              31.40649
            ],
            [
              74.35467,
              31.40624
            ],
            [
              74.35504,
              31.40593
            ],
            [
              74.35565,
              31.40544
            ],
            [
              74.35571,
              31.40534
            ],
            [
              74.3562,
              31.40462
            ],
            [
              74.35644,
              31.40429
            ],
            [
              74.35697,
              31.40374
            ],
            [
              74.35765,
              31.4033
            ],
            [
              74.35785,
              31.40322
            ],
            [
              74.35831,
              31.40274
            ],
            [
              74.35833,
              31.40271
            ],
            [
              74.3584,
              31.40261
            ],
            [
              74.35895,
              31.4019
            ],
            [
              74.35905,
              31.40171
            ],
            [
              74.35942,
              31.40084
            ],
            [
              74.35969,
              31.40068
            ],
            [
              74.36004,
              31.40049
            ],
            [
              74.3605,
              31.40021
            ],
            [
              74.36084,
              31.40014
            ],
            [
              74.36102,
              31.4001
            ],
            [
              74.36161,
              31.39841
            ],
            [
              74.36184,
              31.39833
            ],
            [
              74.36204,
              31.39828
            ],
            [
              74.36248,
              31.39828
            ],
            [
              74.36286,
              31.39828
            ],
            [
              74.36335,
              31.39847
            ],
            [
              74.36387,
              31.39853
            ],
            [
              74.36412,
              31.39856
            ],
            [
              74.36471,
              31.39865
            ],
            [
              74.36528,
              31.39874
            ],
            [
              74.36547,
              31.39877
            ],
            [
              74.3657,
              31.39881
            ],
            [
              74.36609,
              31.39876
            ],
            [
              74.36617,
              31.39806
            ],
            [
              74.36622,
              31.39762
            ],
            [
              74.36625,
              31.39742
            ],
            [
              74.36643,
              31.39715
            ],
            [
              74.36649,
              31.39705
            ],
            [
              74.3668,
              31.39658
            ],
            [
              74.36697,
              31.39632
            ],
            [
              74.3673,
              31.39582
            ],
            [
              74.36724,
              31.39559
            ],
            [
              74.36719,
              31.3954
            ],
            [
              74.36713,
              31.3952
            ],
            [
              74.36705,
              31.39493
            ],
            [
              74.36703,
              31.39423
            ],
            [
              74.36703,
              31.394
            ],
            [
              74.36703,
              31.3934
            ],
            [
              74.36705,
              31.39291
            ],
            [
              74.36706,
              31.39284
            ],
            [
              74.36808,
              31.39273
            ],
            [
              74.36811,
              31.39267
            ],
            [
              74.36836,
              31.39219
            ],
            [
              74.36846,
              31.39201
            ],
            [
              74.36882,
              31.39154
            ],
            [
              74.36907,
              31.39157
            ],
            [
              74.36924,
              31.39134
            ],
            [
              74.36944,
              31.39092
            ],
            [
              74.36958,
              31.39065
            ],
            [
              74.36966,
              31.39048
            ],
            [
              74.37006,
              31.38982
            ],
            [
              74.37007,
              31.38964
            ],
            [
              74.37009,
              31.38914
            ],
            [
              74.37008,
              31.38903
            ],
            [
              74.36975,
              31.38842
            ],
            [
              74.36977,
              31.38777
            ],
            [
              74.36981,
              31.38716
            ],
            [
              74.37012,
              31.38672
            ],
            [
              74.37053,
              31.38596
            ],
            [
              74.37074,
              31.38564
            ],
            [
              74.37107,
              31.38421
            ],
            [
              74.37108,
              31.38413
            ],
            [
              74.37116,
              31.38357
            ],
            [
              74.37122,
              31.38306
            ],
            [
              74.3713,
              31.38243
            ],
            [
              74.37183,
              31.38242
            ],
            [
              74.37213,
              31.38241
            ],
            [
              74.37254,
              31.3824
            ],
            [
              74.37395,
              31.38236
            ],
            [
              74.37453,
              31.38235
            ],
            [
              74.375,
              31.38223
            ],
            [
              74.37497,
              31.38219
            ],
            [
              74.37469,
              31.38181
            ],
            [
              74.37478,
              31.3816
            ],
            [
              74.37502,
              31.38095
            ],
            [
              74.37518,
              31.38052
            ],
            [
              74.37531,
              31.38011
            ],
            [
              74.37666,
              31.38006
            ],
            [
              74.37702,
              31.37953
            ],
            [
              74.37706,
              31.37948
            ],
            [
              74.37716,
              31.37933
            ],
            [
              74.37762,
              31.37899
            ],
            [
              74.37784,
              31.37882
            ],
            [
              74.37788,
              31.37879
            ],
            [
              74.37815,
              31.37857
            ],
            [
              74.37833,
              31.37845
            ],
            [
              74.37897,
              31.37797
            ],
            [
              74.37931,
              31.37772
            ],
            [
              74.3797,
              31.37744
            ],
            [
              74.38008,
              31.37718
            ],
            [
              74.38043,
              31.37694
            ],
            [
              74.38116,
              31.37724
            ],
            [
              74.38138,
              31.37734
            ],
            [
              74.38162,
              31.37745
            ],
            [
              74.38234,
              31.37783
            ],
            [
              74.38244,
              31.37786
            ],
            [
              74.38313,
              31.37805
            ],
            [
              74.38349,
              31.37814
            ],
            [
              74.38371,
              31.37821
            ],
            [
              74.38442,
              31.3784
            ],
            [
              74.38494,
              31.37854
            ],
            [
              74.38547,
              31.37868
            ],
            [
              74.3864,
              31.37884
            ],
            [
              74.38646,
              31.37884
            ],
            [
              74.38711,
              31.37884
            ],
            [
              74.38747,
              31.37885
            ],
            [
              74.38767,
              31.37891
            ],
            [
              74.38831,
              31.37908
            ],
            [
              74.38827,
              31.37942
            ],
            [
              74.38826,
              31.37947
            ],
            [
              74.3882,
              31.37991
            ],
            [
              74.38812,
              31.38021
            ],
            [
              74.38766,
              31.38156
            ],
            [
              74.38751,
              31.38194
            ],
            [
              74.38742,
              31.3828
            ],
            [
              74.38738,
              31.38307
            ],
            [
              74.38708,
              31.38384
            ],
            [
              74.38697,
              31.38405
            ],
            [
              74.38664,
              31.38469
            ],
            [
              74.38648,
              31.38569
            ],
            [
              74.38628,
              31.38659
            ],
            [
              74.38626,
              31.38671
            ],
            [
              74.38605,
              31.38765
            ],
            [
              74.38531,
              31.38786
            ],
            [
              74.38529,
              31.38827
            ],
            [
              74.38528,
              31.38837
            ],
            [
              74.38527,
              31.38857
            ],
            [
              74.38464,
              31.38904
            ],
            [
              74.38457,
              31.38909
            ],
            [
              74.3844,
              31.38923
            ],
            [
              74.38322,
              31.3895
            ],
            [
              74.38315,
              31.39007
            ],
            [
              74.3832,
              31.39038
            ],
            [
              74.38425,
              31.39047
            ],
            [
              74.38484,
              31.39053
            ],
            [
              74.3854,
              31.39059
            ],
            [
              74.38582,
              31.39064
            ],
            [
              74.38634,
              31.3914
            ],
            [
              74.38638,
              31.39146
            ],
            [
              74.38612,
              31.39241
            ],
            [
              74.38582,
              31.39277
            ],
            [
              74.38521,
              31.3935
            ],
            [
              74.38444,
              31.39399
            ],
            [
              74.3843,
              31.3941
            ],
            [
              74.38417,
              31.3944
            ],
            [
              74.38393,
              31.39496
            ],
            [
              74.38312,
              31.39597
            ],
            [
              74.38412,
              31.39679
            ],
            [
              74.38525,
              31.39697
            ],
            [
              74.38542,
              31.39699
            ],
            [
              74.3864,
              31.39728
            ],
            [
              74.38769,
              31.39769
            ],
            [
              74.38788,
              31.39803
            ],
            [
              74.38814,
              31.39848
            ],
            [
              74.38776,
              31.39915
            ],
            [
              74.3875,
              31.3996
            ],
            [
              74.38744,
              31.39971
            ],
            [
              74.38724,
              31.39998
            ],
            [
              74.38716,
              31.40009
            ],
            [
              74.38685,
              31.4005
            ],
            [
              74.38656,
              31.40088
            ],
            [
              74.38649,
              31.40116
            ],
            [
              74.38631,
              31.40177
            ],
            [
              74.38671,
              31.40189
            ],
            [
              74.38661,
              31.40253
            ],
            [
              74.3873,
              31.40263
            ],
            [
              74.38763,
              31.40269
            ],
            [
              74.38875,
              31.40292
            ],
            [
              74.38942,
              31.40269
            ],
            [
              74.38977,
              31.40255
            ],
            [
              74.39028,
              31.40237
            ],
            [
              74.39039,
              31.40228
            ],
            [
              74.39066,
              31.40207
            ],
            [
              74.39088,
              31.4019
            ],
            [
              74.3912,
              31.40162
            ],
            [
              74.3912,
              31.40151
            ],
            [
              74.39119,
              31.40101
            ],
            [
              74.39118,
              31.40067
            ],
            [
              74.39118,
              31.40034
            ],
            [
              74.39117,
              31.39999
            ],
            [
              74.39123,
              31.39999
            ],
            [
              74.39183,
              31.40003
            ],
            [
              74.3919,
              31.40003
            ],
            [
              74.39222,
              31.40005
            ],
            [
              74.39282,
              31.40009
            ],
            [
              74.39298,
              31.39997
            ],
            [
              74.39304,
              31.39992
            ],
            [
              74.39354,
              31.39978
            ],
            [
              74.39357,
              31.39976
            ],
            [
              74.39389,
              31.39968
            ],
            [
              74.39407,
              31.39964
            ],
            [
              74.39484,
              31.3997
            ],
            [
              74.395,
              31.39972
            ],
            [
              74.3965,
              31.39959
            ],
            [
              74.39689,
              31.39977
            ],
            [
              74.39687,
              31.39986
            ],
            [
              74.39684,
              31.40017
            ],
            [
              74.39679,
              31.40054
            ],
            [
              74.39694,
              31.40075
            ],
            [
              74.39712,
              31.40102
            ],
            [
              74.39715,
              31.40133
            ],
            [
              74.39722,
              31.4019
            ],
            [
              74.39722,
              31.4022
            ],
            [
              74.39673,
              31.4025
            ],
            [
              74.396,
              31.40307
            ],
            [
              74.39623,
              31.40372
            ],
            [
              74.3963,
              31.40389
            ],
            [
              74.39618,
              31.40405
            ],
            [
              74.39606,
              31.40421
            ],
            [
              74.39555,
              31.40488
            ],
            [
              74.3955,
              31.40495
            ],
            [
              74.39534,
              31.40518
            ],
            [
              74.39497,
              31.40534
            ],
            [
              74.39461,
              31.4055
            ],
            [
              74.39452,
              31.40554
            ],
            [
              74.39428,
              31.40565
            ],
            [
              74.39355,
              31.40597
            ],
            [
              74.39245,
              31.40637
            ],
            [
              74.39235,
              31.40637
            ],
            [
              74.39139,
              31.40641
            ],
            [
              74.39127,
              31.40642
            ],
            [
              74.39066,
              31.40645
            ],
            [
              74.3902,
              31.40649
            ],
            [
              74.38989,
              31.40643
            ],
            [
              74.38903,
              31.40627
            ],
            [
              74.38901,
              31.40639
            ],
            [
              74.38892,
              31.40677
            ],
            [
              74.38886,
              31.40706
            ],
            [
              74.38885,
              31.40728
            ],
            [
              74.38882,
              31.40804
            ],
            [
              74.38881,
              31.40818
            ],
            [
              74.38879,
              31.40887
            ],
            [
              74.38844,
              31.40878
            ],
            [
              74.38827,
              31.40874
            ],
            [
              74.38771,
              31.40859
            ],
            [
              74.38687,
              31.40842
            ],
            [
              74.38671,
              31.40876
            ],
            [
              74.38653,
              31.40912
            ],
            [
              74.38647,
              31.40926
            ],
            [
              74.38615,
              31.40992
            ],
            [
              74.38612,
              31.40998
            ],
            [
              74.38606,
              31.4103
            ],
            [
              74.38599,
              31.41061
            ],
            [
              74.38586,
              31.41125
            ],
            [
              74.38576,
              31.41166
            ],
            [
              74.38509,
              31.41199
            ],
            [
              74.38475,
              31.41221
            ],
            [
              74.3843,
              31.41243
            ],
            [
              74.3843,
              31.41246
            ],
            [
              74.38442,
              31.41293
            ],
            [
              74.3847,
              31.41377
            ],
            [
              74.38474,
              31.41393
            ],
            [
              74.38484,
              31.41425
            ],
            [
              74.38497,
              31.4145
            ],
            [
              74.38507,
              31.41478
            ],
            [
              74.38532,
              31.41518
            ],
            [
              74.38534,
              31.41522
            ],
            [
              74.38577,
              31.41575
            ],
            [
              74.38595,
              31.41599
            ],
            [
              74.3864,
              31.41599
            ],
            [
              74.38649,
              31.41598
            ],
            [
              74.38693,
              31.41598
            ],
            [
              74.3875,
              31.41598
            ],
            [
              74.3876,
              31.41596
            ],
            [
              74.38881,
              31.41582
            ],
            [
              74.38886,
              31.41626
            ],
            [
              74.38892,
              31.41679
            ],
            [
              74.38918,
              31.41726
            ],
            [
              74.38935,
              31.41757
            ],
            [
              74.38942,
              31.41791
            ],
            [
              74.38945,
              31.41806
            ],
            [
              74.38949,
              31.41823
            ],
            [
              74.38957,
              31.41863
            ],
            [
              74.38967,
              31.41887
            ],
            [
              74.38981,
              31.41924
            ],
            [
              74.38994,
              31.41958
            ],
            [
              74.39017,
              31.42004
            ],
            [
              74.39035,
              31.42041
            ],
            [
              74.39032,
              31.42072
            ],
            [
              74.39028,
              31.42125
            ],
            [
              74.38962,
              31.42202
            ],
            [
              74.38898,
              31.42278
            ],
            [
              74.38882,
              31.42292
            ],
            [
              74.38821,
              31.42347
            ],
            [
              74.38813,
              31.42354
            ],
            [
              74.38791,
              31.42381
            ]
          ]
        ]
      }
    },
    {
      "type": "Feature",
      "properties": {
        "mauza": "Ghankar",
        "mauza_urdu": null,
        "hb_no": null,
        "tehsil": "Nishter",
        "district": "Lahore",
        "source_object_id": 754030
      },
      "geometry": {
        "type": "Polygon",
        "coordinates": [
          [
            [
              74.39123,
              31.4001
            ],
            [
              74.39117,
              31.40047
            ],
            [
              74.39114,
              31.40098
            ],
            [
              74.3911,
              31.40124
            ],
            [
              74.39109,
              31.40149
            ],
            [
              74.39106,
              31.40163
            ],
            [
              74.39059,
              31.40194
            ],
            [
              74.39037,
              31.4021
            ],
            [
              74.39003,
              31.40234
            ],
            [
              74.38985,
              31.40252
            ],
            [
              74.38943,
              31.40261
            ],
            [
              74.38881,
              31.40277
            ],
            [
              74.38876,
              31.4028
            ],
            [
              74.38815,
              31.4027
            ],
            [
              74.38747,
              31.40256
            ],
            [
              74.38666,
              31.40246
            ],
            [
              74.38655,
              31.40245
            ],
            [
              74.38643,
              31.40238
            ],
            [
              74.38649,
              31.4022
            ],
            [
              74.38657,
              31.40191
            ],
            [
              74.3866,
              31.40177
            ],
            [
              74.38636,
              31.40171
            ],
            [
              74.38623,
              31.40169
            ],
            [
              74.38643,
              31.4012
            ],
            [
              74.3865,
              31.40106
            ],
            [
              74.38659,
              31.40082
            ],
            [
              74.38673,
              31.40065
            ],
            [
              74.38699,
              31.4003
            ],
            [
              74.38715,
              31.40011
            ],
            [
              74.38717,
              31.40008
            ],
            [
              74.38732,
              31.3999
            ],
            [
              74.38749,
              31.39964
            ],
            [
              74.38751,
              31.39963
            ],
            [
              74.38756,
              31.3996
            ],
            [
              74.3876,
              31.39951
            ],
            [
              74.38782,
              31.39916
            ],
            [
              74.38797,
              31.39895
            ],
            [
              74.38817,
              31.39849
            ],
            [
              74.38816,
              31.39842
            ],
            [
              74.38798,
              31.39794
            ],
            [
              74.38787,
              31.39766
            ],
            [
              74.38774,
              31.39762
            ],
            [
              74.38705,
              31.39744
            ],
            [
              74.38655,
              31.39734
            ],
            [
              74.38636,
              31.39727
            ],
            [
              74.38622,
              31.39721
            ],
            [
              74.38565,
              31.39699
            ],
            [
              74.38511,
              31.39688
            ],
            [
              74.38498,
              31.39687
            ],
            [
              74.3845,
              31.39675
            ],
            [
              74.38427,
              31.39659
            ],
            [
              74.38415,
              31.39652
            ],
            [
              74.38359,
              31.3961
            ],
            [
              74.38341,
              31.39595
            ],
            [
              74.38371,
              31.39558
            ],
            [
              74.38418,
              31.39501
            ],
            [
              74.38439,
              31.39447
            ],
            [
              74.38455,
              31.39407
            ],
            [
              74.38499,
              31.39381
            ],
            [
              74.38548,
              31.39354
            ],
            [
              74.38556,
              31.39344
            ],
            [
              74.38569,
              31.39327
            ],
            [
              74.38608,
              31.39279
            ],
            [
              74.38617,
              31.39269
            ],
            [
              74.3864,
              31.39237
            ],
            [
              74.38645,
              31.39214
            ],
            [
              74.38652,
              31.39163
            ],
            [
              74.38628,
              31.39117
            ],
            [
              74.38626,
              31.39113
            ],
            [
              74.38605,
              31.39076
            ],
            [
              74.38587,
              31.39072
            ],
            [
              74.38569,
              31.3907
            ],
            [
              74.38564,
              31.39069
            ],
            [
              74.38497,
              31.39058
            ],
            [
              74.38451,
              31.39051
            ],
            [
              74.3843,
              31.39051
            ],
            [
              74.38345,
              31.39045
            ],
            [
              74.38345,
              31.39009
            ],
            [
              74.3835,
              31.38958
            ],
            [
              74.38407,
              31.38941
            ],
            [
              74.38466,
              31.38924
            ],
            [
              74.38468,
              31.38923
            ],
            [
              74.38526,
              31.38888
            ],
            [
              74.3853,
              31.38884
            ],
            [
              74.38555,
              31.38866
            ],
            [
              74.38558,
              31.38849
            ],
            [
              74.38559,
              31.38836
            ],
            [
              74.3856,
              31.38825
            ],
            [
              74.38561,
              31.38799
            ],
            [
              74.38572,
              31.38795
            ],
            [
              74.38634,
              31.38775
            ],
            [
              74.38637,
              31.38763
            ],
            [
              74.38646,
              31.38711
            ],
            [
              74.38648,
              31.38672
            ],
            [
              74.38653,
              31.3866
            ],
            [
              74.3867,
              31.38607
            ],
            [
              74.38683,
              31.38555
            ],
            [
              74.38695,
              31.38503
            ],
            [
              74.38708,
              31.3845
            ],
            [
              74.38722,
              31.38398
            ],
            [
              74.3874,
              31.3835
            ],
            [
              74.38742,
              31.38345
            ],
            [
              74.38759,
              31.38315
            ],
            [
              74.3876,
              31.38292
            ],
            [
              74.38764,
              31.38241
            ],
            [
              74.38769,
              31.382
            ],
            [
              74.3877,
              31.38198
            ],
            [
              74.38774,
              31.38189
            ],
            [
              74.38794,
              31.38135
            ],
            [
              74.38814,
              31.38082
            ],
            [
              74.38835,
              31.38029
            ],
            [
              74.38847,
              31.38007
            ],
            [
              74.3885,
              31.37976
            ],
            [
              74.38852,
              31.37955
            ],
            [
              74.38858,
              31.37925
            ],
            [
              74.38866,
              31.37877
            ],
            [
              74.38866,
              31.37877
            ],
            [
              74.38901,
              31.37873
            ],
            [
              74.38959,
              31.37866
            ],
            [
              74.38964,
              31.37866
            ],
            [
              74.38989,
              31.37872
            ],
            [
              74.39014,
              31.37901
            ],
            [
              74.39046,
              31.37946
            ],
            [
              74.39069,
              31.37967
            ],
            [
              74.39119,
              31.37985
            ],
            [
              74.39171,
              31.37998
            ],
            [
              74.39186,
              31.37993
            ],
            [
              74.3919,
              31.37991
            ],
            [
              74.39238,
              31.37967
            ],
            [
              74.39245,
              31.37963
            ],
            [
              74.39261,
              31.37953
            ],
            [
              74.39306,
              31.37945
            ],
            [
              74.39369,
              31.37933
            ],
            [
              74.39428,
              31.37925
            ],
            [
              74.39432,
              31.37924
            ],
            [
              74.39462,
              31.37919
            ],
            [
              74.39498,
              31.37927
            ],
            [
              74.39565,
              31.37937
            ],
            [
              74.39632,
              31.37965
            ],
            [
              74.39637,
              31.37967
            ],
            [
              74.39674,
              31.37982
            ],
            [
              74.39709,
              31.38001
            ],
            [
              74.39757,
              31.3802
            ],
            [
              74.39779,
              31.38027
            ],
            [
              74.39846,
              31.38047
            ],
            [
              74.39849,
              31.38047
            ],
            [
              74.39923,
              31.38093
            ],
            [
              74.39998,
              31.38138
            ],
            [
              74.40025,
              31.38154
            ],
            [
              74.40054,
              31.38162
            ],
            [
              74.40052,
              31.38194
            ],
            [
              74.40051,
              31.38244
            ],
            [
              74.40052,
              31.38248
            ],
            [
              74.40055,
              31.38294
            ],
            [
              74.4006,
              31.38343
            ],
            [
              74.40062,
              31.38347
            ],
            [
              74.40085,
              31.3839
            ],
            [
              74.40095,
              31.38407
            ],
            [
              74.40073,
              31.38442
            ],
            [
              74.4006,
              31.38461
            ],
            [
              74.40061,
              31.38494
            ],
            [
              74.40065,
              31.38531
            ],
            [
              74.4009,
              31.38536
            ],
            [
              74.40088,
              31.3854
            ],
            [
              74.40083,
              31.38591
            ],
            [
              74.40084,
              31.38606
            ],
            [
              74.40107,
              31.38638
            ],
            [
              74.40127,
              31.38659
            ],
            [
              74.40125,
              31.38685
            ],
            [
              74.40127,
              31.38698
            ],
            [
              74.40123,
              31.38736
            ],
            [
              74.40125,
              31.38763
            ],
            [
              74.40066,
              31.38777
            ],
            [
              74.40027,
              31.38784
            ],
            [
              74.40027,
              31.38801
            ],
            [
              74.40028,
              31.38847
            ],
            [
              74.40028,
              31.38851
            ],
            [
              74.40029,
              31.38879
            ],
            [
              74.40041,
              31.38899
            ],
            [
              74.4007,
              31.38945
            ],
            [
              74.401,
              31.38991
            ],
            [
              74.40103,
              31.38997
            ],
            [
              74.40117,
              31.39018
            ],
            [
              74.40129,
              31.39037
            ],
            [
              74.40156,
              31.39083
            ],
            [
              74.40198,
              31.39127
            ],
            [
              74.40241,
              31.3917
            ],
            [
              74.40283,
              31.39214
            ],
            [
              74.40304,
              31.39233
            ],
            [
              74.4034,
              31.39256
            ],
            [
              74.40396,
              31.39277
            ],
            [
              74.40414,
              31.39295
            ],
            [
              74.40482,
              31.39331
            ],
            [
              74.40481,
              31.39335
            ],
            [
              74.40455,
              31.39389
            ],
            [
              74.40449,
              31.39397
            ],
            [
              74.40405,
              31.39447
            ],
            [
              74.40402,
              31.3945
            ],
            [
              74.40399,
              31.39455
            ],
            [
              74.40368,
              31.3952
            ],
            [
              74.40351,
              31.39515
            ],
            [
              74.40285,
              31.39514
            ],
            [
              74.40249,
              31.39514
            ],
            [
              74.40235,
              31.39511
            ],
            [
              74.40232,
              31.39511
            ],
            [
              74.40171,
              31.39516
            ],
            [
              74.40158,
              31.39528
            ],
            [
              74.40158,
              31.39528
            ],
            [
              74.40158,
              31.39528
            ],
            [
              74.4015,
              31.39536
            ],
            [
              74.40095,
              31.39595
            ],
            [
              74.40085,
              31.39612
            ],
            [
              74.40053,
              31.3965
            ],
            [
              74.40052,
              31.39652
            ],
            [
              74.40026,
              31.39685
            ],
            [
              74.39996,
              31.39689
            ],
            [
              74.39945,
              31.397
            ],
            [
              74.39936,
              31.39713
            ],
            [
              74.39923,
              31.39722
            ],
            [
              74.39878,
              31.39779
            ],
            [
              74.39853,
              31.39811
            ],
            [
              74.3984,
              31.39836
            ],
            [
              74.398,
              31.39915
            ],
            [
              74.39784,
              31.39922
            ],
            [
              74.39782,
              31.39924
            ],
            [
              74.39725,
              31.3995
            ],
            [
              74.39675,
              31.39968
            ],
            [
              74.39662,
              31.39962
            ],
            [
              74.39642,
              31.39951
            ],
            [
              74.39596,
              31.39958
            ],
            [
              74.39533,
              31.39968
            ],
            [
              74.39522,
              31.39969
            ],
            [
              74.39467,
              31.39961
            ],
            [
              74.39415,
              31.39954
            ],
            [
              74.39401,
              31.39959
            ],
            [
              74.39398,
              31.39959
            ],
            [
              74.39367,
              31.39966
            ],
            [
              74.39339,
              31.39973
            ],
            [
              74.39287,
              31.39988
            ],
            [
              74.39285,
              31.4
            ],
            [
              74.39282,
              31.40013
            ],
            [
              74.39215,
              31.40005
            ],
            [
              74.39148,
              31.39996
            ],
            [
              74.39125,
              31.39993
            ],
            [
              74.39123,
              31.4001
            ]
          ]
        ]
      }
    },
    {
      "type": "Feature",
      "properties": {
        "mauza": "Jhalke",
        "mauza_urdu": null,
        "hb_no": null,
        "tehsil": "Nishter",
        "district": "Lahore",
        "source_object_id": 754052
      },
      "geometry": {
        "type": "MultiPolygon",
        "coordinates": [
          [
            [
              [
                74.38361,
                31.34464
              ],
              [
                74.38432,
                31.34528
              ],
              [
                74.38409,
                31.34566
              ],
              [
                74.38403,
                31.34581
              ],
              [
                74.38396,
                31.34602
              ],
              [
                74.38325,
                31.3465
              ],
              [
                74.38278,
                31.34673
              ],
              [
                74.38227,
                31.34696
              ],
              [
                74.38148,
                31.34726
              ],
              [
                74.38108,
                31.34723
              ],
              [
                74.38104,
                31.34688
              ],
              [
                74.38104,
                31.34678
              ],
              [
                74.38099,
                31.34628
              ],
              [
                74.38093,
                31.34577
              ],
              [
                74.38092,
                31.34565
              ],
              [
                74.38082,
                31.34469
              ],
              [
                74.38081,
                31.34447
              ],
              [
                74.3816,
                31.34453
              ],
              [
                74.38215,
                31.34398
              ],
              [
                74.38224,
                31.34384
              ],
              [
                74.38253,
                31.34334
              ],
              [
                74.38233,
                31.34299
              ],
              [
                74.38192,
                31.34263
              ],
              [
                74.38163,
                31.34229
              ],
              [
                74.38141,
                31.34204
              ],
              [
                74.38059,
                31.34155
              ],
              [
                74.38039,
                31.34142
              ],
              [
                74.38024,
                31.34132
              ],
              [
                74.37956,
                31.34081
              ],
              [
                74.37916,
                31.34052
              ],
              [
                74.38017,
                31.33832
              ],
              [
                74.3804,
                31.33784
              ],
              [
                74.38043,
                31.33779
              ],
              [
                74.38036,
                31.33775
              ],
              [
                74.38018,
                31.33765
              ],
              [
                74.37971,
                31.33741
              ],
              [
                74.37967,
                31.33729
              ],
              [
                74.37963,
                31.33719
              ],
              [
                74.38002,
                31.33667
              ],
              [
                74.38028,
                31.33632
              ],
              [
                74.38074,
                31.33571
              ],
              [
                74.3806,
                31.33571
              ],
              [
                74.3803,
                31.33571
              ],
              [
                74.38,
                31.33571
              ],
              [
                74.37982,
                31.33572
              ],
              [
                74.37943,
                31.33571
              ],
              [
                74.37932,
                31.3356
              ],
              [
                74.37895,
                31.33566
              ],
              [
                74.37829,
                31.33574
              ],
              [
                74.37787,
                31.33567
              ],
              [
                74.3773,
                31.33435
              ],
              [
                74.37674,
                31.3336
              ],
              [
                74.37672,
                31.33356
              ],
              [
                74.37656,
                31.33315
              ],
              [
                74.37644,
                31.33285
              ],
              [
                74.37631,
                31.33258
              ],
              [
                74.37603,
                31.33205
              ],
              [
                74.37588,
                31.33175
              ],
              [
                74.37579,
                31.33151
              ],
              [
                74.37578,
                31.33144
              ],
              [
                74.37567,
                31.33095
              ],
              [
                74.37557,
                31.33035
              ],
              [
                74.37557,
                31.33032
              ],
              [
                74.3753,
                31.32989
              ],
              [
                74.37517,
                31.32969
              ],
              [
                74.37511,
                31.32938
              ],
              [
                74.37491,
                31.32888
              ],
              [
                74.37485,
                31.32843
              ],
              [
                74.37457,
                31.32781
              ],
              [
                74.37444,
                31.32752
              ],
              [
                74.37438,
                31.32739
              ],
              [
                74.37433,
                31.32729
              ],
              [
                74.37416,
                31.3269
              ],
              [
                74.37391,
                31.32649
              ],
              [
                74.37367,
                31.32613
              ],
              [
                74.37326,
                31.32587
              ],
              [
                74.37294,
                31.32566
              ],
              [
                74.37309,
                31.32534
              ],
              [
                74.37293,
                31.32521
              ],
              [
                74.37312,
                31.32511
              ],
              [
                74.37327,
                31.32503
              ],
              [
                74.37344,
                31.32494
              ],
              [
                74.37388,
                31.3247
              ],
              [
                74.37407,
                31.32455
              ],
              [
                74.37444,
                31.32407
              ],
              [
                74.37455,
                31.32398
              ],
              [
                74.37519,
                31.32343
              ],
              [
                74.37556,
                31.32335
              ],
              [
                74.37575,
                31.32323
              ],
              [
                74.37615,
                31.32296
              ],
              [
                74.37636,
                31.32259
              ],
              [
                74.37663,
                31.32206
              ],
              [
                74.37668,
                31.32197
              ],
              [
                74.3769,
                31.32109
              ],
              [
                74.377,
                31.32062
              ],
              [
                74.37705,
                31.32052
              ],
              [
                74.37753,
                31.31935
              ],
              [
                74.37755,
                31.31929
              ],
              [
                74.37758,
                31.3192
              ],
              [
                74.37767,
                31.31898
              ],
              [
                74.37779,
                31.31856
              ],
              [
                74.37786,
                31.31834
              ],
              [
                74.37792,
                31.31791
              ],
              [
                74.37793,
                31.31773
              ],
              [
                74.3775,
                31.31762
              ],
              [
                74.37734,
                31.31694
              ],
              [
                74.37781,
                31.3169
              ],
              [
                74.37784,
                31.31662
              ],
              [
                74.37817,
                31.31657
              ],
              [
                74.37819,
                31.31594
              ],
              [
                74.37866,
                31.31579
              ],
              [
                74.37906,
                31.31566
              ],
              [
                74.37906,
                31.31566
              ],
              [
                74.37926,
                31.31559
              ],
              [
                74.37972,
                31.31543
              ],
              [
                74.38038,
                31.31532
              ],
              [
                74.38039,
                31.31511
              ],
              [
                74.38127,
                31.31496
              ],
              [
                74.38147,
                31.31492
              ],
              [
                74.38156,
                31.31482
              ],
              [
                74.38169,
                31.31478
              ],
              [
                74.38278,
                31.31449
              ],
              [
                74.38297,
                31.31525
              ],
              [
                74.38354,
                31.31512
              ],
              [
                74.38419,
                31.31505
              ],
              [
                74.38431,
                31.31504
              ],
              [
                74.38438,
                31.31543
              ],
              [
                74.38439,
                31.3155
              ],
              [
                74.38517,
                31.31551
              ],
              [
                74.38525,
                31.31552
              ],
              [
                74.38538,
                31.31471
              ],
              [
                74.38523,
                31.31471
              ],
              [
                74.38469,
                31.31472
              ],
              [
                74.38437,
                31.31472
              ],
              [
                74.38393,
                31.3143
              ],
              [
                74.38389,
                31.31418
              ],
              [
                74.38391,
                31.31396
              ],
              [
                74.38407,
                31.31333
              ],
              [
                74.38426,
                31.31266
              ],
              [
                74.38414,
                31.31215
              ],
              [
                74.38413,
                31.3121
              ],
              [
                74.38399,
                31.31151
              ],
              [
                74.38428,
                31.31144
              ],
              [
                74.38433,
                31.31143
              ],
              [
                74.38489,
                31.3115
              ],
              [
                74.38528,
                31.31156
              ],
              [
                74.38583,
                31.31163
              ],
              [
                74.38589,
                31.31164
              ],
              [
                74.38659,
                31.31211
              ],
              [
                74.38829,
                31.31321
              ],
              [
                74.38837,
                31.31324
              ],
              [
                74.38953,
                31.31364
              ],
              [
                74.39048,
                31.31391
              ],
              [
                74.39116,
                31.31443
              ],
              [
                74.39133,
                31.31459
              ],
              [
                74.39174,
                31.31497
              ],
              [
                74.39209,
                31.3154
              ],
              [
                74.39238,
                31.31576
              ],
              [
                74.39254,
                31.31595
              ],
              [
                74.39266,
                31.31601
              ],
              [
                74.39302,
                31.31618
              ],
              [
                74.39314,
                31.31625
              ],
              [
                74.39359,
                31.3165
              ],
              [
                74.39377,
                31.3166
              ],
              [
                74.39388,
                31.31666
              ],
              [
                74.39452,
                31.31692
              ],
              [
                74.39475,
                31.31701
              ],
              [
                74.39526,
                31.31712
              ],
              [
                74.39541,
                31.31757
              ],
              [
                74.39549,
                31.31826
              ],
              [
                74.39555,
                31.31866
              ],
              [
                74.39559,
                31.31895
              ],
              [
                74.3956,
                31.31903
              ],
              [
                74.39564,
                31.31919
              ],
              [
                74.39573,
                31.31956
              ],
              [
                74.39579,
                31.31982
              ],
              [
                74.39584,
                31.32008
              ],
              [
                74.39588,
                31.32024
              ],
              [
                74.39598,
                31.32062
              ],
              [
                74.39603,
                31.32085
              ],
              [
                74.3962,
                31.32094
              ],
              [
                74.39656,
                31.32118
              ],
              [
                74.39678,
                31.32131
              ],
              [
                74.39721,
                31.3214
              ],
              [
                74.39768,
                31.3215
              ],
              [
                74.39786,
                31.32168
              ],
              [
                74.39827,
                31.32207
              ],
              [
                74.39834,
                31.32214
              ],
              [
                74.39878,
                31.32242
              ],
              [
                74.39892,
                31.32251
              ],
              [
                74.399,
                31.32256
              ],
              [
                74.39946,
                31.32296
              ],
              [
                74.39976,
                31.32322
              ],
              [
                74.39998,
                31.32356
              ],
              [
                74.40037,
                31.32415
              ],
              [
                74.40148,
                31.32417
              ],
              [
                74.40249,
                31.32421
              ],
              [
                74.40374,
                31.32395
              ],
              [
                74.40416,
                31.32389
              ],
              [
                74.40469,
                31.32395
              ],
              [
                74.40493,
                31.32441
              ],
              [
                74.40504,
                31.32462
              ],
              [
                74.40525,
                31.32504
              ],
              [
                74.4056,
                31.32576
              ],
              [
                74.40599,
                31.32654
              ],
              [
                74.40599,
                31.32654
              ],
              [
                74.40618,
                31.32686
              ],
              [
                74.40628,
                31.32708
              ],
              [
                74.4066,
                31.32731
              ],
              [
                74.40684,
                31.32749
              ],
              [
                74.4071,
                31.32768
              ],
              [
                74.40792,
                31.32794
              ],
              [
                74.40856,
                31.32834
              ],
              [
                74.40899,
                31.3286
              ],
              [
                74.40903,
                31.32906
              ],
              [
                74.40903,
                31.32916
              ],
              [
                74.40903,
                31.3292
              ],
              [
                74.40893,
                31.32961
              ],
              [
                74.40889,
                31.32977
              ],
              [
                74.40866,
                31.33032
              ],
              [
                74.4087,
                31.33054
              ],
              [
                74.40884,
                31.33114
              ],
              [
                74.40921,
                31.3317
              ],
              [
                74.40926,
                31.33178
              ],
              [
                74.4097,
                31.33171
              ],
              [
                74.4102,
                31.33162
              ],
              [
                74.41112,
                31.3317
              ],
              [
                74.41117,
                31.33168
              ],
              [
                74.4126,
                31.33069
              ],
              [
                74.41266,
                31.33077
              ],
              [
                74.41292,
                31.33112
              ],
              [
                74.41303,
                31.33127
              ],
              [
                74.41311,
                31.33137
              ],
              [
                74.41325,
                31.33188
              ],
              [
                74.41334,
                31.33227
              ],
              [
                74.41333,
                31.33292
              ],
              [
                74.41333,
                31.33302
              ],
              [
                74.41361,
                31.33389
              ],
              [
                74.41343,
                31.33493
              ],
              [
                74.41248,
                31.33463
              ],
              [
                74.41244,
                31.33463
              ],
              [
                74.41152,
                31.33456
              ],
              [
                74.41148,
                31.33456
              ],
              [
                74.41122,
                31.33504
              ],
              [
                74.41103,
                31.33539
              ],
              [
                74.4109,
                31.33565
              ],
              [
                74.41084,
                31.33579
              ],
              [
                74.41043,
                31.33662
              ],
              [
                74.41026,
                31.33698
              ],
              [
                74.41025,
                31.33758
              ],
              [
                74.41023,
                31.33874
              ],
              [
                74.41026,
                31.33889
              ],
              [
                74.41028,
                31.33902
              ],
              [
                74.41036,
                31.34054
              ],
              [
                74.40979,
                31.34068
              ],
              [
                74.40974,
                31.34069
              ],
              [
                74.40963,
                31.34072
              ],
              [
                74.40908,
                31.34074
              ],
              [
                74.40908,
                31.34112
              ],
              [
                74.40909,
                31.34116
              ],
              [
                74.40909,
                31.34122
              ],
              [
                74.40873,
                31.3413
              ],
              [
                74.40837,
                31.34139
              ],
              [
                74.40807,
                31.34146
              ],
              [
                74.40764,
                31.34149
              ],
              [
                74.40757,
                31.34149
              ],
              [
                74.40725,
                31.34145
              ],
              [
                74.40683,
                31.34141
              ],
              [
                74.40609,
                31.34121
              ],
              [
                74.4053,
                31.34099
              ],
              [
                74.40521,
                31.34181
              ],
              [
                74.40487,
                31.34201
              ],
              [
                74.40405,
                31.34254
              ],
              [
                74.40339,
                31.34302
              ],
              [
                74.40333,
                31.34306
              ],
              [
                74.40322,
                31.34314
              ],
              [
                74.40306,
                31.34323
              ],
              [
                74.40241,
                31.34361
              ],
              [
                74.40164,
                31.34394
              ],
              [
                74.40143,
                31.34402
              ],
              [
                74.4008,
                31.34419
              ],
              [
                74.40067,
                31.34424
              ],
              [
                74.40055,
                31.34428
              ],
              [
                74.40024,
                31.34423
              ],
              [
                74.39958,
                31.34413
              ],
              [
                74.39931,
                31.34412
              ],
              [
                74.39861,
                31.34409
              ],
              [
                74.39778,
                31.34413
              ],
              [
                74.39699,
                31.34421
              ],
              [
                74.39683,
                31.34422
              ],
              [
                74.39642,
                31.34425
              ],
              [
                74.39588,
                31.3443
              ],
              [
                74.39578,
                31.34431
              ],
              [
                74.39551,
                31.34435
              ],
              [
                74.39456,
                31.34448
              ],
              [
                74.3945,
                31.34524
              ],
              [
                74.39448,
                31.34531
              ],
              [
                74.39416,
                31.34646
              ],
              [
                74.3935,
                31.34641
              ],
              [
                74.39315,
                31.34638
              ],
              [
                74.39251,
                31.34637
              ],
              [
                74.39209,
                31.34635
              ],
              [
                74.39172,
                31.34634
              ],
              [
                74.39149,
                31.34633
              ],
              [
                74.39097,
                31.3462
              ],
              [
                74.39025,
                31.34603
              ],
              [
                74.38997,
                31.34594
              ],
              [
                74.38937,
                31.34574
              ],
              [
                74.38911,
                31.34561
              ],
              [
                74.38876,
                31.34544
              ],
              [
                74.38845,
                31.34528
              ],
              [
                74.38816,
                31.34514
              ],
              [
                74.38757,
                31.34484
              ],
              [
                74.38734,
                31.34473
              ],
              [
                74.38672,
                31.34446
              ],
              [
                74.38621,
                31.34432
              ],
              [
                74.38571,
                31.34418
              ],
              [
                74.38469,
                31.34383
              ],
              [
                74.38443,
                31.34375
              ],
              [
                74.38365,
                31.34349
              ],
              [
                74.38351,
                31.34368
              ],
              [
                74.38317,
                31.34423
              ],
              [
                74.38361,
                31.34464
              ]
            ]
          ],
          [
            [
              [
                74.37852,
                31.33658
              ],
              [
                74.37856,
                31.33673
              ],
              [
                74.37895,
                31.3378
              ],
              [
                74.37898,
                31.3379
              ],
              [
                74.37872,
                31.3381
              ],
              [
                74.37861,
                31.33819
              ],
              [
                74.37851,
                31.33816
              ],
              [
                74.37833,
                31.33811
              ],
              [
                74.37819,
                31.33781
              ],
              [
                74.37796,
                31.33756
              ],
              [
                74.37772,
                31.33685
              ],
              [
                74.37778,
                31.33634
              ],
              [
                74.37846,
                31.33628
              ],
              [
                74.37852,
                31.33658
              ]
            ]
          ]
        ]
      }
    },
    {
      "type": "Feature",
      "properties": {
        "mauza": "Jhatol",
        "mauza_urdu": null,
        "hb_no": null,
        "tehsil": "Nishter",
        "district": "Lahore",
        "source_object_id": 754053
      },
      "geometry": {
        "type": "Polygon",
        "coordinates": [
          [
            [
              74.39911,
              31.44349
            ],
            [
              74.39905,
              31.44351
            ],
            [
              74.39871,
              31.44364
            ],
            [
              74.39838,
              31.44376
            ],
            [
              74.39807,
              31.44384
            ],
            [
              74.3978,
              31.44393
            ],
            [
              74.39744,
              31.44404
            ],
            [
              74.39738,
              31.44406
            ],
            [
              74.3968,
              31.44427
            ],
            [
              74.39635,
              31.44443
            ],
            [
              74.39635,
              31.4444
            ],
            [
              74.39628,
              31.44397
            ],
            [
              74.3962,
              31.44342
            ],
            [
              74.39618,
              31.44336
            ],
            [
              74.39613,
              31.44336
            ],
            [
              74.39562,
              31.44343
            ],
            [
              74.3955,
              31.44346
            ],
            [
              74.39486,
              31.4436
            ],
            [
              74.39462,
              31.44362
            ],
            [
              74.39442,
              31.44346
            ],
            [
              74.39423,
              31.44335
            ],
            [
              74.39421,
              31.44326
            ],
            [
              74.39419,
              31.4432
            ],
            [
              74.3941,
              31.44291
            ],
            [
              74.39406,
              31.44274
            ],
            [
              74.39411,
              31.44236
            ],
            [
              74.39414,
              31.44191
            ],
            [
              74.39415,
              31.44181
            ],
            [
              74.39415,
              31.44148
            ],
            [
              74.39416,
              31.44126
            ],
            [
              74.39417,
              31.44106
            ],
            [
              74.39415,
              31.44097
            ],
            [
              74.39415,
              31.44092
            ],
            [
              74.39413,
              31.44092
            ],
            [
              74.39397,
              31.4408
            ],
            [
              74.39381,
              31.44072
            ],
            [
              74.39348,
              31.44054
            ],
            [
              74.39345,
              31.44052
            ],
            [
              74.39343,
              31.44051
            ],
            [
              74.39284,
              31.44019
            ],
            [
              74.39283,
              31.44018
            ],
            [
              74.39259,
              31.44007
            ],
            [
              74.39218,
              31.43989
            ],
            [
              74.39197,
              31.43979
            ],
            [
              74.39206,
              31.43966
            ],
            [
              74.39217,
              31.43952
            ],
            [
              74.39227,
              31.43938
            ],
            [
              74.39229,
              31.43936
            ],
            [
              74.39247,
              31.4391
            ],
            [
              74.39272,
              31.43864
            ],
            [
              74.39278,
              31.43856
            ],
            [
              74.39279,
              31.43854
            ],
            [
              74.3931,
              31.43799
            ],
            [
              74.39318,
              31.43784
            ],
            [
              74.39339,
              31.43765
            ],
            [
              74.39374,
              31.43742
            ],
            [
              74.3939,
              31.43717
            ],
            [
              74.39401,
              31.43693
            ],
            [
              74.39404,
              31.43686
            ],
            [
              74.39418,
              31.43653
            ],
            [
              74.39433,
              31.43631
            ],
            [
              74.39456,
              31.43582
            ],
            [
              74.39462,
              31.43575
            ],
            [
              74.39503,
              31.43519
            ],
            [
              74.39518,
              31.43496
            ],
            [
              74.39523,
              31.43493
            ],
            [
              74.39553,
              31.43463
            ],
            [
              74.39585,
              31.43425
            ],
            [
              74.39612,
              31.43407
            ],
            [
              74.39648,
              31.43373
            ],
            [
              74.39675,
              31.4335
            ],
            [
              74.39683,
              31.43342
            ],
            [
              74.3971,
              31.43318
            ],
            [
              74.3974,
              31.43294
            ],
            [
              74.39765,
              31.4327
            ],
            [
              74.39773,
              31.43261
            ],
            [
              74.39796,
              31.43237
            ],
            [
              74.39811,
              31.4322
            ],
            [
              74.39835,
              31.4319
            ],
            [
              74.39844,
              31.43181
            ],
            [
              74.39873,
              31.43148
            ],
            [
              74.39897,
              31.43128
            ],
            [
              74.399,
              31.43125
            ],
            [
              74.39942,
              31.43082
            ],
            [
              74.39948,
              31.43069
            ],
            [
              74.39959,
              31.43039
            ],
            [
              74.39968,
              31.43013
            ],
            [
              74.39985,
              31.42964
            ],
            [
              74.40021,
              31.42998
            ],
            [
              74.40037,
              31.43012
            ],
            [
              74.40063,
              31.43035
            ],
            [
              74.40087,
              31.43052
            ],
            [
              74.4011,
              31.43065
            ],
            [
              74.40146,
              31.43085
            ],
            [
              74.40152,
              31.43085
            ],
            [
              74.40162,
              31.43085
            ],
            [
              74.40217,
              31.43108
            ],
            [
              74.40233,
              31.43112
            ],
            [
              74.40281,
              31.43104
            ],
            [
              74.40337,
              31.43093
            ],
            [
              74.40345,
              31.43089
            ],
            [
              74.40378,
              31.43059
            ],
            [
              74.40408,
              31.43036
            ],
            [
              74.40471,
              31.43002
            ],
            [
              74.40485,
              31.42994
            ],
            [
              74.40513,
              31.4298
            ],
            [
              74.40534,
              31.42968
            ],
            [
              74.40556,
              31.42954
            ],
            [
              74.40561,
              31.42951
            ],
            [
              74.40564,
              31.42976
            ],
            [
              74.40598,
              31.42969
            ],
            [
              74.40631,
              31.42964
            ],
            [
              74.40662,
              31.4298
            ],
            [
              74.40697,
              31.42997
            ],
            [
              74.40728,
              31.43013
            ],
            [
              74.40749,
              31.43022
            ],
            [
              74.40793,
              31.4305
            ],
            [
              74.40825,
              31.43068
            ],
            [
              74.40858,
              31.43087
            ],
            [
              74.40866,
              31.43089
            ],
            [
              74.40859,
              31.43098
            ],
            [
              74.40868,
              31.43103
            ],
            [
              74.40917,
              31.43138
            ],
            [
              74.40924,
              31.43143
            ],
            [
              74.40947,
              31.43156
            ],
            [
              74.4099,
              31.43181
            ],
            [
              74.40998,
              31.43186
            ],
            [
              74.41007,
              31.43191
            ],
            [
              74.4104,
              31.43209
            ],
            [
              74.41055,
              31.43217
            ],
            [
              74.41091,
              31.43241
            ],
            [
              74.41082,
              31.43263
            ],
            [
              74.4108,
              31.43295
            ],
            [
              74.41077,
              31.43318
            ],
            [
              74.41077,
              31.43328
            ],
            [
              74.4108,
              31.43343
            ],
            [
              74.41078,
              31.43365
            ],
            [
              74.41077,
              31.43373
            ],
            [
              74.41073,
              31.43429
            ],
            [
              74.41072,
              31.43431
            ],
            [
              74.41072,
              31.43437
            ],
            [
              74.41095,
              31.43483
            ],
            [
              74.41112,
              31.43513
            ],
            [
              74.41122,
              31.43533
            ],
            [
              74.41126,
              31.43537
            ],
            [
              74.41129,
              31.43555
            ],
            [
              74.41143,
              31.43592
            ],
            [
              74.41158,
              31.43631
            ],
            [
              74.41171,
              31.43646
            ],
            [
              74.41198,
              31.43682
            ],
            [
              74.41213,
              31.437
            ],
            [
              74.41229,
              31.43721
            ],
            [
              74.41199,
              31.4373
            ],
            [
              74.41159,
              31.4374
            ],
            [
              74.41136,
              31.43752
            ],
            [
              74.4111,
              31.43758
            ],
            [
              74.41072,
              31.43767
            ],
            [
              74.41052,
              31.43773
            ],
            [
              74.41008,
              31.43788
            ],
            [
              74.40971,
              31.43799
            ],
            [
              74.40945,
              31.43807
            ],
            [
              74.40932,
              31.43811
            ],
            [
              74.40929,
              31.43812
            ],
            [
              74.40919,
              31.43815
            ],
            [
              74.40913,
              31.43817
            ],
            [
              74.40881,
              31.43829
            ],
            [
              74.40831,
              31.43874
            ],
            [
              74.40819,
              31.43885
            ],
            [
              74.40808,
              31.43896
            ],
            [
              74.40756,
              31.43924
            ],
            [
              74.40748,
              31.43931
            ],
            [
              74.40726,
              31.43945
            ],
            [
              74.40692,
              31.43947
            ],
            [
              74.40628,
              31.43952
            ],
            [
              74.40624,
              31.43952
            ],
            [
              74.40564,
              31.43957
            ],
            [
              74.40539,
              31.43959
            ],
            [
              74.405,
              31.43961
            ],
            [
              74.40436,
              31.43968
            ],
            [
              74.40432,
              31.43969
            ],
            [
              74.40373,
              31.43988
            ],
            [
              74.40333,
              31.43996
            ],
            [
              74.40325,
              31.43998
            ],
            [
              74.40309,
              31.44003
            ],
            [
              74.40246,
              31.44025
            ],
            [
              74.40226,
              31.44031
            ],
            [
              74.40182,
              31.44051
            ],
            [
              74.40174,
              31.44054
            ],
            [
              74.4014,
              31.44069
            ],
            [
              74.40119,
              31.44073
            ],
            [
              74.40055,
              31.44091
            ],
            [
              74.40043,
              31.44094
            ],
            [
              74.40041,
              31.44112
            ],
            [
              74.40042,
              31.44125
            ],
            [
              74.39992,
              31.4413
            ],
            [
              74.39981,
              31.44131
            ],
            [
              74.39965,
              31.44134
            ],
            [
              74.39928,
              31.44135
            ],
            [
              74.3988,
              31.44138
            ],
            [
              74.39887,
              31.44171
            ],
            [
              74.39889,
              31.44172
            ],
            [
              74.39892,
              31.44219
            ],
            [
              74.39892,
              31.44226
            ],
            [
              74.39896,
              31.44267
            ],
            [
              74.39897,
              31.4428
            ],
            [
              74.39906,
              31.44324
            ],
            [
              74.39909,
              31.44335
            ],
            [
              74.39911,
              31.44349
            ]
          ]
        ]
      }
    },
    {
      "type": "Feature",
      "properties": {
        "mauza": "Jhedo",
        "mauza_urdu": null,
        "hb_no": null,
        "tehsil": "Nishter",
        "district": "Lahore",
        "source_object_id": 754054
      },
      "geometry": {
        "type": "Polygon",
        "coordinates": [
          [
            [
              74.30519,
              31.35453
            ],
            [
              74.30435,
              31.35497
            ],
            [
              74.30398,
              31.35449
            ],
            [
              74.30376,
              31.35437
            ],
            [
              74.30322,
              31.35418
            ],
            [
              74.30241,
              31.35418
            ],
            [
              74.30147,
              31.35409
            ],
            [
              74.30067,
              31.35397
            ],
            [
              74.29988,
              31.35402
            ],
            [
              74.29982,
              31.35402
            ],
            [
              74.29975,
              31.35402
            ],
            [
              74.29857,
              31.35424
            ],
            [
              74.29853,
              31.35431
            ],
            [
              74.29813,
              31.35436
            ],
            [
              74.29814,
              31.35427
            ],
            [
              74.29806,
              31.35389
            ],
            [
              74.29805,
              31.35384
            ],
            [
              74.29789,
              31.35348
            ],
            [
              74.29781,
              31.35334
            ],
            [
              74.29774,
              31.35322
            ],
            [
              74.29764,
              31.35307
            ],
            [
              74.29752,
              31.35268
            ],
            [
              74.29732,
              31.3522
            ],
            [
              74.2972,
              31.35161
            ],
            [
              74.29719,
              31.35107
            ],
            [
              74.29727,
              31.35057
            ],
            [
              74.29728,
              31.35046
            ],
            [
              74.29723,
              31.35022
            ],
            [
              74.29704,
              31.34969
            ],
            [
              74.29683,
              31.34931
            ],
            [
              74.2967,
              31.34914
            ],
            [
              74.29662,
              31.34907
            ],
            [
              74.29622,
              31.34879
            ],
            [
              74.2958,
              31.34844
            ],
            [
              74.29539,
              31.34819
            ],
            [
              74.29474,
              31.34782
            ],
            [
              74.29383,
              31.3473
            ],
            [
              74.29391,
              31.34709
            ],
            [
              74.29398,
              31.34691
            ],
            [
              74.29401,
              31.34684
            ],
            [
              74.29404,
              31.34677
            ],
            [
              74.29411,
              31.34657
            ],
            [
              74.29423,
              31.34629
            ],
            [
              74.29434,
              31.34602
            ],
            [
              74.29447,
              31.34576
            ],
            [
              74.2946,
              31.34549
            ],
            [
              74.29479,
              31.34513
            ],
            [
              74.29492,
              31.34496
            ],
            [
              74.29501,
              31.34483
            ],
            [
              74.29551,
              31.34419
            ],
            [
              74.29587,
              31.34386
            ],
            [
              74.29638,
              31.34351
            ],
            [
              74.29677,
              31.34341
            ],
            [
              74.29681,
              31.34339
            ],
            [
              74.29684,
              31.34337
            ],
            [
              74.29724,
              31.34311
            ],
            [
              74.2977,
              31.3429
            ],
            [
              74.29788,
              31.34278
            ],
            [
              74.29819,
              31.34271
            ],
            [
              74.29841,
              31.3426
            ],
            [
              74.29903,
              31.34229
            ],
            [
              74.29939,
              31.34217
            ],
            [
              74.30038,
              31.34183
            ],
            [
              74.30056,
              31.34158
            ],
            [
              74.30113,
              31.34112
            ],
            [
              74.30228,
              31.3407
            ],
            [
              74.30261,
              31.34047
            ],
            [
              74.3032,
              31.3402
            ],
            [
              74.30375,
              31.33967
            ],
            [
              74.30383,
              31.33954
            ],
            [
              74.30395,
              31.33937
            ],
            [
              74.30429,
              31.33921
            ],
            [
              74.30436,
              31.33913
            ],
            [
              74.30469,
              31.3388
            ],
            [
              74.30494,
              31.3386
            ],
            [
              74.30503,
              31.3385
            ],
            [
              74.30505,
              31.33847
            ],
            [
              74.30514,
              31.33837
            ],
            [
              74.30518,
              31.33833
            ],
            [
              74.30538,
              31.33799
            ],
            [
              74.30556,
              31.33788
            ],
            [
              74.30584,
              31.33768
            ],
            [
              74.30628,
              31.33701
            ],
            [
              74.30649,
              31.3367
            ],
            [
              74.30694,
              31.33605
            ],
            [
              74.30698,
              31.33599
            ],
            [
              74.30749,
              31.33543
            ],
            [
              74.30767,
              31.33508
            ],
            [
              74.30772,
              31.33497
            ],
            [
              74.30821,
              31.33438
            ],
            [
              74.30852,
              31.33402
            ],
            [
              74.30894,
              31.33367
            ],
            [
              74.30943,
              31.33328
            ],
            [
              74.30965,
              31.33315
            ],
            [
              74.31007,
              31.33286
            ],
            [
              74.31029,
              31.3327
            ],
            [
              74.31101,
              31.33248
            ],
            [
              74.31143,
              31.33237
            ],
            [
              74.31176,
              31.33301
            ],
            [
              74.31185,
              31.3332
            ],
            [
              74.31189,
              31.33338
            ],
            [
              74.31201,
              31.33379
            ],
            [
              74.31212,
              31.33415
            ],
            [
              74.31253,
              31.33464
            ],
            [
              74.31289,
              31.33512
            ],
            [
              74.31365,
              31.33569
            ],
            [
              74.31438,
              31.33619
            ],
            [
              74.31487,
              31.33625
            ],
            [
              74.31601,
              31.33635
            ],
            [
              74.31609,
              31.33636
            ],
            [
              74.31667,
              31.3365
            ],
            [
              74.31804,
              31.33583
            ],
            [
              74.31865,
              31.33552
            ],
            [
              74.31874,
              31.33548
            ],
            [
              74.31969,
              31.33562
            ],
            [
              74.32007,
              31.33569
            ],
            [
              74.32098,
              31.33586
            ],
            [
              74.32156,
              31.336
            ],
            [
              74.32217,
              31.33613
            ],
            [
              74.32326,
              31.33639
            ],
            [
              74.32374,
              31.33644
            ],
            [
              74.32423,
              31.33645
            ],
            [
              74.32486,
              31.33639
            ],
            [
              74.32493,
              31.33638
            ],
            [
              74.3252,
              31.33631
            ],
            [
              74.32588,
              31.33614
            ],
            [
              74.32665,
              31.33574
            ],
            [
              74.32732,
              31.3351
            ],
            [
              74.32741,
              31.33409
            ],
            [
              74.32821,
              31.33361
            ],
            [
              74.32875,
              31.33324
            ],
            [
              74.32885,
              31.33317
            ],
            [
              74.3291,
              31.333
            ],
            [
              74.3297,
              31.3327
            ],
            [
              74.32979,
              31.33265
            ],
            [
              74.33048,
              31.33227
            ],
            [
              74.33143,
              31.3317
            ],
            [
              74.33145,
              31.33169
            ],
            [
              74.33192,
              31.33136
            ],
            [
              74.33219,
              31.33117
            ],
            [
              74.33251,
              31.33093
            ],
            [
              74.33257,
              31.33088
            ],
            [
              74.33261,
              31.33082
            ],
            [
              74.33287,
              31.33061
            ],
            [
              74.33331,
              31.33012
            ],
            [
              74.33332,
              31.33011
            ],
            [
              74.33379,
              31.32981
            ],
            [
              74.33441,
              31.32941
            ],
            [
              74.33508,
              31.32901
            ],
            [
              74.33604,
              31.32845
            ],
            [
              74.33615,
              31.32839
            ],
            [
              74.33679,
              31.32806
            ],
            [
              74.33711,
              31.3279
            ],
            [
              74.33753,
              31.32885
            ],
            [
              74.33782,
              31.32923
            ],
            [
              74.33797,
              31.32942
            ],
            [
              74.33817,
              31.32966
            ],
            [
              74.33822,
              31.32973
            ],
            [
              74.33846,
              31.33001
            ],
            [
              74.33852,
              31.33008
            ],
            [
              74.33861,
              31.33027
            ],
            [
              74.33885,
              31.33082
            ],
            [
              74.33885,
              31.33136
            ],
            [
              74.33882,
              31.33163
            ],
            [
              74.33853,
              31.33227
            ],
            [
              74.33813,
              31.33301
            ],
            [
              74.33794,
              31.33331
            ],
            [
              74.33708,
              31.33464
            ],
            [
              74.33683,
              31.33523
            ],
            [
              74.33661,
              31.33571
            ],
            [
              74.33656,
              31.3358
            ],
            [
              74.3362,
              31.33646
            ],
            [
              74.33584,
              31.33716
            ],
            [
              74.33555,
              31.33771
            ],
            [
              74.33548,
              31.33786
            ],
            [
              74.33543,
              31.33787
            ],
            [
              74.33507,
              31.33808
            ],
            [
              74.33504,
              31.3381
            ],
            [
              74.33486,
              31.33847
            ],
            [
              74.33461,
              31.33897
            ],
            [
              74.33443,
              31.33943
            ],
            [
              74.33452,
              31.33953
            ],
            [
              74.33493,
              31.34001
            ],
            [
              74.33539,
              31.34056
            ],
            [
              74.33545,
              31.34062
            ],
            [
              74.33571,
              31.34088
            ],
            [
              74.33591,
              31.34107
            ],
            [
              74.33606,
              31.34131
            ],
            [
              74.3363,
              31.34165
            ],
            [
              74.33688,
              31.34226
            ],
            [
              74.33697,
              31.34255
            ],
            [
              74.33714,
              31.34311
            ],
            [
              74.33714,
              31.34313
            ],
            [
              74.33715,
              31.34347
            ],
            [
              74.33718,
              31.34419
            ],
            [
              74.33728,
              31.34449
            ],
            [
              74.33737,
              31.34462
            ],
            [
              74.33764,
              31.34501
            ],
            [
              74.33739,
              31.34532
            ],
            [
              74.33726,
              31.34549
            ],
            [
              74.33677,
              31.34598
            ],
            [
              74.33667,
              31.34608
            ],
            [
              74.33638,
              31.3465
            ],
            [
              74.33629,
              31.34664
            ],
            [
              74.33614,
              31.34695
            ],
            [
              74.33609,
              31.34707
            ],
            [
              74.33547,
              31.34769
            ],
            [
              74.33538,
              31.3467
            ],
            [
              74.33537,
              31.34667
            ],
            [
              74.3343,
              31.34599
            ],
            [
              74.33421,
              31.34584
            ],
            [
              74.33411,
              31.34566
            ],
            [
              74.33404,
              31.34553
            ],
            [
              74.33355,
              31.34528
            ],
            [
              74.33292,
              31.34504
            ],
            [
              74.33267,
              31.34499
            ],
            [
              74.33219,
              31.3449
            ],
            [
              74.33203,
              31.3449
            ],
            [
              74.33075,
              31.34492
            ],
            [
              74.3305,
              31.34491
            ],
            [
              74.3304,
              31.34491
            ],
            [
              74.3298,
              31.3449
            ],
            [
              74.32865,
              31.34496
            ],
            [
              74.32832,
              31.34499
            ],
            [
              74.32747,
              31.34505
            ],
            [
              74.32738,
              31.34506
            ],
            [
              74.32598,
              31.34507
            ],
            [
              74.32499,
              31.34509
            ],
            [
              74.32409,
              31.34507
            ],
            [
              74.32252,
              31.34503
            ],
            [
              74.32215,
              31.34468
            ],
            [
              74.32119,
              31.34455
            ],
            [
              74.32095,
              31.34451
            ],
            [
              74.31936,
              31.34462
            ],
            [
              74.31887,
              31.3447
            ],
            [
              74.31853,
              31.34476
            ],
            [
              74.31829,
              31.3448
            ],
            [
              74.31812,
              31.34486
            ],
            [
              74.31794,
              31.34493
            ],
            [
              74.31777,
              31.34501
            ],
            [
              74.3176,
              31.3451
            ],
            [
              74.31744,
              31.34519
            ],
            [
              74.31763,
              31.34604
            ],
            [
              74.31772,
              31.34643
            ],
            [
              74.31773,
              31.34658
            ],
            [
              74.31781,
              31.34734
            ],
            [
              74.31784,
              31.34766
            ],
            [
              74.31799,
              31.34828
            ],
            [
              74.31815,
              31.34901
            ],
            [
              74.31704,
              31.3493
            ],
            [
              74.31699,
              31.3493
            ],
            [
              74.31685,
              31.3493
            ],
            [
              74.31695,
              31.34963
            ],
            [
              74.31695,
              31.34963
            ],
            [
              74.31714,
              31.35013
            ],
            [
              74.31737,
              31.35072
            ],
            [
              74.31757,
              31.35139
            ],
            [
              74.31768,
              31.35178
            ],
            [
              74.31795,
              31.35229
            ],
            [
              74.31816,
              31.35268
            ],
            [
              74.31741,
              31.35299
            ],
            [
              74.31704,
              31.35305
            ],
            [
              74.31656,
              31.35312
            ],
            [
              74.31633,
              31.3531
            ],
            [
              74.31555,
              31.35305
            ],
            [
              74.31546,
              31.35302
            ],
            [
              74.31492,
              31.35288
            ],
            [
              74.31353,
              31.35256
            ],
            [
              74.31348,
              31.35313
            ],
            [
              74.31257,
              31.3532
            ],
            [
              74.31225,
              31.35333
            ],
            [
              74.311,
              31.35387
            ],
            [
              74.31086,
              31.35395
            ],
            [
              74.3108,
              31.35398
            ],
            [
              74.31067,
              31.35405
            ],
            [
              74.30996,
              31.35398
            ],
            [
              74.30923,
              31.35388
            ],
            [
              74.3089,
              31.35384
            ],
            [
              74.30831,
              31.35377
            ],
            [
              74.30749,
              31.35368
            ],
            [
              74.30713,
              31.35378
            ],
            [
              74.30616,
              31.35401
            ],
            [
              74.30606,
              31.354
            ],
            [
              74.30519,
              31.35453
            ]
          ]
        ]
      }
    },
    {
      "type": "Feature",
      "properties": {
        "mauza": "Kacha",
        "mauza_urdu": null,
        "hb_no": null,
        "tehsil": "Nishter",
        "district": "Lahore",
        "source_object_id": 754060
      },
      "geometry": {
        "type": "Polygon",
        "coordinates": [
          [
            [
              74.31983,
              31.40966
            ],
            [
              74.31921,
              31.41004
            ],
            [
              74.31893,
              31.41019
            ],
            [
              74.31858,
              31.41021
            ],
            [
              74.31794,
              31.41022
            ],
            [
              74.31784,
              31.41022
            ],
            [
              74.31762,
              31.41024
            ],
            [
              74.3173,
              31.41028
            ],
            [
              74.31666,
              31.41036
            ],
            [
              74.31602,
              31.41044
            ],
            [
              74.31538,
              31.4105
            ],
            [
              74.31475,
              31.41058
            ],
            [
              74.31411,
              31.41066
            ],
            [
              74.31347,
              31.41074
            ],
            [
              74.31283,
              31.41078
            ],
            [
              74.31219,
              31.41082
            ],
            [
              74.31175,
              31.41086
            ],
            [
              74.31156,
              31.41098
            ],
            [
              74.31133,
              31.41111
            ],
            [
              74.31093,
              31.41125
            ],
            [
              74.3103,
              31.41144
            ],
            [
              74.30994,
              31.41154
            ],
            [
              74.30987,
              31.41204
            ],
            [
              74.30981,
              31.41254
            ],
            [
              74.30979,
              31.4127
            ],
            [
              74.30979,
              31.41301
            ],
            [
              74.30979,
              31.41303
            ],
            [
              74.30976,
              31.41338
            ],
            [
              74.30976,
              31.41353
            ],
            [
              74.30953,
              31.41403
            ],
            [
              74.30942,
              31.4143
            ],
            [
              74.30935,
              31.41441
            ],
            [
              74.30936,
              31.41454
            ],
            [
              74.30937,
              31.41472
            ],
            [
              74.30921,
              31.41493
            ],
            [
              74.30911,
              31.41504
            ],
            [
              74.30869,
              31.41555
            ],
            [
              74.3086,
              31.41565
            ],
            [
              74.30824,
              31.41607
            ],
            [
              74.308,
              31.41631
            ],
            [
              74.30784,
              31.41649
            ],
            [
              74.30761,
              31.41659
            ],
            [
              74.30737,
              31.41669
            ],
            [
              74.30726,
              31.41675
            ],
            [
              74.30708,
              31.41711
            ],
            [
              74.30686,
              31.41758
            ],
            [
              74.30686,
              31.41761
            ],
            [
              74.30679,
              31.41775
            ],
            [
              74.30663,
              31.41811
            ],
            [
              74.3065,
              31.41841
            ],
            [
              74.3062,
              31.41863
            ],
            [
              74.30601,
              31.41883
            ],
            [
              74.30557,
              31.41896
            ],
            [
              74.30494,
              31.41915
            ],
            [
              74.3043,
              31.4192
            ],
            [
              74.30366,
              31.41928
            ],
            [
              74.30302,
              31.41935
            ],
            [
              74.30285,
              31.41937
            ],
            [
              74.30251,
              31.41927
            ],
            [
              74.30237,
              31.41919
            ],
            [
              74.30172,
              31.41896
            ],
            [
              74.30165,
              31.41894
            ],
            [
              74.30144,
              31.41882
            ],
            [
              74.30106,
              31.41858
            ],
            [
              74.30085,
              31.41846
            ],
            [
              74.3004,
              31.41836
            ],
            [
              74.29991,
              31.41824
            ],
            [
              74.29975,
              31.41817
            ],
            [
              74.29914,
              31.41799
            ],
            [
              74.29909,
              31.41792
            ],
            [
              74.29892,
              31.41762
            ],
            [
              74.29891,
              31.4176
            ],
            [
              74.29899,
              31.41743
            ],
            [
              74.29906,
              31.41731
            ],
            [
              74.2993,
              31.41692
            ],
            [
              74.29959,
              31.41641
            ],
            [
              74.29965,
              31.4163
            ],
            [
              74.29987,
              31.41591
            ],
            [
              74.30024,
              31.4154
            ],
            [
              74.30062,
              31.41489
            ],
            [
              74.30084,
              31.41453
            ],
            [
              74.30089,
              31.41445
            ],
            [
              74.30091,
              31.41438
            ],
            [
              74.30095,
              31.41388
            ],
            [
              74.30094,
              31.41374
            ],
            [
              74.30094,
              31.41357
            ],
            [
              74.30094,
              31.41339
            ],
            [
              74.30093,
              31.41299
            ],
            [
              74.30094,
              31.41289
            ],
            [
              74.30087,
              31.4124
            ],
            [
              74.30082,
              31.41199
            ],
            [
              74.30081,
              31.4119
            ],
            [
              74.30073,
              31.41141
            ],
            [
              74.30071,
              31.41112
            ],
            [
              74.30102,
              31.41105
            ],
            [
              74.30093,
              31.41091
            ],
            [
              74.30069,
              31.41055
            ],
            [
              74.30126,
              31.4104
            ],
            [
              74.30189,
              31.41029
            ],
            [
              74.30199,
              31.41027
            ],
            [
              74.30198,
              31.40989
            ],
            [
              74.30251,
              31.40981
            ],
            [
              74.30256,
              31.40981
            ],
            [
              74.30259,
              31.40981
            ],
            [
              74.30264,
              31.40935
            ],
            [
              74.30273,
              31.40885
            ],
            [
              74.30273,
              31.40871
            ],
            [
              74.30309,
              31.40876
            ],
            [
              74.30324,
              31.40877
            ],
            [
              74.30325,
              31.40834
            ],
            [
              74.30371,
              31.40835
            ],
            [
              74.30436,
              31.40838
            ],
            [
              74.30459,
              31.40842
            ],
            [
              74.30467,
              31.40828
            ],
            [
              74.30489,
              31.40802
            ],
            [
              74.30497,
              31.4079
            ],
            [
              74.30497,
              31.40777
            ],
            [
              74.30502,
              31.40728
            ],
            [
              74.30509,
              31.40678
            ],
            [
              74.30503,
              31.40629
            ],
            [
              74.30502,
              31.40618
            ],
            [
              74.30513,
              31.40579
            ],
            [
              74.30514,
              31.40565
            ],
            [
              74.30486,
              31.4053
            ],
            [
              74.30483,
              31.40523
            ],
            [
              74.30453,
              31.40482
            ],
            [
              74.30436,
              31.4045
            ],
            [
              74.30444,
              31.40433
            ],
            [
              74.30467,
              31.40382
            ],
            [
              74.3047,
              31.40375
            ],
            [
              74.30473,
              31.40346
            ],
            [
              74.30476,
              31.40332
            ],
            [
              74.30479,
              31.40294
            ],
            [
              74.30484,
              31.40282
            ],
            [
              74.30512,
              31.40232
            ],
            [
              74.30529,
              31.40195
            ],
            [
              74.30538,
              31.40181
            ],
            [
              74.30559,
              31.40134
            ],
            [
              74.30566,
              31.40131
            ],
            [
              74.3058,
              31.40104
            ],
            [
              74.30588,
              31.40088
            ],
            [
              74.30594,
              31.4008
            ],
            [
              74.30609,
              31.40058
            ],
            [
              74.30624,
              31.40045
            ],
            [
              74.30638,
              31.40032
            ],
            [
              74.30641,
              31.40028
            ],
            [
              74.30649,
              31.40028
            ],
            [
              74.30656,
              31.40016
            ],
            [
              74.30673,
              31.40005
            ],
            [
              74.30672,
              31.39978
            ],
            [
              74.3067,
              31.39928
            ],
            [
              74.30669,
              31.39906
            ],
            [
              74.30663,
              31.39879
            ],
            [
              74.30649,
              31.3983
            ],
            [
              74.30635,
              31.39781
            ],
            [
              74.30627,
              31.39781
            ],
            [
              74.30604,
              31.39733
            ],
            [
              74.30591,
              31.39703
            ],
            [
              74.30614,
              31.39683
            ],
            [
              74.30629,
              31.39667
            ],
            [
              74.30645,
              31.3965
            ],
            [
              74.30659,
              31.39631
            ],
            [
              74.30676,
              31.39605
            ],
            [
              74.30677,
              31.39585
            ],
            [
              74.30685,
              31.39581
            ],
            [
              74.30688,
              31.39578
            ],
            [
              74.30699,
              31.39572
            ],
            [
              74.30701,
              31.3957
            ],
            [
              74.30739,
              31.39529
            ],
            [
              74.30749,
              31.39515
            ],
            [
              74.30784,
              31.39478
            ],
            [
              74.30785,
              31.39475
            ],
            [
              74.30795,
              31.39466
            ],
            [
              74.30809,
              31.39438
            ],
            [
              74.30815,
              31.39427
            ],
            [
              74.30835,
              31.39392
            ],
            [
              74.30852,
              31.39376
            ],
            [
              74.30869,
              31.39362
            ],
            [
              74.30908,
              31.3933
            ],
            [
              74.3091,
              31.39324
            ],
            [
              74.30913,
              31.39313
            ],
            [
              74.30931,
              31.39312
            ],
            [
              74.30995,
              31.39304
            ],
            [
              74.31008,
              31.39303
            ],
            [
              74.31049,
              31.39288
            ],
            [
              74.31057,
              31.3928
            ],
            [
              74.31071,
              31.39268
            ],
            [
              74.31114,
              31.39231
            ],
            [
              74.31119,
              31.3923
            ],
            [
              74.31124,
              31.3923
            ],
            [
              74.31126,
              31.39216
            ],
            [
              74.3113,
              31.39199
            ],
            [
              74.31135,
              31.39167
            ],
            [
              74.31135,
              31.39166
            ],
            [
              74.31142,
              31.39117
            ],
            [
              74.31147,
              31.39067
            ],
            [
              74.31152,
              31.39017
            ],
            [
              74.31157,
              31.38978
            ],
            [
              74.3115,
              31.38968
            ],
            [
              74.31113,
              31.38919
            ],
            [
              74.31101,
              31.38903
            ],
            [
              74.31091,
              31.38889
            ],
            [
              74.31082,
              31.38871
            ],
            [
              74.31066,
              31.38836
            ],
            [
              74.31062,
              31.38829
            ],
            [
              74.31061,
              31.38822
            ],
            [
              74.31057,
              31.38773
            ],
            [
              74.31057,
              31.38748
            ],
            [
              74.31079,
              31.3875
            ],
            [
              74.31082,
              31.38722
            ],
            [
              74.31084,
              31.38699
            ],
            [
              74.31089,
              31.38685
            ],
            [
              74.31093,
              31.38672
            ],
            [
              74.31112,
              31.38622
            ],
            [
              74.31131,
              31.38572
            ],
            [
              74.31145,
              31.38533
            ],
            [
              74.31149,
              31.38522
            ],
            [
              74.31173,
              31.38517
            ],
            [
              74.31168,
              31.38471
            ],
            [
              74.31165,
              31.38465
            ],
            [
              74.31176,
              31.38435
            ],
            [
              74.31203,
              31.3842
            ],
            [
              74.31257,
              31.38397
            ],
            [
              74.31266,
              31.3839
            ],
            [
              74.31299,
              31.38368
            ],
            [
              74.31305,
              31.38367
            ],
            [
              74.31328,
              31.3836
            ],
            [
              74.31329,
              31.3836
            ],
            [
              74.31337,
              31.38359
            ],
            [
              74.31348,
              31.38365
            ],
            [
              74.31352,
              31.38367
            ],
            [
              74.31356,
              31.38365
            ],
            [
              74.31371,
              31.38357
            ],
            [
              74.31392,
              31.38344
            ],
            [
              74.31396,
              31.38342
            ],
            [
              74.31451,
              31.3832
            ],
            [
              74.31454,
              31.38317
            ],
            [
              74.31462,
              31.38311
            ],
            [
              74.31485,
              31.38294
            ],
            [
              74.31514,
              31.38265
            ],
            [
              74.31516,
              31.38265
            ],
            [
              74.31522,
              31.38263
            ],
            [
              74.3154,
              31.38258
            ],
            [
              74.31579,
              31.38249
            ],
            [
              74.31597,
              31.38245
            ],
            [
              74.31601,
              31.38256
            ],
            [
              74.31606,
              31.38273
            ],
            [
              74.31617,
              31.38305
            ],
            [
              74.31635,
              31.38351
            ],
            [
              74.31635,
              31.38354
            ],
            [
              74.31636,
              31.38403
            ],
            [
              74.31639,
              31.38439
            ],
            [
              74.31643,
              31.38452
            ],
            [
              74.31656,
              31.38481
            ],
            [
              74.31663,
              31.38497
            ],
            [
              74.31665,
              31.38501
            ],
            [
              74.31673,
              31.38515
            ],
            [
              74.31682,
              31.3855
            ],
            [
              74.31687,
              31.38565
            ],
            [
              74.31691,
              31.38599
            ],
            [
              74.31693,
              31.38634
            ],
            [
              74.31728,
              31.38622
            ],
            [
              74.31738,
              31.38619
            ],
            [
              74.31772,
              31.38645
            ],
            [
              74.31793,
              31.38647
            ],
            [
              74.31798,
              31.38648
            ],
            [
              74.31858,
              31.38651
            ],
            [
              74.31902,
              31.38653
            ],
            [
              74.3191,
              31.38655
            ],
            [
              74.31911,
              31.38655
            ],
            [
              74.31922,
              31.38657
            ],
            [
              74.31987,
              31.38666
            ],
            [
              74.3199,
              31.38667
            ],
            [
              74.32015,
              31.38671
            ],
            [
              74.32043,
              31.38635
            ],
            [
              74.32049,
              31.38626
            ],
            [
              74.32053,
              31.38621
            ],
            [
              74.32067,
              31.38634
            ],
            [
              74.32071,
              31.38637
            ],
            [
              74.32088,
              31.38651
            ],
            [
              74.32114,
              31.38635
            ],
            [
              74.32118,
              31.38632
            ],
            [
              74.32175,
              31.38591
            ],
            [
              74.32194,
              31.38579
            ],
            [
              74.32209,
              31.38569
            ],
            [
              74.32215,
              31.38565
            ],
            [
              74.32234,
              31.38553
            ],
            [
              74.32237,
              31.38551
            ],
            [
              74.32252,
              31.38542
            ],
            [
              74.32287,
              31.38526
            ],
            [
              74.323,
              31.3852
            ],
            [
              74.32302,
              31.38518
            ],
            [
              74.32314,
              31.38501
            ],
            [
              74.32361,
              31.38473
            ],
            [
              74.32372,
              31.38469
            ],
            [
              74.32393,
              31.38454
            ],
            [
              74.32387,
              31.38435
            ],
            [
              74.32388,
              31.38423
            ],
            [
              74.32393,
              31.38385
            ],
            [
              74.32395,
              31.38373
            ],
            [
              74.32403,
              31.38323
            ],
            [
              74.32409,
              31.38284
            ],
            [
              74.3241,
              31.38273
            ],
            [
              74.32413,
              31.38243
            ],
            [
              74.32415,
              31.38223
            ],
            [
              74.32425,
              31.38173
            ],
            [
              74.32435,
              31.38123
            ],
            [
              74.32437,
              31.38111
            ],
            [
              74.32441,
              31.38109
            ],
            [
              74.32469,
              31.38093
            ],
            [
              74.325,
              31.38076
            ],
            [
              74.32509,
              31.38071
            ],
            [
              74.32531,
              31.38058
            ],
            [
              74.32594,
              31.38033
            ],
            [
              74.32658,
              31.38022
            ],
            [
              74.32694,
              31.38014
            ],
            [
              74.32704,
              31.38012
            ],
            [
              74.32717,
              31.38014
            ],
            [
              74.32722,
              31.38014
            ],
            [
              74.32726,
              31.38014
            ],
            [
              74.32755,
              31.38014
            ],
            [
              74.32786,
              31.3802
            ],
            [
              74.32801,
              31.38021
            ],
            [
              74.32809,
              31.38009
            ],
            [
              74.32842,
              31.37958
            ],
            [
              74.32847,
              31.37951
            ],
            [
              74.32856,
              31.37937
            ],
            [
              74.32844,
              31.37911
            ],
            [
              74.32843,
              31.37909
            ],
            [
              74.32832,
              31.37885
            ],
            [
              74.32843,
              31.37879
            ],
            [
              74.3286,
              31.37869
            ],
            [
              74.32872,
              31.37858
            ],
            [
              74.32881,
              31.37851
            ],
            [
              74.32904,
              31.37826
            ],
            [
              74.32922,
              31.37807
            ],
            [
              74.32936,
              31.37792
            ],
            [
              74.32956,
              31.37756
            ],
            [
              74.32964,
              31.37742
            ],
            [
              74.32968,
              31.37734
            ],
            [
              74.33005,
              31.37704
            ],
            [
              74.33025,
              31.37686
            ],
            [
              74.3305,
              31.37663
            ],
            [
              74.33062,
              31.37652
            ],
            [
              74.33071,
              31.37645
            ],
            [
              74.33086,
              31.37633
            ],
            [
              74.33109,
              31.37613
            ],
            [
              74.33105,
              31.37601
            ],
            [
              74.3309,
              31.37552
            ],
            [
              74.33082,
              31.37528
            ],
            [
              74.3308,
              31.37522
            ],
            [
              74.33074,
              31.37503
            ],
            [
              74.33069,
              31.37486
            ],
            [
              74.33077,
              31.37467
            ],
            [
              74.33083,
              31.37453
            ],
            [
              74.33105,
              31.37403
            ],
            [
              74.33129,
              31.37352
            ],
            [
              74.3313,
              31.3735
            ],
            [
              74.33131,
              31.37352
            ],
            [
              74.33135,
              31.37356
            ],
            [
              74.33161,
              31.37385
            ],
            [
              74.3319,
              31.37399
            ],
            [
              74.33202,
              31.37403
            ],
            [
              74.33268,
              31.37435
            ],
            [
              74.33297,
              31.37445
            ],
            [
              74.33333,
              31.37457
            ],
            [
              74.33398,
              31.37478
            ],
            [
              74.33436,
              31.37488
            ],
            [
              74.33438,
              31.37489
            ],
            [
              74.33464,
              31.37504
            ],
            [
              74.33515,
              31.37535
            ],
            [
              74.3353,
              31.37543
            ],
            [
              74.33596,
              31.37577
            ],
            [
              74.33603,
              31.37581
            ],
            [
              74.33617,
              31.37588
            ],
            [
              74.33663,
              31.37628
            ],
            [
              74.33705,
              31.37661
            ],
            [
              74.33725,
              31.37675
            ],
            [
              74.3373,
              31.37678
            ],
            [
              74.33782,
              31.37718
            ],
            [
              74.33789,
              31.37722
            ],
            [
              74.3378,
              31.37772
            ],
            [
              74.3378,
              31.37776
            ],
            [
              74.33778,
              31.37798
            ],
            [
              74.33774,
              31.37822
            ],
            [
              74.33774,
              31.37825
            ],
            [
              74.33774,
              31.37872
            ],
            [
              74.33775,
              31.37912
            ],
            [
              74.33782,
              31.37921
            ],
            [
              74.33797,
              31.37955
            ],
            [
              74.3381,
              31.37966
            ],
            [
              74.33813,
              31.37969
            ],
            [
              74.33883,
              31.38016
            ],
            [
              74.33936,
              31.38054
            ],
            [
              74.33941,
              31.38063
            ],
            [
              74.33944,
              31.38068
            ],
            [
              74.3397,
              31.38111
            ],
            [
              74.34,
              31.3816
            ],
            [
              74.34012,
              31.38175
            ],
            [
              74.34014,
              31.38176
            ],
            [
              74.34018,
              31.38177
            ],
            [
              74.34063,
              31.38196
            ],
            [
              74.3408,
              31.38206
            ],
            [
              74.34145,
              31.38217
            ],
            [
              74.34191,
              31.38236
            ],
            [
              74.3421,
              31.38242
            ],
            [
              74.34233,
              31.3825
            ],
            [
              74.34245,
              31.38255
            ],
            [
              74.34269,
              31.38262
            ],
            [
              74.34276,
              31.38266
            ],
            [
              74.34323,
              31.38296
            ],
            [
              74.34342,
              31.38307
            ],
            [
              74.34406,
              31.38342
            ],
            [
              74.34408,
              31.38343
            ],
            [
              74.34474,
              31.3838
            ],
            [
              74.34493,
              31.38388
            ],
            [
              74.34499,
              31.3839
            ],
            [
              74.34506,
              31.38437
            ],
            [
              74.34514,
              31.38486
            ],
            [
              74.34517,
              31.38502
            ],
            [
              74.34505,
              31.38536
            ],
            [
              74.34497,
              31.38574
            ],
            [
              74.34517,
              31.38585
            ],
            [
              74.34545,
              31.386
            ],
            [
              74.34551,
              31.38603
            ],
            [
              74.34594,
              31.38632
            ],
            [
              74.34617,
              31.38647
            ],
            [
              74.34666,
              31.38678
            ],
            [
              74.34684,
              31.3869
            ],
            [
              74.34714,
              31.38709
            ],
            [
              74.3475,
              31.38719
            ],
            [
              74.34766,
              31.38724
            ],
            [
              74.34815,
              31.38738
            ],
            [
              74.34845,
              31.38747
            ],
            [
              74.3488,
              31.38752
            ],
            [
              74.34932,
              31.3876
            ],
            [
              74.34932,
              31.38767
            ],
            [
              74.3493,
              31.38809
            ],
            [
              74.34931,
              31.38816
            ],
            [
              74.3493,
              31.38833
            ],
            [
              74.34929,
              31.38856
            ],
            [
              74.34928,
              31.38866
            ],
            [
              74.34927,
              31.38915
            ],
            [
              74.34927,
              31.38965
            ],
            [
              74.34925,
              31.39015
            ],
            [
              74.34922,
              31.39064
            ],
            [
              74.3492,
              31.39114
            ],
            [
              74.34917,
              31.39164
            ],
            [
              74.34915,
              31.39213
            ],
            [
              74.34915,
              31.39217
            ],
            [
              74.34906,
              31.3923
            ],
            [
              74.34887,
              31.39264
            ],
            [
              74.34857,
              31.39315
            ],
            [
              74.34847,
              31.39329
            ],
            [
              74.34827,
              31.39365
            ],
            [
              74.34818,
              31.3938
            ],
            [
              74.34813,
              31.39416
            ],
            [
              74.34799,
              31.39458
            ],
            [
              74.34795,
              31.39466
            ],
            [
              74.34791,
              31.39476
            ],
            [
              74.34773,
              31.39509
            ],
            [
              74.34771,
              31.39516
            ],
            [
              74.34752,
              31.39555
            ],
            [
              74.34749,
              31.39567
            ],
            [
              74.34734,
              31.39617
            ],
            [
              74.34731,
              31.39636
            ],
            [
              74.34725,
              31.39648
            ],
            [
              74.34721,
              31.39667
            ],
            [
              74.34706,
              31.39717
            ],
            [
              74.34678,
              31.39757
            ],
            [
              74.3467,
              31.39768
            ],
            [
              74.34635,
              31.39819
            ],
            [
              74.34618,
              31.3984
            ],
            [
              74.34575,
              31.39871
            ],
            [
              74.34562,
              31.3988
            ],
            [
              74.34556,
              31.39883
            ],
            [
              74.34511,
              31.39897
            ],
            [
              74.34493,
              31.39899
            ],
            [
              74.34429,
              31.39909
            ],
            [
              74.34425,
              31.39909
            ],
            [
              74.3443,
              31.39926
            ],
            [
              74.34433,
              31.39976
            ],
            [
              74.34434,
              31.40025
            ],
            [
              74.3444,
              31.40075
            ],
            [
              74.34442,
              31.40075
            ],
            [
              74.34444,
              31.40124
            ],
            [
              74.34445,
              31.40139
            ],
            [
              74.34449,
              31.40174
            ],
            [
              74.34449,
              31.40189
            ],
            [
              74.34456,
              31.40223
            ],
            [
              74.34462,
              31.40272
            ],
            [
              74.34471,
              31.40321
            ],
            [
              74.34452,
              31.40329
            ],
            [
              74.34389,
              31.40353
            ],
            [
              74.34336,
              31.40376
            ],
            [
              74.34327,
              31.40381
            ],
            [
              74.34303,
              31.40387
            ],
            [
              74.3431,
              31.40427
            ],
            [
              74.34316,
              31.40476
            ],
            [
              74.34322,
              31.40502
            ],
            [
              74.34322,
              31.40525
            ],
            [
              74.34323,
              31.40575
            ],
            [
              74.34324,
              31.40587
            ],
            [
              74.34321,
              31.40625
            ],
            [
              74.34314,
              31.40674
            ],
            [
              74.3428,
              31.40709
            ],
            [
              74.3427,
              31.40719
            ],
            [
              74.34239,
              31.4072
            ],
            [
              74.3424,
              31.40727
            ],
            [
              74.34241,
              31.40745
            ],
            [
              74.34239,
              31.40777
            ],
            [
              74.34234,
              31.4079
            ],
            [
              74.34242,
              31.40826
            ],
            [
              74.34253,
              31.40875
            ],
            [
              74.34254,
              31.40893
            ],
            [
              74.34228,
              31.40926
            ],
            [
              74.34195,
              31.40977
            ],
            [
              74.34188,
              31.40986
            ],
            [
              74.34184,
              31.41002
            ],
            [
              74.34185,
              31.41027
            ],
            [
              74.3418,
              31.41076
            ],
            [
              74.34177,
              31.4108
            ],
            [
              74.34116,
              31.41106
            ],
            [
              74.3411,
              31.41109
            ],
            [
              74.3408,
              31.41122
            ],
            [
              74.34055,
              31.41131
            ],
            [
              74.34047,
              31.41134
            ],
            [
              74.33984,
              31.41157
            ],
            [
              74.33961,
              31.41163
            ],
            [
              74.3392,
              31.41168
            ],
            [
              74.33866,
              31.41174
            ],
            [
              74.33856,
              31.41176
            ],
            [
              74.33792,
              31.4117
            ],
            [
              74.3376,
              31.4117
            ],
            [
              74.33728,
              31.41166
            ],
            [
              74.33663,
              31.4116
            ],
            [
              74.3365,
              31.41161
            ],
            [
              74.33598,
              31.41153
            ],
            [
              74.33581,
              31.4115
            ],
            [
              74.33534,
              31.41143
            ],
            [
              74.33469,
              31.41134
            ],
            [
              74.33404,
              31.41124
            ],
            [
              74.33366,
              31.41119
            ],
            [
              74.33341,
              31.41137
            ],
            [
              74.33308,
              31.41161
            ],
            [
              74.33287,
              31.41176
            ],
            [
              74.33279,
              31.41184
            ],
            [
              74.33257,
              31.41212
            ],
            [
              74.33219,
              31.41259
            ],
            [
              74.332,
              31.41264
            ],
            [
              74.33156,
              31.4128
            ],
            [
              74.33147,
              31.41282
            ],
            [
              74.33092,
              31.41286
            ],
            [
              74.33052,
              31.41288
            ],
            [
              74.33028,
              31.4129
            ],
            [
              74.32964,
              31.41296
            ],
            [
              74.329,
              31.413
            ],
            [
              74.32836,
              31.41308
            ],
            [
              74.32772,
              31.4131
            ],
            [
              74.32708,
              31.41313
            ],
            [
              74.32647,
              31.41315
            ],
            [
              74.32644,
              31.41315
            ],
            [
              74.3258,
              31.41318
            ],
            [
              74.32516,
              31.41322
            ],
            [
              74.32452,
              31.4133
            ],
            [
              74.32388,
              31.41331
            ],
            [
              74.32324,
              31.41334
            ],
            [
              74.32321,
              31.41334
            ],
            [
              74.3226,
              31.41336
            ],
            [
              74.32209,
              31.41338
            ],
            [
              74.32197,
              31.41346
            ],
            [
              74.32187,
              31.41354
            ],
            [
              74.32144,
              31.41387
            ],
            [
              74.32136,
              31.41356
            ],
            [
              74.32132,
              31.41337
            ],
            [
              74.32125,
              31.41307
            ],
            [
              74.3212,
              31.41288
            ],
            [
              74.3211,
              31.41261
            ],
            [
              74.32108,
              31.41258
            ],
            [
              74.32086,
              31.4121
            ],
            [
              74.32076,
              31.41181
            ],
            [
              74.32073,
              31.41161
            ],
            [
              74.32065,
              31.41111
            ],
            [
              74.32059,
              31.41065
            ],
            [
              74.32059,
              31.41062
            ],
            [
              74.32051,
              31.41038
            ],
            [
              74.32042,
              31.41013
            ],
            [
              74.32023,
              31.40964
            ],
            [
              74.32014,
              31.40948
            ],
            [
              74.31983,
              31.40966
            ]
          ]
        ]
      }
    },
    {
      "type": "Feature",
      "properties": {
        "mauza": "Kaiyat",
        "patwari_name": "Keet",
        "patwari_match_confidence": "estimated location from the Patwari sketch map places \"Keet\" ~1010m from this mouza's centroid, within the sketch's overall georeferencing error -- treated as a confirmed match",
        "mauza_urdu": null,
        "hb_no": null,
        "tehsil": "Nishter",
        "district": "Lahore",
        "source_object_id": 754061
      },
      "geometry": {
        "type": "Polygon",
        "coordinates": [
          [
            [
              74.41516,
              31.30425
            ],
            [
              74.41498,
              31.30441
            ],
            [
              74.41477,
              31.30458
            ],
            [
              74.4143,
              31.30498
            ],
            [
              74.41416,
              31.30513
            ],
            [
              74.41367,
              31.30493
            ],
            [
              74.41318,
              31.30469
            ],
            [
              74.41304,
              31.30462
            ],
            [
              74.41298,
              31.30458
            ],
            [
              74.41283,
              31.3045
            ],
            [
              74.41241,
              31.3044
            ],
            [
              74.41203,
              31.30431
            ],
            [
              74.41178,
              31.30422
            ],
            [
              74.41115,
              31.30406
            ],
            [
              74.41102,
              31.30406
            ],
            [
              74.41048,
              31.30453
            ],
            [
              74.41042,
              31.30472
            ],
            [
              74.40982,
              31.30491
            ],
            [
              74.40954,
              31.30502
            ],
            [
              74.40919,
              31.30467
            ],
            [
              74.40891,
              31.30439
            ],
            [
              74.4088,
              31.30416
            ],
            [
              74.40846,
              31.30365
            ],
            [
              74.40807,
              31.30314
            ],
            [
              74.40768,
              31.30262
            ],
            [
              74.40742,
              31.30228
            ],
            [
              74.40728,
              31.30211
            ],
            [
              74.40684,
              31.30162
            ],
            [
              74.40683,
              31.3016
            ],
            [
              74.40679,
              31.3016
            ],
            [
              74.40682,
              31.3012
            ],
            [
              74.40685,
              31.3011
            ],
            [
              74.40714,
              31.30062
            ],
            [
              74.4074,
              31.30013
            ],
            [
              74.40752,
              31.29988
            ],
            [
              74.40745,
              31.29964
            ],
            [
              74.40733,
              31.29914
            ],
            [
              74.40728,
              31.29904
            ],
            [
              74.40736,
              31.29865
            ],
            [
              74.40742,
              31.29815
            ],
            [
              74.40744,
              31.29809
            ],
            [
              74.40781,
              31.29767
            ],
            [
              74.40803,
              31.29739
            ],
            [
              74.40819,
              31.29719
            ],
            [
              74.40843,
              31.29689
            ],
            [
              74.40846,
              31.29671
            ],
            [
              74.4086,
              31.29622
            ],
            [
              74.40861,
              31.29612
            ],
            [
              74.40877,
              31.29573
            ],
            [
              74.40894,
              31.29524
            ],
            [
              74.40913,
              31.29475
            ],
            [
              74.40917,
              31.29468
            ],
            [
              74.40928,
              31.29426
            ],
            [
              74.40941,
              31.29377
            ],
            [
              74.40955,
              31.29324
            ],
            [
              74.40958,
              31.29319
            ],
            [
              74.40984,
              31.2928
            ],
            [
              74.4101,
              31.29231
            ],
            [
              74.41039,
              31.29183
            ],
            [
              74.41055,
              31.29162
            ],
            [
              74.41067,
              31.29146
            ],
            [
              74.41079,
              31.29135
            ],
            [
              74.41123,
              31.29096
            ],
            [
              74.41131,
              31.29088
            ],
            [
              74.41179,
              31.2904
            ],
            [
              74.41181,
              31.29037
            ],
            [
              74.41223,
              31.28992
            ],
            [
              74.41269,
              31.28945
            ],
            [
              74.41297,
              31.28904
            ],
            [
              74.41302,
              31.28896
            ],
            [
              74.41338,
              31.28848
            ],
            [
              74.41359,
              31.28818
            ],
            [
              74.4136,
              31.288
            ],
            [
              74.41374,
              31.28751
            ],
            [
              74.41389,
              31.28714
            ],
            [
              74.41396,
              31.28702
            ],
            [
              74.41424,
              31.28654
            ],
            [
              74.41451,
              31.28605
            ],
            [
              74.41479,
              31.28557
            ],
            [
              74.41506,
              31.28508
            ],
            [
              74.41519,
              31.28474
            ],
            [
              74.41536,
              31.2846
            ],
            [
              74.41574,
              31.28412
            ],
            [
              74.41612,
              31.28364
            ],
            [
              74.41642,
              31.28326
            ],
            [
              74.41661,
              31.28316
            ],
            [
              74.41728,
              31.28286
            ],
            [
              74.41745,
              31.28276
            ],
            [
              74.41792,
              31.28256
            ],
            [
              74.41803,
              31.28273
            ],
            [
              74.41827,
              31.28323
            ],
            [
              74.41852,
              31.28374
            ],
            [
              74.41872,
              31.284
            ],
            [
              74.41878,
              31.28424
            ],
            [
              74.41902,
              31.28475
            ],
            [
              74.41904,
              31.28477
            ],
            [
              74.41927,
              31.28525
            ],
            [
              74.41941,
              31.28547
            ],
            [
              74.41951,
              31.28576
            ],
            [
              74.41979,
              31.28627
            ],
            [
              74.41982,
              31.28627
            ],
            [
              74.41982,
              31.28629
            ],
            [
              74.42016,
              31.28678
            ],
            [
              74.42042,
              31.28709
            ],
            [
              74.42085,
              31.2877
            ],
            [
              74.42103,
              31.28769
            ],
            [
              74.42141,
              31.28767
            ],
            [
              74.42147,
              31.28829
            ],
            [
              74.42147,
              31.28832
            ],
            [
              74.42149,
              31.28856
            ],
            [
              74.4218,
              31.28882
            ],
            [
              74.42209,
              31.2891
            ],
            [
              74.42223,
              31.2891
            ],
            [
              74.42287,
              31.28916
            ],
            [
              74.42311,
              31.28918
            ],
            [
              74.42351,
              31.28909
            ],
            [
              74.42416,
              31.28896
            ],
            [
              74.4243,
              31.28894
            ],
            [
              74.42458,
              31.28943
            ],
            [
              74.4249,
              31.28991
            ],
            [
              74.42491,
              31.28994
            ],
            [
              74.42516,
              31.29039
            ],
            [
              74.42537,
              31.29036
            ],
            [
              74.42601,
              31.29029
            ],
            [
              74.42633,
              31.29024
            ],
            [
              74.42665,
              31.29032
            ],
            [
              74.42729,
              31.29038
            ],
            [
              74.42761,
              31.29039
            ],
            [
              74.42774,
              31.29039
            ],
            [
              74.42793,
              31.29039
            ],
            [
              74.42831,
              31.29036
            ],
            [
              74.42858,
              31.29019
            ],
            [
              74.42894,
              31.28996
            ],
            [
              74.42923,
              31.29005
            ],
            [
              74.42986,
              31.29033
            ],
            [
              74.43017,
              31.29044
            ],
            [
              74.43048,
              31.29058
            ],
            [
              74.43109,
              31.29073
            ],
            [
              74.43112,
              31.2907
            ],
            [
              74.43177,
              31.2906
            ],
            [
              74.43199,
              31.29056
            ],
            [
              74.43241,
              31.29048
            ],
            [
              74.43295,
              31.2904
            ],
            [
              74.43307,
              31.29027
            ],
            [
              74.43359,
              31.28953
            ],
            [
              74.43375,
              31.28954
            ],
            [
              74.43439,
              31.28954
            ],
            [
              74.43458,
              31.28953
            ],
            [
              74.43503,
              31.28948
            ],
            [
              74.43516,
              31.28947
            ],
            [
              74.43522,
              31.28986
            ],
            [
              74.43519,
              31.29005
            ],
            [
              74.43532,
              31.29036
            ],
            [
              74.43537,
              31.29051
            ],
            [
              74.4354,
              31.29076
            ],
            [
              74.43544,
              31.29086
            ],
            [
              74.43567,
              31.29137
            ],
            [
              74.43568,
              31.29144
            ],
            [
              74.43583,
              31.29187
            ],
            [
              74.43598,
              31.29233
            ],
            [
              74.43571,
              31.29236
            ],
            [
              74.43552,
              31.29238
            ],
            [
              74.43491,
              31.29246
            ],
            [
              74.43487,
              31.29246
            ],
            [
              74.43421,
              31.29274
            ],
            [
              74.43391,
              31.29292
            ],
            [
              74.43356,
              31.29304
            ],
            [
              74.43322,
              31.29325
            ],
            [
              74.43289,
              31.29342
            ],
            [
              74.43224,
              31.29371
            ],
            [
              74.43197,
              31.29384
            ],
            [
              74.43139,
              31.29411
            ],
            [
              74.43128,
              31.29416
            ],
            [
              74.43037,
              31.29462
            ],
            [
              74.43016,
              31.29475
            ],
            [
              74.4297,
              31.29497
            ],
            [
              74.42961,
              31.29509
            ],
            [
              74.42959,
              31.29511
            ],
            [
              74.42928,
              31.29557
            ],
            [
              74.42922,
              31.29563
            ],
            [
              74.42909,
              31.29606
            ],
            [
              74.42888,
              31.29644
            ],
            [
              74.42884,
              31.29654
            ],
            [
              74.42877,
              31.29704
            ],
            [
              74.42872,
              31.29739
            ],
            [
              74.42883,
              31.2974
            ],
            [
              74.42946,
              31.2975
            ],
            [
              74.42961,
              31.29753
            ],
            [
              74.42984,
              31.2979
            ],
            [
              74.42988,
              31.29807
            ],
            [
              74.42998,
              31.29821
            ],
            [
              74.43008,
              31.29858
            ],
            [
              74.43024,
              31.29908
            ],
            [
              74.43025,
              31.29957
            ],
            [
              74.43025,
              31.30007
            ],
            [
              74.43026,
              31.30024
            ],
            [
              74.43023,
              31.30056
            ],
            [
              74.43013,
              31.30106
            ],
            [
              74.43004,
              31.30155
            ],
            [
              74.42995,
              31.30204
            ],
            [
              74.4299,
              31.30239
            ],
            [
              74.42977,
              31.30253
            ],
            [
              74.42935,
              31.30301
            ],
            [
              74.42915,
              31.30321
            ],
            [
              74.42888,
              31.30348
            ],
            [
              74.42849,
              31.30356
            ],
            [
              74.42784,
              31.3037
            ],
            [
              74.4272,
              31.30377
            ],
            [
              74.4271,
              31.30378
            ],
            [
              74.42696,
              31.3039
            ],
            [
              74.42636,
              31.30437
            ],
            [
              74.42588,
              31.30437
            ],
            [
              74.42545,
              31.30442
            ],
            [
              74.42524,
              31.30435
            ],
            [
              74.42502,
              31.30434
            ],
            [
              74.4246,
              31.3043
            ],
            [
              74.42396,
              31.30423
            ],
            [
              74.42384,
              31.30423
            ],
            [
              74.42374,
              31.30422
            ],
            [
              74.42368,
              31.30422
            ],
            [
              74.42333,
              31.30419
            ],
            [
              74.42269,
              31.30414
            ],
            [
              74.42261,
              31.30413
            ],
            [
              74.42205,
              31.30407
            ],
            [
              74.42141,
              31.30399
            ],
            [
              74.42077,
              31.30393
            ],
            [
              74.42051,
              31.30389
            ],
            [
              74.42015,
              31.30371
            ],
            [
              74.41952,
              31.30341
            ],
            [
              74.41938,
              31.30336
            ],
            [
              74.41889,
              31.30324
            ],
            [
              74.41825,
              31.30312
            ],
            [
              74.41761,
              31.30315
            ],
            [
              74.4171,
              31.30322
            ],
            [
              74.41697,
              31.30318
            ],
            [
              74.41667,
              31.30313
            ],
            [
              74.41633,
              31.30307
            ],
            [
              74.4161,
              31.30304
            ],
            [
              74.41582,
              31.30345
            ],
            [
              74.41576,
              31.30356
            ],
            [
              74.41545,
              31.30393
            ],
            [
              74.41516,
              31.30425
            ]
          ]
        ]
      }
    },
    {
      "type": "Feature",
      "properties": {
        "mauza": "Khand",
        "mauza_urdu": null,
        "hb_no": null,
        "tehsil": "Nishter",
        "district": "Lahore",
        "source_object_id": 754075
      },
      "geometry": {
        "type": "Polygon",
        "coordinates": [
          [
            [
              74.35237,
              31.31266
            ],
            [
              74.35205,
              31.3127
            ],
            [
              74.35201,
              31.3127
            ],
            [
              74.35173,
              31.31278
            ],
            [
              74.3516,
              31.3128
            ],
            [
              74.35126,
              31.31283
            ],
            [
              74.35109,
              31.31286
            ],
            [
              74.35106,
              31.31286
            ],
            [
              74.35061,
              31.31295
            ],
            [
              74.35045,
              31.31297
            ],
            [
              74.3501,
              31.31302
            ],
            [
              74.34981,
              31.31301
            ],
            [
              74.34933,
              31.31294
            ],
            [
              74.34923,
              31.31293
            ],
            [
              74.34917,
              31.31289
            ],
            [
              74.34881,
              31.31279
            ],
            [
              74.3488,
              31.31279
            ],
            [
              74.34852,
              31.31265
            ],
            [
              74.34838,
              31.31259
            ],
            [
              74.3482,
              31.31258
            ],
            [
              74.34788,
              31.31256
            ],
            [
              74.34767,
              31.31256
            ],
            [
              74.3474,
              31.31253
            ],
            [
              74.34739,
              31.31259
            ],
            [
              74.34729,
              31.31298
            ],
            [
              74.34724,
              31.31297
            ],
            [
              74.34721,
              31.31297
            ],
            [
              74.3466,
              31.31276
            ],
            [
              74.34635,
              31.31267
            ],
            [
              74.34596,
              31.3126
            ],
            [
              74.34532,
              31.31247
            ],
            [
              74.34468,
              31.31239
            ],
            [
              74.34434,
              31.31243
            ],
            [
              74.34403,
              31.31235
            ],
            [
              74.344,
              31.31235
            ],
            [
              74.34339,
              31.31235
            ],
            [
              74.34336,
              31.31235
            ],
            [
              74.34275,
              31.31243
            ],
            [
              74.3424,
              31.31252
            ],
            [
              74.34211,
              31.31248
            ],
            [
              74.34208,
              31.31248
            ],
            [
              74.34147,
              31.31244
            ],
            [
              74.34083,
              31.31245
            ],
            [
              74.34054,
              31.31244
            ],
            [
              74.34019,
              31.31244
            ],
            [
              74.33971,
              31.31249
            ],
            [
              74.33955,
              31.31243
            ],
            [
              74.33952,
              31.31243
            ],
            [
              74.33937,
              31.31247
            ],
            [
              74.33893,
              31.31252
            ],
            [
              74.33891,
              31.31252
            ],
            [
              74.33878,
              31.31252
            ],
            [
              74.33827,
              31.3125
            ],
            [
              74.33822,
              31.3125
            ],
            [
              74.33817,
              31.31243
            ],
            [
              74.33763,
              31.3125
            ],
            [
              74.33753,
              31.31248
            ],
            [
              74.33699,
              31.31255
            ],
            [
              74.33651,
              31.31256
            ],
            [
              74.33635,
              31.3126
            ],
            [
              74.33571,
              31.31266
            ],
            [
              74.3355,
              31.31269
            ],
            [
              74.33507,
              31.31275
            ],
            [
              74.33496,
              31.31278
            ],
            [
              74.33492,
              31.31279
            ],
            [
              74.33476,
              31.31283
            ],
            [
              74.33443,
              31.31287
            ],
            [
              74.33429,
              31.31292
            ],
            [
              74.33392,
              31.3127
            ],
            [
              74.33379,
              31.31262
            ],
            [
              74.33345,
              31.31243
            ],
            [
              74.33378,
              31.31221
            ],
            [
              74.33434,
              31.31179
            ],
            [
              74.33434,
              31.31171
            ],
            [
              74.33442,
              31.31154
            ],
            [
              74.33457,
              31.31121
            ],
            [
              74.33479,
              31.31074
            ],
            [
              74.33481,
              31.31071
            ],
            [
              74.33504,
              31.31027
            ],
            [
              74.33507,
              31.31022
            ],
            [
              74.33532,
              31.30972
            ],
            [
              74.33546,
              31.30942
            ],
            [
              74.33545,
              31.30926
            ],
            [
              74.33545,
              31.30922
            ],
            [
              74.33536,
              31.30873
            ],
            [
              74.33531,
              31.3083
            ],
            [
              74.33532,
              31.30823
            ],
            [
              74.33535,
              31.30774
            ],
            [
              74.33539,
              31.30724
            ],
            [
              74.33538,
              31.30709
            ],
            [
              74.33542,
              31.30675
            ],
            [
              74.33545,
              31.30638
            ],
            [
              74.33544,
              31.30625
            ],
            [
              74.3355,
              31.30576
            ],
            [
              74.33553,
              31.30555
            ],
            [
              74.33563,
              31.3054
            ],
            [
              74.33572,
              31.30526
            ],
            [
              74.33597,
              31.30476
            ],
            [
              74.33621,
              31.30427
            ],
            [
              74.33622,
              31.30421
            ],
            [
              74.33625,
              31.30416
            ],
            [
              74.33638,
              31.30394
            ],
            [
              74.33644,
              31.30377
            ],
            [
              74.33658,
              31.30327
            ],
            [
              74.33658,
              31.30324
            ],
            [
              74.3367,
              31.30278
            ],
            [
              74.33684,
              31.30228
            ],
            [
              74.33687,
              31.30217
            ],
            [
              74.33698,
              31.30178
            ],
            [
              74.33702,
              31.30162
            ],
            [
              74.33736,
              31.30129
            ],
            [
              74.33749,
              31.30115
            ],
            [
              74.3375,
              31.3012
            ],
            [
              74.33752,
              31.30128
            ],
            [
              74.33764,
              31.30173
            ],
            [
              74.33767,
              31.30178
            ],
            [
              74.33783,
              31.30227
            ],
            [
              74.33806,
              31.30268
            ],
            [
              74.33816,
              31.30276
            ],
            [
              74.33826,
              31.30285
            ],
            [
              74.33881,
              31.30325
            ],
            [
              74.33892,
              31.30335
            ],
            [
              74.33945,
              31.30351
            ],
            [
              74.34009,
              31.30374
            ],
            [
              74.34012,
              31.30374
            ],
            [
              74.34062,
              31.30385
            ],
            [
              74.34074,
              31.30387
            ],
            [
              74.34138,
              31.30392
            ],
            [
              74.34148,
              31.30391
            ],
            [
              74.34202,
              31.30385
            ],
            [
              74.34252,
              31.30379
            ],
            [
              74.34253,
              31.30372
            ],
            [
              74.34265,
              31.30343
            ],
            [
              74.34275,
              31.30322
            ],
            [
              74.34291,
              31.30276
            ],
            [
              74.34293,
              31.30272
            ],
            [
              74.34311,
              31.30247
            ],
            [
              74.34328,
              31.30229
            ],
            [
              74.34334,
              31.30223
            ],
            [
              74.34372,
              31.30173
            ],
            [
              74.34391,
              31.30164
            ],
            [
              74.34455,
              31.30134
            ],
            [
              74.3446,
              31.30131
            ],
            [
              74.34482,
              31.30122
            ],
            [
              74.34519,
              31.30108
            ],
            [
              74.3454,
              31.30098
            ],
            [
              74.34583,
              31.30087
            ],
            [
              74.34621,
              31.30072
            ],
            [
              74.34631,
              31.30068
            ],
            [
              74.34646,
              31.30066
            ],
            [
              74.3471,
              31.30043
            ],
            [
              74.34731,
              31.30036
            ],
            [
              74.34774,
              31.30037
            ],
            [
              74.34838,
              31.30038
            ],
            [
              74.34902,
              31.30039
            ],
            [
              74.34909,
              31.30039
            ],
            [
              74.34931,
              31.30039
            ],
            [
              74.34967,
              31.30054
            ],
            [
              74.35021,
              31.30068
            ],
            [
              74.35031,
              31.30071
            ],
            [
              74.35095,
              31.30088
            ],
            [
              74.35106,
              31.3009
            ],
            [
              74.35159,
              31.30108
            ],
            [
              74.35195,
              31.30116
            ],
            [
              74.35224,
              31.30128
            ],
            [
              74.35288,
              31.30151
            ],
            [
              74.35329,
              31.30165
            ],
            [
              74.35352,
              31.30174
            ],
            [
              74.35375,
              31.30181
            ],
            [
              74.35417,
              31.30193
            ],
            [
              74.35454,
              31.30201
            ],
            [
              74.3548,
              31.30212
            ],
            [
              74.3548,
              31.30213
            ],
            [
              74.35478,
              31.30262
            ],
            [
              74.35478,
              31.30287
            ],
            [
              74.35476,
              31.30312
            ],
            [
              74.35474,
              31.30333
            ],
            [
              74.35475,
              31.30361
            ],
            [
              74.35476,
              31.30372
            ],
            [
              74.35477,
              31.30411
            ],
            [
              74.35479,
              31.3046
            ],
            [
              74.35475,
              31.3051
            ],
            [
              74.35472,
              31.30542
            ],
            [
              74.35471,
              31.30545
            ],
            [
              74.35477,
              31.30559
            ],
            [
              74.35485,
              31.30584
            ],
            [
              74.35493,
              31.30609
            ],
            [
              74.35508,
              31.30658
            ],
            [
              74.35515,
              31.30679
            ],
            [
              74.35509,
              31.30702
            ],
            [
              74.35509,
              31.30708
            ],
            [
              74.355,
              31.30757
            ],
            [
              74.35495,
              31.30789
            ],
            [
              74.35491,
              31.30807
            ],
            [
              74.35488,
              31.30832
            ],
            [
              74.35485,
              31.30856
            ],
            [
              74.3548,
              31.3087
            ],
            [
              74.35481,
              31.30906
            ],
            [
              74.35481,
              31.30955
            ],
            [
              74.35481,
              31.30987
            ],
            [
              74.3548,
              31.31005
            ],
            [
              74.3548,
              31.31046
            ],
            [
              74.35481,
              31.31052
            ],
            [
              74.35481,
              31.31054
            ],
            [
              74.35481,
              31.31104
            ],
            [
              74.35482,
              31.31129
            ],
            [
              74.35482,
              31.31153
            ],
            [
              74.35473,
              31.31191
            ],
            [
              74.35472,
              31.31203
            ],
            [
              74.35472,
              31.31221
            ],
            [
              74.35428,
              31.31223
            ],
            [
              74.35423,
              31.31222
            ],
            [
              74.35364,
              31.31237
            ],
            [
              74.35326,
              31.31247
            ],
            [
              74.35305,
              31.31252
            ],
            [
              74.35301,
              31.31253
            ],
            [
              74.35293,
              31.31254
            ],
            [
              74.35237,
              31.31266
            ]
          ]
        ]
      }
    },
    {
      "type": "Feature",
      "properties": {
        "mauza": "Khano Harani",
        "mauza_urdu": null,
        "hb_no": null,
        "tehsil": "Nishter",
        "district": "Lahore",
        "source_object_id": 754076
      },
      "geometry": {
        "type": "Polygon",
        "coordinates": [
          [
            [
              74.41441,
              31.32779
            ],
            [
              74.4144,
              31.3278
            ],
            [
              74.41441,
              31.32821
            ],
            [
              74.41437,
              31.32835
            ],
            [
              74.41427,
              31.32879
            ],
            [
              74.41417,
              31.32909
            ],
            [
              74.41407,
              31.32927
            ],
            [
              74.41406,
              31.3293
            ],
            [
              74.41397,
              31.32956
            ],
            [
              74.41387,
              31.32981
            ],
            [
              74.41367,
              31.33032
            ],
            [
              74.41362,
              31.33043
            ],
            [
              74.41357,
              31.33062
            ],
            [
              74.41349,
              31.33083
            ],
            [
              74.41348,
              31.33088
            ],
            [
              74.41288,
              31.33114
            ],
            [
              74.41233,
              31.3314
            ],
            [
              74.41226,
              31.33143
            ],
            [
              74.41178,
              31.33165
            ],
            [
              74.41164,
              31.33164
            ],
            [
              74.4113,
              31.3316
            ],
            [
              74.41116,
              31.3316
            ],
            [
              74.41104,
              31.33155
            ],
            [
              74.41098,
              31.33154
            ],
            [
              74.4109,
              31.33154
            ],
            [
              74.41069,
              31.33151
            ],
            [
              74.41033,
              31.33146
            ],
            [
              74.40994,
              31.33136
            ],
            [
              74.40972,
              31.33107
            ],
            [
              74.40951,
              31.33072
            ],
            [
              74.40945,
              31.3306
            ],
            [
              74.40937,
              31.33024
            ],
            [
              74.40936,
              31.33011
            ],
            [
              74.4093,
              31.32993
            ],
            [
              74.40927,
              31.32962
            ],
            [
              74.40924,
              31.32912
            ],
            [
              74.40893,
              31.32865
            ],
            [
              74.40856,
              31.32817
            ],
            [
              74.40821,
              31.3277
            ],
            [
              74.40807,
              31.32771
            ],
            [
              74.40743,
              31.3277
            ],
            [
              74.40735,
              31.32767
            ],
            [
              74.407,
              31.32741
            ],
            [
              74.40684,
              31.32729
            ],
            [
              74.40673,
              31.32712
            ],
            [
              74.40654,
              31.32682
            ],
            [
              74.40647,
              31.32675
            ],
            [
              74.40636,
              31.3265
            ],
            [
              74.40626,
              31.32634
            ],
            [
              74.4062,
              31.3262
            ],
            [
              74.40605,
              31.32595
            ],
            [
              74.40598,
              31.32586
            ],
            [
              74.40587,
              31.32567
            ],
            [
              74.40569,
              31.32538
            ],
            [
              74.40541,
              31.32491
            ],
            [
              74.40514,
              31.32443
            ],
            [
              74.4048,
              31.32398
            ],
            [
              74.40459,
              31.32399
            ],
            [
              74.40433,
              31.32404
            ],
            [
              74.40257,
              31.32426
            ],
            [
              74.40255,
              31.32421
            ],
            [
              74.40251,
              31.32397
            ],
            [
              74.40243,
              31.32361
            ],
            [
              74.40231,
              31.32312
            ],
            [
              74.40219,
              31.32264
            ],
            [
              74.40206,
              31.32215
            ],
            [
              74.40203,
              31.322
            ],
            [
              74.40185,
              31.322
            ],
            [
              74.40166,
              31.32198
            ],
            [
              74.40153,
              31.32199
            ],
            [
              74.40151,
              31.32169
            ],
            [
              74.40149,
              31.32147
            ],
            [
              74.40146,
              31.32119
            ],
            [
              74.40132,
              31.32071
            ],
            [
              74.40132,
              31.32065
            ],
            [
              74.40124,
              31.3204
            ],
            [
              74.40117,
              31.32022
            ],
            [
              74.40094,
              31.31985
            ],
            [
              74.40088,
              31.31974
            ],
            [
              74.40068,
              31.31947
            ],
            [
              74.40089,
              31.3193
            ],
            [
              74.40101,
              31.31924
            ],
            [
              74.4015,
              31.31894
            ],
            [
              74.40196,
              31.31868
            ],
            [
              74.40201,
              31.31865
            ],
            [
              74.40211,
              31.31859
            ],
            [
              74.40272,
              31.31824
            ],
            [
              74.40291,
              31.31812
            ],
            [
              74.40314,
              31.31798
            ],
            [
              74.40317,
              31.31761
            ],
            [
              74.40317,
              31.31711
            ],
            [
              74.40314,
              31.31612
            ],
            [
              74.40318,
              31.31612
            ],
            [
              74.40378,
              31.31573
            ],
            [
              74.40398,
              31.31561
            ],
            [
              74.40407,
              31.31556
            ],
            [
              74.4044,
              31.31539
            ],
            [
              74.40464,
              31.31528
            ],
            [
              74.40502,
              31.31518
            ],
            [
              74.40565,
              31.31506
            ],
            [
              74.40628,
              31.31492
            ],
            [
              74.40649,
              31.3149
            ],
            [
              74.40649,
              31.31468
            ],
            [
              74.40651,
              31.31441
            ],
            [
              74.4065,
              31.31407
            ],
            [
              74.40651,
              31.31391
            ],
            [
              74.40651,
              31.31375
            ],
            [
              74.40651,
              31.31364
            ],
            [
              74.40652,
              31.31353
            ],
            [
              74.40652,
              31.31341
            ],
            [
              74.40652,
              31.31335
            ],
            [
              74.40639,
              31.31303
            ],
            [
              74.40636,
              31.31293
            ],
            [
              74.40617,
              31.31244
            ],
            [
              74.40612,
              31.3123
            ],
            [
              74.40635,
              31.31207
            ],
            [
              74.40658,
              31.31192
            ],
            [
              74.40665,
              31.31185
            ],
            [
              74.40709,
              31.31148
            ],
            [
              74.4072,
              31.31138
            ],
            [
              74.40725,
              31.31134
            ],
            [
              74.4074,
              31.3112
            ],
            [
              74.40756,
              31.31105
            ],
            [
              74.40761,
              31.31101
            ],
            [
              74.40778,
              31.31085
            ],
            [
              74.40784,
              31.31078
            ],
            [
              74.4079,
              31.31073
            ],
            [
              74.40794,
              31.31064
            ],
            [
              74.4081,
              31.31033
            ],
            [
              74.4083,
              31.30997
            ],
            [
              74.40831,
              31.30982
            ],
            [
              74.40837,
              31.30953
            ],
            [
              74.40843,
              31.30932
            ],
            [
              74.40846,
              31.30904
            ],
            [
              74.40851,
              31.30883
            ],
            [
              74.40851,
              31.30881
            ],
            [
              74.40859,
              31.30837
            ],
            [
              74.4086,
              31.30831
            ],
            [
              74.40871,
              31.30781
            ],
            [
              74.40879,
              31.30744
            ],
            [
              74.40882,
              31.30744
            ],
            [
              74.40946,
              31.3074
            ],
            [
              74.40946,
              31.30739
            ],
            [
              74.40983,
              31.3074
            ],
            [
              74.41011,
              31.3074
            ],
            [
              74.41075,
              31.3074
            ],
            [
              74.41105,
              31.30737
            ],
            [
              74.41138,
              31.30725
            ],
            [
              74.41167,
              31.30712
            ],
            [
              74.41194,
              31.307
            ],
            [
              74.412,
              31.307
            ],
            [
              74.41264,
              31.30702
            ],
            [
              74.41394,
              31.30713
            ],
            [
              74.41458,
              31.3072
            ],
            [
              74.41527,
              31.30729
            ],
            [
              74.41528,
              31.30737
            ],
            [
              74.41522,
              31.30787
            ],
            [
              74.41522,
              31.30822
            ],
            [
              74.4152,
              31.30837
            ],
            [
              74.41523,
              31.30936
            ],
            [
              74.41532,
              31.31035
            ],
            [
              74.41551,
              31.31034
            ],
            [
              74.41553,
              31.31057
            ],
            [
              74.41574,
              31.31082
            ],
            [
              74.41617,
              31.31129
            ],
            [
              74.41624,
              31.31136
            ],
            [
              74.41651,
              31.31166
            ],
            [
              74.41692,
              31.31173
            ],
            [
              74.41718,
              31.31179
            ],
            [
              74.41757,
              31.31187
            ],
            [
              74.41811,
              31.31198
            ],
            [
              74.41824,
              31.31214
            ],
            [
              74.4187,
              31.31261
            ],
            [
              74.41875,
              31.31265
            ],
            [
              74.41884,
              31.31274
            ],
            [
              74.41926,
              31.31307
            ],
            [
              74.41964,
              31.31341
            ],
            [
              74.41978,
              31.31353
            ],
            [
              74.41999,
              31.31376
            ],
            [
              74.42014,
              31.314
            ],
            [
              74.42041,
              31.31448
            ],
            [
              74.42057,
              31.31497
            ],
            [
              74.42082,
              31.31545
            ],
            [
              74.42094,
              31.31594
            ],
            [
              74.42094,
              31.31599
            ],
            [
              74.42092,
              31.31643
            ],
            [
              74.42094,
              31.31693
            ],
            [
              74.42093,
              31.31743
            ],
            [
              74.42095,
              31.31747
            ],
            [
              74.42114,
              31.31791
            ],
            [
              74.42118,
              31.31799
            ],
            [
              74.42122,
              31.3181
            ],
            [
              74.42134,
              31.31839
            ],
            [
              74.42195,
              31.31984
            ],
            [
              74.42217,
              31.32032
            ],
            [
              74.42219,
              31.32032
            ],
            [
              74.42219,
              31.32036
            ],
            [
              74.42229,
              31.32056
            ],
            [
              74.42222,
              31.32064
            ],
            [
              74.42162,
              31.32115
            ],
            [
              74.42102,
              31.32166
            ],
            [
              74.42071,
              31.32191
            ],
            [
              74.42042,
              31.32216
            ],
            [
              74.4201,
              31.32245
            ],
            [
              74.41983,
              31.32268
            ],
            [
              74.41945,
              31.32298
            ],
            [
              74.41923,
              31.32318
            ],
            [
              74.41874,
              31.32361
            ],
            [
              74.41795,
              31.32392
            ],
            [
              74.4173,
              31.3238
            ],
            [
              74.41705,
              31.32378
            ],
            [
              74.41673,
              31.32394
            ],
            [
              74.41624,
              31.32419
            ],
            [
              74.41597,
              31.32438
            ],
            [
              74.41571,
              31.32455
            ],
            [
              74.41542,
              31.32474
            ],
            [
              74.41526,
              31.32485
            ],
            [
              74.4152,
              31.32493
            ],
            [
              74.41503,
              31.32526
            ],
            [
              74.41486,
              31.32562
            ],
            [
              74.41485,
              31.3257
            ],
            [
              74.41481,
              31.32577
            ],
            [
              74.41474,
              31.32599
            ],
            [
              74.41466,
              31.32628
            ],
            [
              74.41454,
              31.32678
            ],
            [
              74.41451,
              31.32693
            ],
            [
              74.41445,
              31.32715
            ],
            [
              74.41445,
              31.32718
            ],
            [
              74.41441,
              31.32737
            ],
            [
              74.41441,
              31.32755
            ],
            [
              74.41441,
              31.32758
            ],
            [
              74.41441,
              31.32779
            ]
          ]
        ]
      }
    },
    {
      "type": "Feature",
      "properties": {
        "mauza": "Kot Islam Pura",
        "mauza_urdu": null,
        "hb_no": null,
        "tehsil": "Nishter",
        "district": "Lahore",
        "source_object_id": 754087
      },
      "geometry": {
        "type": "Polygon",
        "coordinates": [
          [
            [
              74.41733,
              31.28267
            ],
            [
              74.41719,
              31.28274
            ],
            [
              74.4167,
              31.28297
            ],
            [
              74.41617,
              31.2832
            ],
            [
              74.41613,
              31.28326
            ],
            [
              74.41607,
              31.28333
            ],
            [
              74.41579,
              31.28376
            ],
            [
              74.41545,
              31.28424
            ],
            [
              74.41544,
              31.28426
            ],
            [
              74.41507,
              31.28476
            ],
            [
              74.41484,
              31.28516
            ],
            [
              74.41478,
              31.28526
            ],
            [
              74.41449,
              31.28577
            ],
            [
              74.41423,
              31.28621
            ],
            [
              74.4142,
              31.28627
            ],
            [
              74.41392,
              31.28677
            ],
            [
              74.41363,
              31.28727
            ],
            [
              74.41364,
              31.2873
            ],
            [
              74.41362,
              31.28735
            ],
            [
              74.41349,
              31.28777
            ],
            [
              74.41334,
              31.28823
            ],
            [
              74.41333,
              31.28827
            ],
            [
              74.41302,
              31.28874
            ],
            [
              74.413,
              31.28877
            ],
            [
              74.41281,
              31.28904
            ],
            [
              74.41259,
              31.28927
            ],
            [
              74.4124,
              31.28947
            ],
            [
              74.41212,
              31.28978
            ],
            [
              74.41178,
              31.29013
            ],
            [
              74.41163,
              31.29028
            ],
            [
              74.41132,
              31.2906
            ],
            [
              74.41115,
              31.29076
            ],
            [
              74.41112,
              31.29079
            ],
            [
              74.41068,
              31.29129
            ],
            [
              74.41056,
              31.29142
            ],
            [
              74.41053,
              31.29147
            ],
            [
              74.4105,
              31.29152
            ],
            [
              74.41012,
              31.2913
            ],
            [
              74.40988,
              31.29117
            ],
            [
              74.40954,
              31.29103
            ],
            [
              74.40924,
              31.29088
            ],
            [
              74.40912,
              31.29083
            ],
            [
              74.40859,
              31.29059
            ],
            [
              74.40852,
              31.29059
            ],
            [
              74.40805,
              31.29036
            ],
            [
              74.40794,
              31.2903
            ],
            [
              74.40768,
              31.29018
            ],
            [
              74.40729,
              31.29003
            ],
            [
              74.40697,
              31.28988
            ],
            [
              74.40664,
              31.28974
            ],
            [
              74.40615,
              31.28954
            ],
            [
              74.40599,
              31.28946
            ],
            [
              74.40587,
              31.28941
            ],
            [
              74.40534,
              31.28919
            ],
            [
              74.40501,
              31.28904
            ],
            [
              74.40477,
              31.28894
            ],
            [
              74.4047,
              31.28891
            ],
            [
              74.40438,
              31.28878
            ],
            [
              74.40451,
              31.28845
            ],
            [
              74.40467,
              31.28803
            ],
            [
              74.4047,
              31.28795
            ],
            [
              74.40473,
              31.28784
            ],
            [
              74.40491,
              31.28745
            ],
            [
              74.40512,
              31.28695
            ],
            [
              74.40527,
              31.28662
            ],
            [
              74.40535,
              31.28645
            ],
            [
              74.40557,
              31.28595
            ],
            [
              74.4058,
              31.28545
            ],
            [
              74.40587,
              31.28529
            ],
            [
              74.40602,
              31.28495
            ],
            [
              74.40625,
              31.28445
            ],
            [
              74.40628,
              31.28434
            ],
            [
              74.40644,
              31.28395
            ],
            [
              74.40647,
              31.28388
            ],
            [
              74.40665,
              31.28345
            ],
            [
              74.40686,
              31.28295
            ],
            [
              74.40708,
              31.28245
            ],
            [
              74.40727,
              31.28196
            ],
            [
              74.40746,
              31.28146
            ],
            [
              74.40767,
              31.28096
            ],
            [
              74.40788,
              31.28046
            ],
            [
              74.40811,
              31.27996
            ],
            [
              74.40828,
              31.27959
            ],
            [
              74.40834,
              31.27946
            ],
            [
              74.40856,
              31.27896
            ],
            [
              74.40879,
              31.27846
            ],
            [
              74.40888,
              31.27824
            ],
            [
              74.409,
              31.27796
            ],
            [
              74.40916,
              31.2776
            ],
            [
              74.40921,
              31.27746
            ],
            [
              74.40942,
              31.27696
            ],
            [
              74.40948,
              31.27682
            ],
            [
              74.40963,
              31.27646
            ],
            [
              74.4099,
              31.27596
            ],
            [
              74.41004,
              31.27546
            ],
            [
              74.41008,
              31.27537
            ],
            [
              74.41015,
              31.27519
            ],
            [
              74.41072,
              31.27532
            ],
            [
              74.41083,
              31.27534
            ],
            [
              74.41098,
              31.27544
            ],
            [
              74.41137,
              31.27571
            ],
            [
              74.4116,
              31.27583
            ],
            [
              74.41177,
              31.27592
            ],
            [
              74.41202,
              31.27606
            ],
            [
              74.41202,
              31.27607
            ],
            [
              74.41238,
              31.27626
            ],
            [
              74.41267,
              31.27636
            ],
            [
              74.41277,
              31.27639
            ],
            [
              74.41331,
              31.27659
            ],
            [
              74.41383,
              31.27676
            ],
            [
              74.41396,
              31.27677
            ],
            [
              74.41452,
              31.27685
            ],
            [
              74.4146,
              31.27686
            ],
            [
              74.41525,
              31.27696
            ],
            [
              74.41531,
              31.27697
            ],
            [
              74.41589,
              31.27696
            ],
            [
              74.41634,
              31.27696
            ],
            [
              74.41653,
              31.27699
            ],
            [
              74.41717,
              31.27703
            ],
            [
              74.41765,
              31.27706
            ],
            [
              74.41718,
              31.27729
            ],
            [
              74.41717,
              31.27729
            ],
            [
              74.41655,
              31.27759
            ],
            [
              74.41607,
              31.27781
            ],
            [
              74.41604,
              31.27784
            ],
            [
              74.41604,
              31.27831
            ],
            [
              74.41604,
              31.2788
            ],
            [
              74.41605,
              31.27884
            ],
            [
              74.41603,
              31.2793
            ],
            [
              74.41603,
              31.27979
            ],
            [
              74.41605,
              31.28029
            ],
            [
              74.41604,
              31.28078
            ],
            [
              74.41603,
              31.28128
            ],
            [
              74.41602,
              31.28177
            ],
            [
              74.41601,
              31.28227
            ],
            [
              74.416,
              31.28249
            ],
            [
              74.41604,
              31.28247
            ],
            [
              74.41612,
              31.28248
            ],
            [
              74.41669,
              31.28251
            ],
            [
              74.41733,
              31.2825
            ],
            [
              74.41769,
              31.2825
            ],
            [
              74.41733,
              31.28267
            ]
          ]
        ]
      }
    },
    {
      "type": "Feature",
      "properties": {
        "mauza": "Kot Mela Ram",
        "mauza_urdu": null,
        "hb_no": null,
        "tehsil": "Nishter",
        "district": "Lahore",
        "source_object_id": 754089
      },
      "geometry": {
        "type": "Polygon",
        "coordinates": [
          [
            [
              74.4009,
              31.30091
            ],
            [
              74.40055,
              31.30107
            ],
            [
              74.40043,
              31.30111
            ],
            [
              74.40032,
              31.30115
            ],
            [
              74.39987,
              31.30132
            ],
            [
              74.39987,
              31.3013
            ],
            [
              74.40001,
              31.29896
            ],
            [
              74.39959,
              31.29896
            ],
            [
              74.39893,
              31.299
            ],
            [
              74.39828,
              31.29903
            ],
            [
              74.39811,
              31.29903
            ],
            [
              74.39763,
              31.29904
            ],
            [
              74.39698,
              31.29911
            ],
            [
              74.39633,
              31.29912
            ],
            [
              74.39568,
              31.29915
            ],
            [
              74.39502,
              31.2992
            ],
            [
              74.39478,
              31.29922
            ],
            [
              74.39462,
              31.29923
            ],
            [
              74.39438,
              31.29921
            ],
            [
              74.39373,
              31.29919
            ],
            [
              74.39309,
              31.29916
            ],
            [
              74.39245,
              31.29915
            ],
            [
              74.39181,
              31.29913
            ],
            [
              74.39116,
              31.2991
            ],
            [
              74.39053,
              31.29905
            ],
            [
              74.39017,
              31.29905
            ],
            [
              74.38988,
              31.29904
            ],
            [
              74.38969,
              31.29903
            ],
            [
              74.3898,
              31.29865
            ],
            [
              74.38987,
              31.29841
            ],
            [
              74.38998,
              31.29817
            ],
            [
              74.39,
              31.2981
            ],
            [
              74.39005,
              31.29771
            ],
            [
              74.39006,
              31.29768
            ],
            [
              74.39004,
              31.29752
            ],
            [
              74.39009,
              31.29718
            ],
            [
              74.3901,
              31.29669
            ],
            [
              74.39008,
              31.29663
            ],
            [
              74.39026,
              31.2962
            ],
            [
              74.39037,
              31.2959
            ],
            [
              74.39044,
              31.29573
            ],
            [
              74.39045,
              31.29569
            ],
            [
              74.39045,
              31.29566
            ],
            [
              74.39052,
              31.29549
            ],
            [
              74.39072,
              31.29526
            ],
            [
              74.39109,
              31.2948
            ],
            [
              74.39119,
              31.2946
            ],
            [
              74.39186,
              31.29458
            ],
            [
              74.39251,
              31.29456
            ],
            [
              74.39317,
              31.2945
            ],
            [
              74.39328,
              31.29448
            ],
            [
              74.39382,
              31.29445
            ],
            [
              74.39443,
              31.29443
            ],
            [
              74.39447,
              31.29441
            ],
            [
              74.39512,
              31.2944
            ],
            [
              74.39574,
              31.29439
            ],
            [
              74.39577,
              31.29438
            ],
            [
              74.39614,
              31.29438
            ],
            [
              74.3964,
              31.29434
            ],
            [
              74.39643,
              31.29433
            ],
            [
              74.39708,
              31.29425
            ],
            [
              74.39771,
              31.29418
            ],
            [
              74.39774,
              31.29417
            ],
            [
              74.3984,
              31.2941
            ],
            [
              74.39878,
              31.29406
            ],
            [
              74.39905,
              31.29406
            ],
            [
              74.39973,
              31.29398
            ],
            [
              74.40036,
              31.29394
            ],
            [
              74.40065,
              31.29391
            ],
            [
              74.40102,
              31.29387
            ],
            [
              74.40167,
              31.29384
            ],
            [
              74.40224,
              31.29379
            ],
            [
              74.40234,
              31.29359
            ],
            [
              74.40236,
              31.29355
            ],
            [
              74.40254,
              31.29311
            ],
            [
              74.40273,
              31.29263
            ],
            [
              74.40293,
              31.29216
            ],
            [
              74.40315,
              31.29168
            ],
            [
              74.40337,
              31.29121
            ],
            [
              74.40359,
              31.29073
            ],
            [
              74.40379,
              31.29026
            ],
            [
              74.40401,
              31.28978
            ],
            [
              74.40423,
              31.28931
            ],
            [
              74.40435,
              31.28902
            ],
            [
              74.40443,
              31.28883
            ],
            [
              74.40508,
              31.28914
            ],
            [
              74.40508,
              31.28914
            ],
            [
              74.40559,
              31.28937
            ],
            [
              74.4062,
              31.28962
            ],
            [
              74.4068,
              31.28991
            ],
            [
              74.40733,
              31.29016
            ],
            [
              74.4074,
              31.2902
            ],
            [
              74.40769,
              31.29032
            ],
            [
              74.40797,
              31.29043
            ],
            [
              74.40801,
              31.29045
            ],
            [
              74.40858,
              31.29067
            ],
            [
              74.40862,
              31.2907
            ],
            [
              74.40903,
              31.29085
            ],
            [
              74.40922,
              31.29095
            ],
            [
              74.40962,
              31.2911
            ],
            [
              74.40983,
              31.2912
            ],
            [
              74.41043,
              31.29147
            ],
            [
              74.41057,
              31.29153
            ],
            [
              74.41029,
              31.29197
            ],
            [
              74.41029,
              31.292
            ],
            [
              74.40998,
              31.29246
            ],
            [
              74.40971,
              31.29293
            ],
            [
              74.40957,
              31.29318
            ],
            [
              74.4095,
              31.29334
            ],
            [
              74.40947,
              31.2934
            ],
            [
              74.40934,
              31.29389
            ],
            [
              74.4092,
              31.29437
            ],
            [
              74.40909,
              31.29465
            ],
            [
              74.40902,
              31.29485
            ],
            [
              74.40882,
              31.29532
            ],
            [
              74.40863,
              31.2958
            ],
            [
              74.40852,
              31.29613
            ],
            [
              74.40846,
              31.29628
            ],
            [
              74.40832,
              31.29677
            ],
            [
              74.40825,
              31.29689
            ],
            [
              74.40803,
              31.29723
            ],
            [
              74.40789,
              31.2974
            ],
            [
              74.4077,
              31.29769
            ],
            [
              74.40763,
              31.2978
            ],
            [
              74.40749,
              31.29801
            ],
            [
              74.40738,
              31.29816
            ],
            [
              74.40724,
              31.29864
            ],
            [
              74.40713,
              31.2991
            ],
            [
              74.40714,
              31.29913
            ],
            [
              74.40731,
              31.29965
            ],
            [
              74.40747,
              31.29984
            ],
            [
              74.4073,
              31.30015
            ],
            [
              74.40711,
              31.30043
            ],
            [
              74.407,
              31.30061
            ],
            [
              74.40669,
              31.30107
            ],
            [
              74.40655,
              31.30131
            ],
            [
              74.40652,
              31.3013
            ],
            [
              74.40633,
              31.30131
            ],
            [
              74.40628,
              31.30131
            ],
            [
              74.4057,
              31.30122
            ],
            [
              74.40546,
              31.30119
            ],
            [
              74.40509,
              31.3011
            ],
            [
              74.40507,
              31.3011
            ],
            [
              74.40463,
              31.30092
            ],
            [
              74.40446,
              31.30088
            ],
            [
              74.40444,
              31.30086
            ],
            [
              74.40384,
              31.30071
            ],
            [
              74.40346,
              31.30059
            ],
            [
              74.40321,
              31.30061
            ],
            [
              74.40267,
              31.3006
            ],
            [
              74.40256,
              31.30062
            ],
            [
              74.40235,
              31.30059
            ],
            [
              74.4019,
              31.30072
            ],
            [
              74.40123,
              31.30088
            ],
            [
              74.40099,
              31.30088
            ],
            [
              74.4009,
              31.30091
            ]
          ]
        ]
      }
    },
    {
      "type": "Feature",
      "properties": {
        "mauza": "Nangar",
        "mauza_urdu": null,
        "hb_no": null,
        "tehsil": "Nishter",
        "district": "Lahore",
        "source_object_id": 754125
      },
      "geometry": {
        "type": "Polygon",
        "coordinates": [
          [
            [
              74.30245,
              31.40884
            ],
            [
              74.30246,
              31.40895
            ],
            [
              74.30244,
              31.40933
            ],
            [
              74.30243,
              31.40944
            ],
            [
              74.30243,
              31.40977
            ],
            [
              74.30182,
              31.40986
            ],
            [
              74.30187,
              31.41024
            ],
            [
              74.30177,
              31.41026
            ],
            [
              74.30113,
              31.41038
            ],
            [
              74.30059,
              31.41051
            ],
            [
              74.30085,
              31.41104
            ],
            [
              74.30053,
              31.41106
            ],
            [
              74.30053,
              31.41106
            ],
            [
              74.30057,
              31.41143
            ],
            [
              74.30071,
              31.41238
            ],
            [
              74.30076,
              31.41288
            ],
            [
              74.3008,
              31.41337
            ],
            [
              74.30081,
              31.41343
            ],
            [
              74.30081,
              31.41347
            ],
            [
              74.30082,
              31.41358
            ],
            [
              74.30083,
              31.41369
            ],
            [
              74.30084,
              31.41377
            ],
            [
              74.30084,
              31.41386
            ],
            [
              74.30085,
              31.41389
            ],
            [
              74.30085,
              31.41396
            ],
            [
              74.30086,
              31.41406
            ],
            [
              74.30086,
              31.41415
            ],
            [
              74.30087,
              31.41421
            ],
            [
              74.30087,
              31.41425
            ],
            [
              74.30088,
              31.41432
            ],
            [
              74.30088,
              31.41436
            ],
            [
              74.30089,
              31.41445
            ],
            [
              74.30083,
              31.41453
            ],
            [
              74.30077,
              31.41461
            ],
            [
              74.30075,
              31.41464
            ],
            [
              74.30071,
              31.41469
            ],
            [
              74.30066,
              31.41478
            ],
            [
              74.30064,
              31.4148
            ],
            [
              74.30059,
              31.41487
            ],
            [
              74.30021,
              31.41543
            ],
            [
              74.30019,
              31.41545
            ],
            [
              74.30017,
              31.41548
            ],
            [
              74.30016,
              31.41549
            ],
            [
              74.30014,
              31.41552
            ],
            [
              74.30012,
              31.41556
            ],
            [
              74.30009,
              31.41559
            ],
            [
              74.30007,
              31.41563
            ],
            [
              74.30005,
              31.41566
            ],
            [
              74.30002,
              31.4157
            ],
            [
              74.3,
              31.41573
            ],
            [
              74.29997,
              31.41577
            ],
            [
              74.29995,
              31.4158
            ],
            [
              74.29992,
              31.41584
            ],
            [
              74.2999,
              31.41587
            ],
            [
              74.29984,
              31.41596
            ],
            [
              74.29957,
              31.41629
            ],
            [
              74.29954,
              31.41634
            ],
            [
              74.29949,
              31.4164
            ],
            [
              74.29912,
              31.41692
            ],
            [
              74.29879,
              31.41743
            ],
            [
              74.29877,
              31.41747
            ],
            [
              74.29867,
              31.4179
            ],
            [
              74.29787,
              31.41747
            ],
            [
              74.29776,
              31.41743
            ],
            [
              74.29771,
              31.41742
            ],
            [
              74.29753,
              31.41731
            ],
            [
              74.29728,
              31.417
            ],
            [
              74.29702,
              31.41667
            ],
            [
              74.2969,
              31.41652
            ],
            [
              74.2965,
              31.41604
            ],
            [
              74.29633,
              31.41585
            ],
            [
              74.29607,
              31.41556
            ],
            [
              74.29574,
              31.41526
            ],
            [
              74.29575,
              31.41508
            ],
            [
              74.29563,
              31.41484
            ],
            [
              74.2955,
              31.4146
            ],
            [
              74.29523,
              31.41416
            ],
            [
              74.29501,
              31.41363
            ],
            [
              74.29485,
              31.41327
            ],
            [
              74.29474,
              31.41319
            ],
            [
              74.29472,
              31.41315
            ],
            [
              74.29463,
              31.41266
            ],
            [
              74.29448,
              31.41217
            ],
            [
              74.29434,
              31.41168
            ],
            [
              74.29422,
              31.41119
            ],
            [
              74.29406,
              31.4107
            ],
            [
              74.29395,
              31.41021
            ],
            [
              74.29373,
              31.40972
            ],
            [
              74.29372,
              31.40961
            ],
            [
              74.2936,
              31.40923
            ],
            [
              74.29355,
              31.40895
            ],
            [
              74.29352,
              31.40874
            ],
            [
              74.29348,
              31.40825
            ],
            [
              74.29335,
              31.40776
            ],
            [
              74.29327,
              31.40726
            ],
            [
              74.29324,
              31.40677
            ],
            [
              74.29329,
              31.40655
            ],
            [
              74.29382,
              31.40628
            ],
            [
              74.29444,
              31.4059
            ],
            [
              74.29472,
              31.40571
            ],
            [
              74.29506,
              31.40546
            ],
            [
              74.2953,
              31.4053
            ],
            [
              74.29549,
              31.40518
            ],
            [
              74.29567,
              31.40497
            ],
            [
              74.29583,
              31.40478
            ],
            [
              74.29594,
              31.40467
            ],
            [
              74.29627,
              31.40438
            ],
            [
              74.29653,
              31.40414
            ],
            [
              74.29672,
              31.40397
            ],
            [
              74.29688,
              31.40383
            ],
            [
              74.29719,
              31.40362
            ],
            [
              74.29742,
              31.40342
            ],
            [
              74.2975,
              31.40336
            ],
            [
              74.29779,
              31.4031
            ],
            [
              74.29811,
              31.40281
            ],
            [
              74.29833,
              31.40258
            ],
            [
              74.29871,
              31.40224
            ],
            [
              74.29886,
              31.40206
            ],
            [
              74.29918,
              31.40155
            ],
            [
              74.29932,
              31.40133
            ],
            [
              74.29944,
              31.40115
            ],
            [
              74.29951,
              31.40104
            ],
            [
              74.29975,
              31.40053
            ],
            [
              74.29988,
              31.40028
            ],
            [
              74.30002,
              31.40002
            ],
            [
              74.30022,
              31.39952
            ],
            [
              74.30045,
              31.39905
            ],
            [
              74.30046,
              31.39901
            ],
            [
              74.30075,
              31.3985
            ],
            [
              74.30078,
              31.39845
            ],
            [
              74.30102,
              31.398
            ],
            [
              74.30136,
              31.39748
            ],
            [
              74.30176,
              31.39697
            ],
            [
              74.30186,
              31.39682
            ],
            [
              74.30203,
              31.39653
            ],
            [
              74.3021,
              31.39646
            ],
            [
              74.3022,
              31.39626
            ],
            [
              74.30236,
              31.39595
            ],
            [
              74.30252,
              31.39545
            ],
            [
              74.30271,
              31.39528
            ],
            [
              74.30278,
              31.39522
            ],
            [
              74.30296,
              31.39511
            ],
            [
              74.30338,
              31.39392
            ],
            [
              74.30359,
              31.39342
            ],
            [
              74.30388,
              31.39291
            ],
            [
              74.30452,
              31.39218
            ],
            [
              74.30484,
              31.39188
            ],
            [
              74.30513,
              31.39154
            ],
            [
              74.30528,
              31.39136
            ],
            [
              74.30573,
              31.39085
            ],
            [
              74.30572,
              31.39074
            ],
            [
              74.30603,
              31.39052
            ],
            [
              74.30635,
              31.39051
            ],
            [
              74.30699,
              31.39054
            ],
            [
              74.30738,
              31.39055
            ],
            [
              74.30763,
              31.39055
            ],
            [
              74.30819,
              31.39049
            ],
            [
              74.30828,
              31.39057
            ],
            [
              74.30893,
              31.39073
            ],
            [
              74.30919,
              31.39079
            ],
            [
              74.3096,
              31.39092
            ],
            [
              74.31009,
              31.39108
            ],
            [
              74.3115,
              31.39163
            ],
            [
              74.31142,
              31.39177
            ],
            [
              74.31126,
              31.39203
            ],
            [
              74.31123,
              31.39209
            ],
            [
              74.3111,
              31.39234
            ],
            [
              74.311,
              31.39235
            ],
            [
              74.31095,
              31.39238
            ],
            [
              74.31054,
              31.39261
            ],
            [
              74.31033,
              31.39272
            ],
            [
              74.31025,
              31.3928
            ],
            [
              74.30981,
              31.3929
            ],
            [
              74.3097,
              31.39293
            ],
            [
              74.30907,
              31.39305
            ],
            [
              74.30876,
              31.39319
            ],
            [
              74.30889,
              31.39336
            ],
            [
              74.30846,
              31.39357
            ],
            [
              74.30827,
              31.39371
            ],
            [
              74.30815,
              31.3939
            ],
            [
              74.30786,
              31.39422
            ],
            [
              74.30759,
              31.39456
            ],
            [
              74.30745,
              31.39473
            ],
            [
              74.30726,
              31.39496
            ],
            [
              74.30699,
              31.39525
            ],
            [
              74.30666,
              31.39564
            ],
            [
              74.30663,
              31.39576
            ],
            [
              74.30663,
              31.39577
            ],
            [
              74.30662,
              31.39582
            ],
            [
              74.30658,
              31.39607
            ],
            [
              74.30652,
              31.39626
            ],
            [
              74.3065,
              31.39632
            ],
            [
              74.30641,
              31.39651
            ],
            [
              74.30635,
              31.39657
            ],
            [
              74.30622,
              31.39666
            ],
            [
              74.30608,
              31.39671
            ],
            [
              74.30603,
              31.39673
            ],
            [
              74.30598,
              31.39676
            ],
            [
              74.306,
              31.39678
            ],
            [
              74.30606,
              31.39684
            ],
            [
              74.30598,
              31.39693
            ],
            [
              74.30589,
              31.397
            ],
            [
              74.30593,
              31.39714
            ],
            [
              74.30599,
              31.39726
            ],
            [
              74.30599,
              31.39728
            ],
            [
              74.30603,
              31.39737
            ],
            [
              74.3061,
              31.39756
            ],
            [
              74.30611,
              31.3976
            ],
            [
              74.30613,
              31.39766
            ],
            [
              74.30615,
              31.39777
            ],
            [
              74.30619,
              31.39794
            ],
            [
              74.30623,
              31.3981
            ],
            [
              74.30637,
              31.39847
            ],
            [
              74.30652,
              31.39885
            ],
            [
              74.30657,
              31.39912
            ],
            [
              74.30656,
              31.39936
            ],
            [
              74.30651,
              31.40009
            ],
            [
              74.30636,
              31.40023
            ],
            [
              74.3063,
              31.40029
            ],
            [
              74.30599,
              31.40056
            ],
            [
              74.30589,
              31.40075
            ],
            [
              74.30579,
              31.40091
            ],
            [
              74.30571,
              31.40107
            ],
            [
              74.30564,
              31.40118
            ],
            [
              74.3056,
              31.40126
            ],
            [
              74.30537,
              31.40162
            ],
            [
              74.30527,
              31.40177
            ],
            [
              74.30525,
              31.40179
            ],
            [
              74.30515,
              31.40194
            ],
            [
              74.30512,
              31.40198
            ],
            [
              74.30506,
              31.40205
            ],
            [
              74.305,
              31.40213
            ],
            [
              74.3049,
              31.40228
            ],
            [
              74.30488,
              31.40232
            ],
            [
              74.30488,
              31.40233
            ],
            [
              74.30467,
              31.40279
            ],
            [
              74.30461,
              31.40297
            ],
            [
              74.30456,
              31.40329
            ],
            [
              74.30438,
              31.40379
            ],
            [
              74.30425,
              31.40429
            ],
            [
              74.30425,
              31.40442
            ],
            [
              74.30424,
              31.40458
            ],
            [
              74.30436,
              31.40479
            ],
            [
              74.30467,
              31.40524
            ],
            [
              74.30471,
              31.40527
            ],
            [
              74.30487,
              31.40575
            ],
            [
              74.30493,
              31.40625
            ],
            [
              74.30494,
              31.40674
            ],
            [
              74.30488,
              31.40724
            ],
            [
              74.30483,
              31.40774
            ],
            [
              74.30483,
              31.40785
            ],
            [
              74.30484,
              31.40799
            ],
            [
              74.30454,
              31.40825
            ],
            [
              74.30446,
              31.40832
            ],
            [
              74.30422,
              31.40832
            ],
            [
              74.30357,
              31.40824
            ],
            [
              74.30311,
              31.40818
            ],
            [
              74.30306,
              31.40831
            ],
            [
              74.30307,
              31.40842
            ],
            [
              74.30302,
              31.40874
            ],
            [
              74.30251,
              31.40869
            ],
            [
              74.30245,
              31.40884
            ]
          ]
        ]
      }
    },
    {
      "type": "Feature",
      "properties": {
        "mauza": "Pandoki",
        "mauza_urdu": null,
        "hb_no": null,
        "tehsil": "Nishter",
        "district": "Lahore",
        "source_object_id": 754134
      },
      "geometry": {
        "type": "Polygon",
        "coordinates": [
          [
            [
              74.34663,
              31.30061
            ],
            [
              74.34632,
              31.30072
            ],
            [
              74.346,
              31.30082
            ],
            [
              74.34536,
              31.30102
            ],
            [
              74.34512,
              31.30114
            ],
            [
              74.34484,
              31.30127
            ],
            [
              74.34473,
              31.30132
            ],
            [
              74.34461,
              31.30139
            ],
            [
              74.34417,
              31.30165
            ],
            [
              74.3441,
              31.3017
            ],
            [
              74.34378,
              31.30188
            ],
            [
              74.34347,
              31.30216
            ],
            [
              74.34315,
              31.30247
            ],
            [
              74.34305,
              31.30267
            ],
            [
              74.34303,
              31.30284
            ],
            [
              74.34286,
              31.30307
            ],
            [
              74.34278,
              31.30317
            ],
            [
              74.34247,
              31.30367
            ],
            [
              74.34242,
              31.30375
            ],
            [
              74.34224,
              31.30378
            ],
            [
              74.34205,
              31.30384
            ],
            [
              74.3416,
              31.30389
            ],
            [
              74.34139,
              31.30394
            ],
            [
              74.34096,
              31.30389
            ],
            [
              74.34055,
              31.30384
            ],
            [
              74.34031,
              31.30378
            ],
            [
              74.34005,
              31.30372
            ],
            [
              74.33967,
              31.30363
            ],
            [
              74.33963,
              31.30361
            ],
            [
              74.33902,
              31.30336
            ],
            [
              74.3389,
              31.3033
            ],
            [
              74.33881,
              31.30325
            ],
            [
              74.33837,
              31.30298
            ],
            [
              74.33816,
              31.3029
            ],
            [
              74.33809,
              31.30283
            ],
            [
              74.33806,
              31.30277
            ],
            [
              74.338,
              31.30271
            ],
            [
              74.33776,
              31.30228
            ],
            [
              74.33771,
              31.30218
            ],
            [
              74.3375,
              31.30179
            ],
            [
              74.33748,
              31.30176
            ],
            [
              74.33736,
              31.3013
            ],
            [
              74.33734,
              31.30121
            ],
            [
              74.33706,
              31.30081
            ],
            [
              74.33703,
              31.30078
            ],
            [
              74.33672,
              31.30033
            ],
            [
              74.33671,
              31.30032
            ],
            [
              74.33636,
              31.29993
            ],
            [
              74.33628,
              31.29984
            ],
            [
              74.33583,
              31.29935
            ],
            [
              74.3357,
              31.29923
            ],
            [
              74.33539,
              31.29886
            ],
            [
              74.33504,
              31.29851
            ],
            [
              74.33492,
              31.29838
            ],
            [
              74.33449,
              31.29795
            ],
            [
              74.33443,
              31.29789
            ],
            [
              74.33438,
              31.29785
            ],
            [
              74.33376,
              31.29748
            ],
            [
              74.33373,
              31.29747
            ],
            [
              74.33366,
              31.29742
            ],
            [
              74.33308,
              31.29706
            ],
            [
              74.33293,
              31.29696
            ],
            [
              74.3329,
              31.29694
            ],
            [
              74.33287,
              31.29691
            ],
            [
              74.33242,
              31.29657
            ],
            [
              74.33224,
              31.29645
            ],
            [
              74.33208,
              31.29632
            ],
            [
              74.33177,
              31.29603
            ],
            [
              74.3317,
              31.29597
            ],
            [
              74.33121,
              31.29549
            ],
            [
              74.33111,
              31.29541
            ],
            [
              74.33078,
              31.29508
            ],
            [
              74.33071,
              31.295
            ],
            [
              74.33045,
              31.29473
            ],
            [
              74.33023,
              31.29452
            ],
            [
              74.33005,
              31.29432
            ],
            [
              74.33011,
              31.29402
            ],
            [
              74.33011,
              31.29401
            ],
            [
              74.3302,
              31.29374
            ],
            [
              74.33024,
              31.29365
            ],
            [
              74.33027,
              31.29352
            ],
            [
              74.33023,
              31.29328
            ],
            [
              74.33019,
              31.29303
            ],
            [
              74.33013,
              31.29254
            ],
            [
              74.33005,
              31.29204
            ],
            [
              74.33003,
              31.29167
            ],
            [
              74.33001,
              31.29155
            ],
            [
              74.33,
              31.29151
            ],
            [
              74.32998,
              31.29131
            ],
            [
              74.33017,
              31.29105
            ],
            [
              74.3302,
              31.29102
            ],
            [
              74.33034,
              31.29089
            ],
            [
              74.33073,
              31.29054
            ],
            [
              74.3309,
              31.29039
            ],
            [
              74.33092,
              31.29037
            ],
            [
              74.33097,
              31.29033
            ],
            [
              74.33134,
              31.29004
            ],
            [
              74.33159,
              31.2898
            ],
            [
              74.33172,
              31.28973
            ],
            [
              74.33189,
              31.28953
            ],
            [
              74.33204,
              31.28938
            ],
            [
              74.3321,
              31.28913
            ],
            [
              74.33211,
              31.28903
            ],
            [
              74.33216,
              31.28853
            ],
            [
              74.33219,
              31.2882
            ],
            [
              74.3322,
              31.28804
            ],
            [
              74.3322,
              31.28797
            ],
            [
              74.33222,
              31.28754
            ],
            [
              74.33221,
              31.2874
            ],
            [
              74.33221,
              31.28725
            ],
            [
              74.3323,
              31.28705
            ],
            [
              74.3325,
              31.28676
            ],
            [
              74.33244,
              31.28655
            ],
            [
              74.3324,
              31.28605
            ],
            [
              74.33239,
              31.28583
            ],
            [
              74.33239,
              31.28578
            ],
            [
              74.33211,
              31.28559
            ],
            [
              74.33208,
              31.28556
            ],
            [
              74.33196,
              31.2855
            ],
            [
              74.33203,
              31.28536
            ],
            [
              74.3321,
              31.28528
            ],
            [
              74.33234,
              31.28506
            ],
            [
              74.33241,
              31.28496
            ],
            [
              74.33273,
              31.28464
            ],
            [
              74.33281,
              31.28456
            ],
            [
              74.33322,
              31.28406
            ],
            [
              74.33327,
              31.28394
            ],
            [
              74.33334,
              31.28377
            ],
            [
              74.33343,
              31.28356
            ],
            [
              74.33346,
              31.28351
            ],
            [
              74.33332,
              31.28306
            ],
            [
              74.33332,
              31.28304
            ],
            [
              74.33319,
              31.28263
            ],
            [
              74.33318,
              31.28257
            ],
            [
              74.33317,
              31.28252
            ],
            [
              74.33323,
              31.28227
            ],
            [
              74.33315,
              31.28208
            ],
            [
              74.33296,
              31.28175
            ],
            [
              74.33295,
              31.28159
            ],
            [
              74.33281,
              31.28116
            ],
            [
              74.33288,
              31.28109
            ],
            [
              74.33301,
              31.28092
            ],
            [
              74.33279,
              31.2806
            ],
            [
              74.3326,
              31.28028
            ],
            [
              74.3325,
              31.28011
            ],
            [
              74.33242,
              31.27998
            ],
            [
              74.33246,
              31.27961
            ],
            [
              74.33251,
              31.27912
            ],
            [
              74.33254,
              31.27862
            ],
            [
              74.33255,
              31.27848
            ],
            [
              74.33314,
              31.27823
            ],
            [
              74.33319,
              31.27822
            ],
            [
              74.33352,
              31.27822
            ],
            [
              74.3337,
              31.27821
            ],
            [
              74.33383,
              31.27821
            ],
            [
              74.33444,
              31.27823
            ],
            [
              74.33447,
              31.27823
            ],
            [
              74.33495,
              31.27824
            ],
            [
              74.33511,
              31.27817
            ],
            [
              74.3355,
              31.27807
            ],
            [
              74.33574,
              31.27803
            ],
            [
              74.3361,
              31.278
            ],
            [
              74.33616,
              31.27798
            ],
            [
              74.33638,
              31.27798
            ],
            [
              74.33691,
              31.27796
            ],
            [
              74.33702,
              31.27794
            ],
            [
              74.33705,
              31.27794
            ],
            [
              74.33745,
              31.27789
            ],
            [
              74.33766,
              31.27779
            ],
            [
              74.33815,
              31.27761
            ],
            [
              74.33826,
              31.27755
            ],
            [
              74.33829,
              31.27751
            ],
            [
              74.33856,
              31.27722
            ],
            [
              74.33858,
              31.27701
            ],
            [
              74.3386,
              31.27652
            ],
            [
              74.3386,
              31.27602
            ],
            [
              74.33861,
              31.27566
            ],
            [
              74.33864,
              31.27553
            ],
            [
              74.33873,
              31.27503
            ],
            [
              74.33883,
              31.27453
            ],
            [
              74.33885,
              31.27446
            ],
            [
              74.33893,
              31.27403
            ],
            [
              74.33904,
              31.27354
            ],
            [
              74.33916,
              31.27304
            ],
            [
              74.33927,
              31.27254
            ],
            [
              74.33939,
              31.27204
            ],
            [
              74.33942,
              31.27191
            ],
            [
              74.33945,
              31.27177
            ],
            [
              74.33953,
              31.27155
            ],
            [
              74.33973,
              31.27105
            ],
            [
              74.33975,
              31.27096
            ],
            [
              74.33978,
              31.27055
            ],
            [
              74.33979,
              31.27005
            ],
            [
              74.33979,
              31.26994
            ],
            [
              74.33984,
              31.26956
            ],
            [
              74.33993,
              31.26906
            ],
            [
              74.33994,
              31.26895
            ],
            [
              74.33996,
              31.2687
            ],
            [
              74.33998,
              31.26857
            ],
            [
              74.34001,
              31.26847
            ],
            [
              74.34,
              31.26807
            ],
            [
              74.33998,
              31.26763
            ],
            [
              74.33998,
              31.26757
            ],
            [
              74.33997,
              31.26708
            ],
            [
              74.33997,
              31.26658
            ],
            [
              74.33996,
              31.26609
            ],
            [
              74.33995,
              31.26587
            ],
            [
              74.33988,
              31.26576
            ],
            [
              74.33978,
              31.2656
            ],
            [
              74.3397,
              31.26548
            ],
            [
              74.33954,
              31.26524
            ],
            [
              74.33951,
              31.26511
            ],
            [
              74.33934,
              31.26482
            ],
            [
              74.33927,
              31.26462
            ],
            [
              74.3392,
              31.26445
            ],
            [
              74.33907,
              31.26413
            ],
            [
              74.33888,
              31.26378
            ],
            [
              74.33883,
              31.26364
            ],
            [
              74.33864,
              31.26315
            ],
            [
              74.33855,
              31.2629
            ],
            [
              74.33878,
              31.26265
            ],
            [
              74.33891,
              31.2625
            ],
            [
              74.33904,
              31.26215
            ],
            [
              74.33913,
              31.26197
            ],
            [
              74.3393,
              31.26165
            ],
            [
              74.33956,
              31.26115
            ],
            [
              74.33961,
              31.26065
            ],
            [
              74.33963,
              31.2604
            ],
            [
              74.33966,
              31.26026
            ],
            [
              74.33969,
              31.26015
            ],
            [
              74.33972,
              31.26011
            ],
            [
              74.33974,
              31.26008
            ],
            [
              74.33983,
              31.25998
            ],
            [
              74.33991,
              31.25988
            ],
            [
              74.34007,
              31.25969
            ],
            [
              74.34019,
              31.25965
            ],
            [
              74.34035,
              31.25958
            ],
            [
              74.34098,
              31.2593
            ],
            [
              74.34114,
              31.25921
            ],
            [
              74.34127,
              31.25913
            ],
            [
              74.34148,
              31.25899
            ],
            [
              74.34161,
              31.25896
            ],
            [
              74.34219,
              31.25862
            ],
            [
              74.34224,
              31.25859
            ],
            [
              74.34238,
              31.2585
            ],
            [
              74.34287,
              31.25831
            ],
            [
              74.34343,
              31.25809
            ],
            [
              74.34351,
              31.25807
            ],
            [
              74.34371,
              31.25798
            ],
            [
              74.34376,
              31.25796
            ],
            [
              74.34414,
              31.25781
            ],
            [
              74.3447,
              31.25757
            ],
            [
              74.34477,
              31.25754
            ],
            [
              74.34507,
              31.25743
            ],
            [
              74.34541,
              31.25728
            ],
            [
              74.34567,
              31.25718
            ],
            [
              74.34597,
              31.25705
            ],
            [
              74.34604,
              31.25702
            ],
            [
              74.34668,
              31.25686
            ],
            [
              74.34731,
              31.25669
            ],
            [
              74.34772,
              31.25659
            ],
            [
              74.34795,
              31.25652
            ],
            [
              74.34806,
              31.25649
            ],
            [
              74.34858,
              31.25634
            ],
            [
              74.3488,
              31.25626
            ],
            [
              74.34922,
              31.25616
            ],
            [
              74.34977,
              31.25602
            ],
            [
              74.34985,
              31.25598
            ],
            [
              74.35025,
              31.25582
            ],
            [
              74.35049,
              31.25573
            ],
            [
              74.35097,
              31.2555
            ],
            [
              74.35112,
              31.25546
            ],
            [
              74.3513,
              31.25539
            ],
            [
              74.35175,
              31.25527
            ],
            [
              74.35239,
              31.25507
            ],
            [
              74.35285,
              31.25493
            ],
            [
              74.35298,
              31.25492
            ],
            [
              74.35302,
              31.25492
            ],
            [
              74.35317,
              31.25492
            ],
            [
              74.35325,
              31.25492
            ],
            [
              74.35328,
              31.25497
            ],
            [
              74.35358,
              31.25541
            ],
            [
              74.35368,
              31.25554
            ],
            [
              74.35395,
              31.25589
            ],
            [
              74.35404,
              31.25606
            ],
            [
              74.35434,
              31.25619
            ],
            [
              74.35477,
              31.25637
            ],
            [
              74.35499,
              31.25646
            ],
            [
              74.35506,
              31.2565
            ],
            [
              74.35564,
              31.25685
            ],
            [
              74.35629,
              31.25723
            ],
            [
              74.35646,
              31.25733
            ],
            [
              74.35674,
              31.25747
            ],
            [
              74.35694,
              31.25761
            ],
            [
              74.35721,
              31.25781
            ],
            [
              74.3576,
              31.25806
            ],
            [
              74.35763,
              31.25809
            ],
            [
              74.35783,
              31.25829
            ],
            [
              74.35822,
              31.25872
            ],
            [
              74.35826,
              31.25875
            ],
            [
              74.35829,
              31.25877
            ],
            [
              74.35867,
              31.25926
            ],
            [
              74.35882,
              31.25946
            ],
            [
              74.35892,
              31.25954
            ],
            [
              74.35917,
              31.25975
            ],
            [
              74.35958,
              31.26007
            ],
            [
              74.35977,
              31.26023
            ],
            [
              74.36023,
              31.26049
            ],
            [
              74.36055,
              31.26071
            ],
            [
              74.36088,
              31.26087
            ],
            [
              74.36148,
              31.26118
            ],
            [
              74.36153,
              31.26121
            ],
            [
              74.36191,
              31.26142
            ],
            [
              74.36218,
              31.26149
            ],
            [
              74.36274,
              31.26165
            ],
            [
              74.36282,
              31.26168
            ],
            [
              74.36347,
              31.26184
            ],
            [
              74.36388,
              31.26199
            ],
            [
              74.36412,
              31.26208
            ],
            [
              74.36421,
              31.26212
            ],
            [
              74.36429,
              31.26215
            ],
            [
              74.36477,
              31.26241
            ],
            [
              74.36506,
              31.26259
            ],
            [
              74.36542,
              31.26278
            ],
            [
              74.36566,
              31.26291
            ],
            [
              74.36606,
              31.26297
            ],
            [
              74.36656,
              31.26306
            ],
            [
              74.36671,
              31.26308
            ],
            [
              74.36699,
              31.26313
            ],
            [
              74.36735,
              31.26327
            ],
            [
              74.3676,
              31.26339
            ],
            [
              74.36758,
              31.26353
            ],
            [
              74.36747,
              31.26403
            ],
            [
              74.36744,
              31.26414
            ],
            [
              74.36738,
              31.26414
            ],
            [
              74.36739,
              31.26453
            ],
            [
              74.3675,
              31.265
            ],
            [
              74.36809,
              31.2655
            ],
            [
              74.36859,
              31.26568
            ],
            [
              74.3687,
              31.26573
            ],
            [
              74.36891,
              31.2658
            ],
            [
              74.36894,
              31.26581
            ],
            [
              74.36935,
              31.26594
            ],
            [
              74.36948,
              31.26597
            ],
            [
              74.36986,
              31.26607
            ],
            [
              74.37,
              31.26611
            ],
            [
              74.37006,
              31.26614
            ],
            [
              74.37032,
              31.26614
            ],
            [
              74.37057,
              31.26622
            ],
            [
              74.37064,
              31.26622
            ],
            [
              74.37102,
              31.2662
            ],
            [
              74.37128,
              31.2662
            ],
            [
              74.37192,
              31.26625
            ],
            [
              74.37256,
              31.26625
            ],
            [
              74.37288,
              31.26625
            ],
            [
              74.3732,
              31.26625
            ],
            [
              74.37381,
              31.26623
            ],
            [
              74.37384,
              31.26623
            ],
            [
              74.37416,
              31.26626
            ],
            [
              74.37448,
              31.26626
            ],
            [
              74.37486,
              31.26626
            ],
            [
              74.37512,
              31.26627
            ],
            [
              74.37576,
              31.26629
            ],
            [
              74.37602,
              31.26632
            ],
            [
              74.37641,
              31.26636
            ],
            [
              74.37705,
              31.26647
            ],
            [
              74.37769,
              31.26658
            ],
            [
              74.37818,
              31.26666
            ],
            [
              74.37834,
              31.26669
            ],
            [
              74.37874,
              31.26676
            ],
            [
              74.37898,
              31.26681
            ],
            [
              74.37953,
              31.26688
            ],
            [
              74.37963,
              31.26696
            ],
            [
              74.37999,
              31.26723
            ],
            [
              74.38033,
              31.26746
            ],
            [
              74.3805,
              31.26771
            ],
            [
              74.3807,
              31.26803
            ],
            [
              74.3808,
              31.26817
            ],
            [
              74.38094,
              31.2682
            ],
            [
              74.38144,
              31.2683
            ],
            [
              74.38144,
              31.26832
            ],
            [
              74.38155,
              31.26868
            ],
            [
              74.3816,
              31.26889
            ],
            [
              74.38164,
              31.26907
            ],
            [
              74.38166,
              31.26918
            ],
            [
              74.38175,
              31.26967
            ],
            [
              74.38163,
              31.26991
            ],
            [
              74.38145,
              31.27017
            ],
            [
              74.38133,
              31.27044
            ],
            [
              74.38125,
              31.27067
            ],
            [
              74.38112,
              31.27117
            ],
            [
              74.38111,
              31.27124
            ],
            [
              74.38104,
              31.27151
            ],
            [
              74.38096,
              31.27167
            ],
            [
              74.38087,
              31.27206
            ],
            [
              74.38083,
              31.27216
            ],
            [
              74.38068,
              31.27242
            ],
            [
              74.38046,
              31.27267
            ],
            [
              74.38043,
              31.27271
            ],
            [
              74.38026,
              31.27289
            ],
            [
              74.38,
              31.27317
            ],
            [
              74.37981,
              31.27338
            ],
            [
              74.37952,
              31.27368
            ],
            [
              74.37944,
              31.27381
            ],
            [
              74.37919,
              31.27401
            ],
            [
              74.37912,
              31.27407
            ],
            [
              74.3791,
              31.27409
            ],
            [
              74.37897,
              31.27418
            ],
            [
              74.37887,
              31.27434
            ],
            [
              74.37872,
              31.27444
            ],
            [
              74.37863,
              31.27452
            ],
            [
              74.37857,
              31.27465
            ],
            [
              74.37855,
              31.27469
            ],
            [
              74.37855,
              31.27518
            ],
            [
              74.37853,
              31.27562
            ],
            [
              74.37853,
              31.27568
            ],
            [
              74.3786,
              31.27597
            ],
            [
              74.37866,
              31.27617
            ],
            [
              74.37872,
              31.27644
            ],
            [
              74.3788,
              31.27661
            ],
            [
              74.37882,
              31.27666
            ],
            [
              74.37885,
              31.27675
            ],
            [
              74.37915,
              31.27715
            ],
            [
              74.37916,
              31.27765
            ],
            [
              74.3792,
              31.27781
            ],
            [
              74.37931,
              31.2781
            ],
            [
              74.37932,
              31.27814
            ],
            [
              74.37951,
              31.27863
            ],
            [
              74.37969,
              31.27912
            ],
            [
              74.37934,
              31.27921
            ],
            [
              74.3787,
              31.27936
            ],
            [
              74.37862,
              31.2794
            ],
            [
              74.37848,
              31.27964
            ],
            [
              74.37831,
              31.27998
            ],
            [
              74.37826,
              31.28014
            ],
            [
              74.37818,
              31.28034
            ],
            [
              74.37813,
              31.28064
            ],
            [
              74.3781,
              31.28079
            ],
            [
              74.37803,
              31.28114
            ],
            [
              74.37801,
              31.28127
            ],
            [
              74.378,
              31.28163
            ],
            [
              74.378,
              31.28213
            ],
            [
              74.378,
              31.28247
            ],
            [
              74.37793,
              31.28262
            ],
            [
              74.37778,
              31.28312
            ],
            [
              74.37771,
              31.28334
            ],
            [
              74.37778,
              31.28362
            ],
            [
              74.37797,
              31.28411
            ],
            [
              74.37797,
              31.28414
            ],
            [
              74.37771,
              31.28461
            ],
            [
              74.37758,
              31.28489
            ],
            [
              74.37755,
              31.28493
            ],
            [
              74.37754,
              31.28511
            ],
            [
              74.37745,
              31.2856
            ],
            [
              74.37743,
              31.28573
            ],
            [
              74.37739,
              31.2861
            ],
            [
              74.37728,
              31.28652
            ],
            [
              74.37729,
              31.2866
            ],
            [
              74.37735,
              31.28701
            ],
            [
              74.37735,
              31.28704
            ],
            [
              74.37735,
              31.28704
            ],
            [
              74.37737,
              31.28709
            ],
            [
              74.37746,
              31.28759
            ],
            [
              74.3775,
              31.28775
            ],
            [
              74.37757,
              31.28808
            ],
            [
              74.37767,
              31.28852
            ],
            [
              74.37756,
              31.28857
            ],
            [
              74.37729,
              31.28869
            ],
            [
              74.37705,
              31.28878
            ],
            [
              74.37678,
              31.28889
            ],
            [
              74.37641,
              31.28894
            ],
            [
              74.37609,
              31.289
            ],
            [
              74.37595,
              31.28903
            ],
            [
              74.37577,
              31.28904
            ],
            [
              74.3755,
              31.28905
            ],
            [
              74.37541,
              31.28862
            ],
            [
              74.37536,
              31.28845
            ],
            [
              74.37528,
              31.28819
            ],
            [
              74.37518,
              31.28813
            ],
            [
              74.37514,
              31.28811
            ],
            [
              74.37511,
              31.28809
            ],
            [
              74.37473,
              31.28789
            ],
            [
              74.37446,
              31.28781
            ],
            [
              74.37432,
              31.28777
            ],
            [
              74.37401,
              31.2877
            ],
            [
              74.37382,
              31.2879
            ],
            [
              74.37352,
              31.28816
            ],
            [
              74.37347,
              31.28823
            ],
            [
              74.37332,
              31.28838
            ],
            [
              74.3732,
              31.28845
            ],
            [
              74.37287,
              31.28867
            ],
            [
              74.37257,
              31.28889
            ],
            [
              74.37238,
              31.28899
            ],
            [
              74.37194,
              31.28924
            ],
            [
              74.37176,
              31.28932
            ],
            [
              74.37157,
              31.28932
            ],
            [
              74.3713,
              31.28943
            ],
            [
              74.37089,
              31.28962
            ],
            [
              74.37067,
              31.28971
            ],
            [
              74.37028,
              31.2899
            ],
            [
              74.37026,
              31.28994
            ],
            [
              74.37004,
              31.29007
            ],
            [
              74.36985,
              31.29022
            ],
            [
              74.36978,
              31.29025
            ],
            [
              74.36941,
              31.29048
            ],
            [
              74.3691,
              31.29068
            ],
            [
              74.36901,
              31.29073
            ],
            [
              74.36889,
              31.2908
            ],
            [
              74.36878,
              31.29086
            ],
            [
              74.3685,
              31.29096
            ],
            [
              74.36828,
              31.29124
            ],
            [
              74.36823,
              31.2913
            ],
            [
              74.36815,
              31.29132
            ],
            [
              74.36755,
              31.29151
            ],
            [
              74.36752,
              31.29151
            ],
            [
              74.36688,
              31.29171
            ],
            [
              74.36681,
              31.29174
            ],
            [
              74.3668,
              31.29177
            ],
            [
              74.36664,
              31.29227
            ],
            [
              74.36656,
              31.29246
            ],
            [
              74.36672,
              31.29276
            ],
            [
              74.36692,
              31.29314
            ],
            [
              74.36697,
              31.29325
            ],
            [
              74.36721,
              31.29371
            ],
            [
              74.36709,
              31.29375
            ],
            [
              74.36694,
              31.29379
            ],
            [
              74.36667,
              31.29388
            ],
            [
              74.3664,
              31.29398
            ],
            [
              74.36631,
              31.29404
            ],
            [
              74.36607,
              31.29426
            ],
            [
              74.36608,
              31.29432
            ],
            [
              74.36569,
              31.29477
            ],
            [
              74.36541,
              31.29515
            ],
            [
              74.36524,
              31.29527
            ],
            [
              74.36507,
              31.29545
            ],
            [
              74.36482,
              31.29567
            ],
            [
              74.36477,
              31.29578
            ],
            [
              74.36466,
              31.29627
            ],
            [
              74.36462,
              31.29635
            ],
            [
              74.36445,
              31.29644
            ],
            [
              74.36401,
              31.29669
            ],
            [
              74.36382,
              31.29661
            ],
            [
              74.36362,
              31.29653
            ],
            [
              74.36317,
              31.2965
            ],
            [
              74.36272,
              31.29646
            ],
            [
              74.36253,
              31.29645
            ],
            [
              74.36215,
              31.29647
            ],
            [
              74.36189,
              31.2965
            ],
            [
              74.36132,
              31.29659
            ],
            [
              74.36125,
              31.29659
            ],
            [
              74.36062,
              31.29669
            ],
            [
              74.36052,
              31.2967
            ],
            [
              74.35998,
              31.29681
            ],
            [
              74.35974,
              31.29687
            ],
            [
              74.35941,
              31.29697
            ],
            [
              74.35934,
              31.297
            ],
            [
              74.35871,
              31.29736
            ],
            [
              74.35863,
              31.29739
            ],
            [
              74.35829,
              31.29755
            ],
            [
              74.35822,
              31.29754
            ],
            [
              74.35814,
              31.29758
            ],
            [
              74.35792,
              31.2977
            ],
            [
              74.3579,
              31.2979
            ],
            [
              74.35788,
              31.2984
            ],
            [
              74.35786,
              31.29863
            ],
            [
              74.35784,
              31.29889
            ],
            [
              74.35783,
              31.29939
            ],
            [
              74.35782,
              31.29953
            ],
            [
              74.35781,
              31.29988
            ],
            [
              74.35781,
              31.30018
            ],
            [
              74.35781,
              31.30038
            ],
            [
              74.35785,
              31.30087
            ],
            [
              74.35785,
              31.30095
            ],
            [
              74.35779,
              31.30097
            ],
            [
              74.35776,
              31.30098
            ],
            [
              74.35754,
              31.30108
            ],
            [
              74.35709,
              31.30129
            ],
            [
              74.35691,
              31.30136
            ],
            [
              74.35684,
              31.30139
            ],
            [
              74.35652,
              31.30154
            ],
            [
              74.35627,
              31.30162
            ],
            [
              74.35564,
              31.30187
            ],
            [
              74.35551,
              31.30191
            ],
            [
              74.35519,
              31.30203
            ],
            [
              74.355,
              31.30203
            ],
            [
              74.35471,
              31.30205
            ],
            [
              74.35436,
              31.30196
            ],
            [
              74.35427,
              31.30194
            ],
            [
              74.35371,
              31.30178
            ],
            [
              74.3537,
              31.30179
            ],
            [
              74.35307,
              31.30156
            ],
            [
              74.35274,
              31.30147
            ],
            [
              74.35242,
              31.30136
            ],
            [
              74.35216,
              31.30128
            ],
            [
              74.35185,
              31.30119
            ],
            [
              74.35177,
              31.30114
            ],
            [
              74.35134,
              31.30101
            ],
            [
              74.35113,
              31.30094
            ],
            [
              74.35097,
              31.30089
            ],
            [
              74.35048,
              31.30076
            ],
            [
              74.34984,
              31.3006
            ],
            [
              74.3496,
              31.30055
            ],
            [
              74.34929,
              31.30048
            ],
            [
              74.34922,
              31.30046
            ],
            [
              74.34919,
              31.30046
            ],
            [
              74.34905,
              31.30042
            ],
            [
              74.34898,
              31.30042
            ],
            [
              74.34866,
              31.30042
            ],
            [
              74.34855,
              31.30042
            ],
            [
              74.34804,
              31.30042
            ],
            [
              74.34791,
              31.30042
            ],
            [
              74.34727,
              31.30041
            ],
            [
              74.34663,
              31.30061
            ]
          ]
        ]
      }
    },
    {
      "type": "Feature",
      "properties": {
        "mauza": "Rakh Jhedo",
        "mauza_urdu": null,
        "hb_no": null,
        "tehsil": "Nishter",
        "district": "Lahore",
        "source_object_id": 754154
      },
      "geometry": {
        "type": "Polygon",
        "coordinates": [
          [
            [
              74.32396,
              31.35706
            ],
            [
              74.32372,
              31.35706
            ],
            [
              74.32307,
              31.35707
            ],
            [
              74.32243,
              31.35708
            ],
            [
              74.3224,
              31.35708
            ],
            [
              74.32185,
              31.35708
            ],
            [
              74.32178,
              31.35709
            ],
            [
              74.32124,
              31.3571
            ],
            [
              74.32114,
              31.35711
            ],
            [
              74.32048,
              31.35702
            ],
            [
              74.32001,
              31.35705
            ],
            [
              74.31982,
              31.35693
            ],
            [
              74.31917,
              31.35675
            ],
            [
              74.31914,
              31.35672
            ],
            [
              74.31903,
              31.35675
            ],
            [
              74.31867,
              31.35668
            ],
            [
              74.31848,
              31.35665
            ],
            [
              74.31805,
              31.35658
            ],
            [
              74.3178,
              31.35645
            ],
            [
              74.31744,
              31.35628
            ],
            [
              74.31709,
              31.35606
            ],
            [
              74.317,
              31.35601
            ],
            [
              74.3168,
              31.3558
            ],
            [
              74.31647,
              31.35528
            ],
            [
              74.31631,
              31.35505
            ],
            [
              74.31625,
              31.3549
            ],
            [
              74.31619,
              31.35476
            ],
            [
              74.31606,
              31.35452
            ],
            [
              74.31598,
              31.35423
            ],
            [
              74.31586,
              31.35386
            ],
            [
              74.3159,
              31.35368
            ],
            [
              74.3159,
              31.35318
            ],
            [
              74.31597,
              31.35318
            ],
            [
              74.31662,
              31.3532
            ],
            [
              74.31689,
              31.35311
            ],
            [
              74.31725,
              31.35313
            ],
            [
              74.31775,
              31.35303
            ],
            [
              74.31787,
              31.35296
            ],
            [
              74.31799,
              31.35288
            ],
            [
              74.31828,
              31.35265
            ],
            [
              74.31815,
              31.3523
            ],
            [
              74.31797,
              31.35177
            ],
            [
              74.31777,
              31.35124
            ],
            [
              74.31757,
              31.35071
            ],
            [
              74.31746,
              31.3504
            ],
            [
              74.31737,
              31.35018
            ],
            [
              74.31716,
              31.34965
            ],
            [
              74.31708,
              31.34943
            ],
            [
              74.31714,
              31.34941
            ],
            [
              74.31729,
              31.34936
            ],
            [
              74.31736,
              31.34934
            ],
            [
              74.3179,
              31.34917
            ],
            [
              74.31835,
              31.34907
            ],
            [
              74.3183,
              31.34895
            ],
            [
              74.31813,
              31.34842
            ],
            [
              74.31797,
              31.34788
            ],
            [
              74.31781,
              31.34735
            ],
            [
              74.31766,
              31.34681
            ],
            [
              74.3176,
              31.34626
            ],
            [
              74.31755,
              31.34571
            ],
            [
              74.3175,
              31.34544
            ],
            [
              74.31751,
              31.34526
            ],
            [
              74.31749,
              31.34516
            ],
            [
              74.31746,
              31.345
            ],
            [
              74.31784,
              31.34486
            ],
            [
              74.31845,
              31.34463
            ],
            [
              74.3191,
              31.34461
            ],
            [
              74.31944,
              31.34454
            ],
            [
              74.31974,
              31.34459
            ],
            [
              74.32038,
              31.34454
            ],
            [
              74.32102,
              31.3445
            ],
            [
              74.32104,
              31.34449
            ],
            [
              74.32168,
              31.3446
            ],
            [
              74.32184,
              31.34464
            ],
            [
              74.32227,
              31.34474
            ],
            [
              74.32237,
              31.34485
            ],
            [
              74.32261,
              31.3451
            ],
            [
              74.32265,
              31.34515
            ],
            [
              74.32307,
              31.34513
            ],
            [
              74.32371,
              31.34511
            ],
            [
              74.32435,
              31.34508
            ],
            [
              74.32435,
              31.34508
            ],
            [
              74.32499,
              31.34505
            ],
            [
              74.32512,
              31.34505
            ],
            [
              74.32563,
              31.34502
            ],
            [
              74.32609,
              31.345
            ],
            [
              74.32628,
              31.34499
            ],
            [
              74.32692,
              31.34497
            ],
            [
              74.32757,
              31.34495
            ],
            [
              74.32821,
              31.34491
            ],
            [
              74.3287,
              31.34488
            ],
            [
              74.32885,
              31.34486
            ],
            [
              74.32933,
              31.34485
            ],
            [
              74.32949,
              31.34484
            ],
            [
              74.3298,
              31.34483
            ],
            [
              74.33013,
              31.34482
            ],
            [
              74.33077,
              31.34483
            ],
            [
              74.33078,
              31.34483
            ],
            [
              74.33143,
              31.34485
            ],
            [
              74.33208,
              31.34486
            ],
            [
              74.33226,
              31.34484
            ],
            [
              74.33273,
              31.34487
            ],
            [
              74.33301,
              31.34489
            ],
            [
              74.33301,
              31.34489
            ],
            [
              74.33323,
              31.34493
            ],
            [
              74.33341,
              31.34505
            ],
            [
              74.33346,
              31.34509
            ],
            [
              74.33371,
              31.34507
            ],
            [
              74.3341,
              31.34533
            ],
            [
              74.33416,
              31.34538
            ],
            [
              74.33422,
              31.34541
            ],
            [
              74.33443,
              31.3459
            ],
            [
              74.33488,
              31.34615
            ],
            [
              74.33525,
              31.34636
            ],
            [
              74.33559,
              31.34654
            ],
            [
              74.33563,
              31.34656
            ],
            [
              74.33568,
              31.34686
            ],
            [
              74.33576,
              31.34741
            ],
            [
              74.33581,
              31.34751
            ],
            [
              74.33579,
              31.34776
            ],
            [
              74.33577,
              31.34796
            ],
            [
              74.33583,
              31.34819
            ],
            [
              74.33566,
              31.34853
            ],
            [
              74.3355,
              31.34886
            ],
            [
              74.33533,
              31.34892
            ],
            [
              74.3347,
              31.34901
            ],
            [
              74.33442,
              31.3491
            ],
            [
              74.33408,
              31.34916
            ],
            [
              74.33372,
              31.34928
            ],
            [
              74.33368,
              31.34932
            ],
            [
              74.33353,
              31.34977
            ],
            [
              74.33349,
              31.3499
            ],
            [
              74.33339,
              31.35014
            ],
            [
              74.33332,
              31.35048
            ],
            [
              74.33325,
              31.35076
            ],
            [
              74.33306,
              31.35083
            ],
            [
              74.33244,
              31.35099
            ],
            [
              74.33181,
              31.35114
            ],
            [
              74.33164,
              31.35117
            ],
            [
              74.33163,
              31.35124
            ],
            [
              74.33128,
              31.35183
            ],
            [
              74.33119,
              31.35195
            ],
            [
              74.33069,
              31.3522
            ],
            [
              74.33055,
              31.35228
            ],
            [
              74.33008,
              31.35242
            ],
            [
              74.32963,
              31.35255
            ],
            [
              74.32965,
              31.35259
            ],
            [
              74.32988,
              31.35311
            ],
            [
              74.33012,
              31.35364
            ],
            [
              74.33026,
              31.35396
            ],
            [
              74.33035,
              31.35408
            ],
            [
              74.33041,
              31.35416
            ],
            [
              74.33098,
              31.35465
            ],
            [
              74.33111,
              31.35475
            ],
            [
              74.33138,
              31.35496
            ],
            [
              74.33116,
              31.35505
            ],
            [
              74.33065,
              31.35524
            ],
            [
              74.33055,
              31.35528
            ],
            [
              74.33046,
              31.35539
            ],
            [
              74.32991,
              31.35536
            ],
            [
              74.32963,
              31.35538
            ],
            [
              74.32928,
              31.35545
            ],
            [
              74.32865,
              31.35557
            ],
            [
              74.32866,
              31.35561
            ],
            [
              74.32807,
              31.35555
            ],
            [
              74.328,
              31.35555
            ],
            [
              74.32735,
              31.35549
            ],
            [
              74.32673,
              31.35563
            ],
            [
              74.32672,
              31.35563
            ],
            [
              74.32666,
              31.35563
            ],
            [
              74.32611,
              31.35582
            ],
            [
              74.32562,
              31.35599
            ],
            [
              74.3255,
              31.35607
            ],
            [
              74.32492,
              31.35649
            ],
            [
              74.3245,
              31.35688
            ],
            [
              74.32434,
              31.35692
            ],
            [
              74.32396,
              31.35706
            ]
          ]
        ]
      }
    },
    {
      "type": "Feature",
      "properties": {
        "mauza": "Sadhoki",
        "mauza_urdu": null,
        "hb_no": null,
        "tehsil": "Nishter",
        "district": "Lahore",
        "source_object_id": 754172
      },
      "geometry": {
        "type": "Polygon",
        "coordinates": [
          [
            [
              74.26502,
              31.40788
            ],
            [
              74.26492,
              31.40797
            ],
            [
              74.26445,
              31.40838
            ],
            [
              74.26441,
              31.40842
            ],
            [
              74.26432,
              31.40849
            ],
            [
              74.26379,
              31.40887
            ],
            [
              74.26359,
              31.40901
            ],
            [
              74.26341,
              31.40917
            ],
            [
              74.26318,
              31.40942
            ],
            [
              74.26309,
              31.40953
            ],
            [
              74.26274,
              31.41004
            ],
            [
              74.26259,
              31.41024
            ],
            [
              74.26235,
              31.41055
            ],
            [
              74.26198,
              31.41095
            ],
            [
              74.26188,
              31.41107
            ],
            [
              74.26141,
              31.41158
            ],
            [
              74.26138,
              31.41161
            ],
            [
              74.26099,
              31.41209
            ],
            [
              74.26078,
              31.41238
            ],
            [
              74.26061,
              31.4126
            ],
            [
              74.26017,
              31.41306
            ],
            [
              74.26013,
              31.41312
            ],
            [
              74.25964,
              31.41363
            ],
            [
              74.25957,
              31.41372
            ],
            [
              74.25925,
              31.41415
            ],
            [
              74.25897,
              31.41447
            ],
            [
              74.25883,
              31.41466
            ],
            [
              74.25849,
              31.41508
            ],
            [
              74.25848,
              31.41517
            ],
            [
              74.25839,
              31.41567
            ],
            [
              74.25834,
              31.41617
            ],
            [
              74.25829,
              31.41666
            ],
            [
              74.2582,
              31.41716
            ],
            [
              74.25817,
              31.41766
            ],
            [
              74.25816,
              31.41815
            ],
            [
              74.25819,
              31.41865
            ],
            [
              74.25817,
              31.41915
            ],
            [
              74.25815,
              31.41964
            ],
            [
              74.25813,
              31.42014
            ],
            [
              74.2581,
              31.42063
            ],
            [
              74.25808,
              31.42113
            ],
            [
              74.25808,
              31.42163
            ],
            [
              74.25803,
              31.42212
            ],
            [
              74.25797,
              31.42262
            ],
            [
              74.25791,
              31.42312
            ],
            [
              74.25784,
              31.42362
            ],
            [
              74.25777,
              31.42412
            ],
            [
              74.25776,
              31.42461
            ],
            [
              74.25778,
              31.42494
            ],
            [
              74.25762,
              31.42487
            ],
            [
              74.25712,
              31.42464
            ],
            [
              74.25696,
              31.42458
            ],
            [
              74.2563,
              31.42426
            ],
            [
              74.25613,
              31.42418
            ],
            [
              74.25564,
              31.42397
            ],
            [
              74.25502,
              31.42373
            ],
            [
              74.25498,
              31.42371
            ],
            [
              74.25433,
              31.42344
            ],
            [
              74.25388,
              31.42334
            ],
            [
              74.25374,
              31.42329
            ],
            [
              74.25368,
              31.42326
            ],
            [
              74.25302,
              31.42304
            ],
            [
              74.25237,
              31.42285
            ],
            [
              74.25171,
              31.42261
            ],
            [
              74.25122,
              31.4224
            ],
            [
              74.25106,
              31.42234
            ],
            [
              74.2504,
              31.42208
            ],
            [
              74.25007,
              31.42195
            ],
            [
              74.24975,
              31.42186
            ],
            [
              74.24909,
              31.42162
            ],
            [
              74.24876,
              31.42151
            ],
            [
              74.24861,
              31.42146
            ],
            [
              74.24851,
              31.42144
            ],
            [
              74.24844,
              31.42141
            ],
            [
              74.24821,
              31.42132
            ],
            [
              74.24778,
              31.42116
            ],
            [
              74.24749,
              31.42107
            ],
            [
              74.24713,
              31.42094
            ],
            [
              74.24708,
              31.42093
            ],
            [
              74.24712,
              31.42089
            ],
            [
              74.24744,
              31.42057
            ],
            [
              74.24772,
              31.42015
            ],
            [
              74.24782,
              31.42006
            ],
            [
              74.24827,
              31.41955
            ],
            [
              74.24833,
              31.41946
            ],
            [
              74.24861,
              31.41904
            ],
            [
              74.24887,
              31.41853
            ],
            [
              74.24891,
              31.41842
            ],
            [
              74.24907,
              31.41803
            ],
            [
              74.24931,
              31.41752
            ],
            [
              74.24941,
              31.41752
            ],
            [
              74.24949,
              31.41721
            ],
            [
              74.24953,
              31.41702
            ],
            [
              74.24974,
              31.41651
            ],
            [
              74.24976,
              31.41639
            ],
            [
              74.2499,
              31.41601
            ],
            [
              74.25004,
              31.41551
            ],
            [
              74.25005,
              31.41551
            ],
            [
              74.25022,
              31.41501
            ],
            [
              74.25037,
              31.41451
            ],
            [
              74.25052,
              31.41401
            ],
            [
              74.25058,
              31.41375
            ],
            [
              74.25057,
              31.41351
            ],
            [
              74.25067,
              31.41301
            ],
            [
              74.25064,
              31.41251
            ],
            [
              74.25068,
              31.41202
            ],
            [
              74.25076,
              31.41152
            ],
            [
              74.25091,
              31.41102
            ],
            [
              74.25099,
              31.41067
            ],
            [
              74.25103,
              31.41052
            ],
            [
              74.25104,
              31.41047
            ],
            [
              74.25118,
              31.41001
            ],
            [
              74.25124,
              31.40985
            ],
            [
              74.25136,
              31.40951
            ],
            [
              74.25148,
              31.40901
            ],
            [
              74.25146,
              31.40852
            ],
            [
              74.25145,
              31.40802
            ],
            [
              74.25144,
              31.40753
            ],
            [
              74.25143,
              31.40703
            ],
            [
              74.25142,
              31.40654
            ],
            [
              74.25139,
              31.40604
            ],
            [
              74.25138,
              31.40555
            ],
            [
              74.25135,
              31.40505
            ],
            [
              74.25136,
              31.40456
            ],
            [
              74.25133,
              31.40406
            ],
            [
              74.2513,
              31.40357
            ],
            [
              74.25128,
              31.40307
            ],
            [
              74.25126,
              31.40283
            ],
            [
              74.25125,
              31.40258
            ],
            [
              74.25122,
              31.40208
            ],
            [
              74.25121,
              31.40185
            ],
            [
              74.25113,
              31.40159
            ],
            [
              74.25101,
              31.4011
            ],
            [
              74.25088,
              31.40061
            ],
            [
              74.25078,
              31.40012
            ],
            [
              74.25064,
              31.39963
            ],
            [
              74.25051,
              31.39914
            ],
            [
              74.25039,
              31.39865
            ],
            [
              74.25028,
              31.39816
            ],
            [
              74.25017,
              31.39767
            ],
            [
              74.25007,
              31.39718
            ],
            [
              74.24998,
              31.39668
            ],
            [
              74.24992,
              31.39657
            ],
            [
              74.24985,
              31.39619
            ],
            [
              74.24973,
              31.3957
            ],
            [
              74.24961,
              31.39521
            ],
            [
              74.2496,
              31.39507
            ],
            [
              74.24955,
              31.39502
            ],
            [
              74.24935,
              31.39473
            ],
            [
              74.24916,
              31.39443
            ],
            [
              74.24907,
              31.39424
            ],
            [
              74.24891,
              31.39401
            ],
            [
              74.24885,
              31.39395
            ],
            [
              74.24876,
              31.39376
            ],
            [
              74.24843,
              31.39345
            ],
            [
              74.24842,
              31.39328
            ],
            [
              74.24841,
              31.39322
            ],
            [
              74.24814,
              31.39279
            ],
            [
              74.24783,
              31.39231
            ],
            [
              74.24754,
              31.39183
            ],
            [
              74.24744,
              31.39165
            ],
            [
              74.24726,
              31.39134
            ],
            [
              74.24699,
              31.39086
            ],
            [
              74.24687,
              31.39063
            ],
            [
              74.24674,
              31.39074
            ],
            [
              74.24667,
              31.39087
            ],
            [
              74.24613,
              31.39129
            ],
            [
              74.24603,
              31.39139
            ],
            [
              74.24552,
              31.39187
            ],
            [
              74.24549,
              31.39191
            ],
            [
              74.24526,
              31.39214
            ],
            [
              74.2449,
              31.39221
            ],
            [
              74.24463,
              31.39227
            ],
            [
              74.24426,
              31.39218
            ],
            [
              74.24381,
              31.39203
            ],
            [
              74.24376,
              31.39198
            ],
            [
              74.24358,
              31.39149
            ],
            [
              74.24339,
              31.391
            ],
            [
              74.2432,
              31.39052
            ],
            [
              74.24313,
              31.39033
            ],
            [
              74.24308,
              31.39003
            ],
            [
              74.24308,
              31.38998
            ],
            [
              74.24349,
              31.38987
            ],
            [
              74.24355,
              31.38985
            ],
            [
              74.24411,
              31.38957
            ],
            [
              74.24432,
              31.38948
            ],
            [
              74.24474,
              31.38927
            ],
            [
              74.24531,
              31.38894
            ],
            [
              74.24536,
              31.3889
            ],
            [
              74.24598,
              31.38852
            ],
            [
              74.24617,
              31.38841
            ],
            [
              74.2466,
              31.38815
            ],
            [
              74.24708,
              31.38788
            ],
            [
              74.24722,
              31.38779
            ],
            [
              74.24785,
              31.38746
            ],
            [
              74.248,
              31.38735
            ],
            [
              74.24847,
              31.38711
            ],
            [
              74.24897,
              31.38681
            ],
            [
              74.24909,
              31.38677
            ],
            [
              74.24971,
              31.38641
            ],
            [
              74.24995,
              31.38628
            ],
            [
              74.25034,
              31.38607
            ],
            [
              74.25091,
              31.38574
            ],
            [
              74.25096,
              31.38571
            ],
            [
              74.25158,
              31.38537
            ],
            [
              74.25186,
              31.38521
            ],
            [
              74.2522,
              31.38502
            ],
            [
              74.25283,
              31.38467
            ],
            [
              74.25345,
              31.38432
            ],
            [
              74.25376,
              31.38414
            ],
            [
              74.25407,
              31.38398
            ],
            [
              74.25432,
              31.38382
            ],
            [
              74.2547,
              31.38376
            ],
            [
              74.25534,
              31.38365
            ],
            [
              74.25597,
              31.38356
            ],
            [
              74.25661,
              31.38346
            ],
            [
              74.25725,
              31.38338
            ],
            [
              74.25748,
              31.38329
            ],
            [
              74.25772,
              31.38328
            ],
            [
              74.25788,
              31.38327
            ],
            [
              74.25852,
              31.38316
            ],
            [
              74.25916,
              31.38305
            ],
            [
              74.25943,
              31.383
            ],
            [
              74.25979,
              31.38295
            ],
            [
              74.26011,
              31.38289
            ],
            [
              74.26043,
              31.38284
            ],
            [
              74.26106,
              31.38276
            ],
            [
              74.2617,
              31.38263
            ],
            [
              74.26233,
              31.38251
            ],
            [
              74.26297,
              31.3824
            ],
            [
              74.26361,
              31.38231
            ],
            [
              74.2637,
              31.38228
            ],
            [
              74.26424,
              31.38223
            ],
            [
              74.26488,
              31.38212
            ],
            [
              74.26552,
              31.38205
            ],
            [
              74.26616,
              31.38209
            ],
            [
              74.26681,
              31.38212
            ],
            [
              74.26745,
              31.38211
            ],
            [
              74.26806,
              31.38213
            ],
            [
              74.26809,
              31.38213
            ],
            [
              74.26874,
              31.3822
            ],
            [
              74.26938,
              31.38227
            ],
            [
              74.27003,
              31.38234
            ],
            [
              74.2704,
              31.38239
            ],
            [
              74.27067,
              31.38243
            ],
            [
              74.27095,
              31.38241
            ],
            [
              74.27131,
              31.38238
            ],
            [
              74.27154,
              31.38232
            ],
            [
              74.27195,
              31.38224
            ],
            [
              74.27258,
              31.38216
            ],
            [
              74.27322,
              31.382
            ],
            [
              74.27347,
              31.38191
            ],
            [
              74.27361,
              31.38186
            ],
            [
              74.27369,
              31.38184
            ],
            [
              74.27385,
              31.38178
            ],
            [
              74.27448,
              31.38159
            ],
            [
              74.27506,
              31.38139
            ],
            [
              74.27511,
              31.38139
            ],
            [
              74.27542,
              31.38128
            ],
            [
              74.27574,
              31.38118
            ],
            [
              74.27637,
              31.38096
            ],
            [
              74.277,
              31.38072
            ],
            [
              74.27763,
              31.38055
            ],
            [
              74.27821,
              31.38031
            ],
            [
              74.27826,
              31.38028
            ],
            [
              74.27857,
              31.38016
            ],
            [
              74.27888,
              31.38001
            ],
            [
              74.27951,
              31.37972
            ],
            [
              74.27974,
              31.37961
            ],
            [
              74.28014,
              31.37946
            ],
            [
              74.28076,
              31.37908
            ],
            [
              74.28138,
              31.37868
            ],
            [
              74.28159,
              31.37855
            ],
            [
              74.282,
              31.37831
            ],
            [
              74.28228,
              31.37815
            ],
            [
              74.28263,
              31.37809
            ],
            [
              74.28327,
              31.37812
            ],
            [
              74.28333,
              31.37812
            ],
            [
              74.28391,
              31.37812
            ],
            [
              74.28457,
              31.37834
            ],
            [
              74.28473,
              31.37842
            ],
            [
              74.28523,
              31.37867
            ],
            [
              74.28544,
              31.37877
            ],
            [
              74.28561,
              31.37888
            ],
            [
              74.28589,
              31.37903
            ],
            [
              74.28647,
              31.37934
            ],
            [
              74.28655,
              31.3794
            ],
            [
              74.28721,
              31.37975
            ],
            [
              74.28728,
              31.3798
            ],
            [
              74.28788,
              31.38017
            ],
            [
              74.28799,
              31.38027
            ],
            [
              74.28858,
              31.38063
            ],
            [
              74.28857,
              31.38074
            ],
            [
              74.28856,
              31.38084
            ],
            [
              74.28848,
              31.38124
            ],
            [
              74.28845,
              31.38143
            ],
            [
              74.28859,
              31.38144
            ],
            [
              74.28924,
              31.38152
            ],
            [
              74.28925,
              31.3817
            ],
            [
              74.28927,
              31.3822
            ],
            [
              74.2893,
              31.38261
            ],
            [
              74.28925,
              31.38269
            ],
            [
              74.28917,
              31.38319
            ],
            [
              74.28933,
              31.38325
            ],
            [
              74.28963,
              31.3833
            ],
            [
              74.28981,
              31.38317
            ],
            [
              74.28997,
              31.38321
            ],
            [
              74.29022,
              31.38329
            ],
            [
              74.29019,
              31.38365
            ],
            [
              74.29018,
              31.38373
            ],
            [
              74.29065,
              31.38379
            ],
            [
              74.29081,
              31.38379
            ],
            [
              74.29076,
              31.38412
            ],
            [
              74.29073,
              31.38429
            ],
            [
              74.29132,
              31.38445
            ],
            [
              74.29137,
              31.38446
            ],
            [
              74.29133,
              31.38459
            ],
            [
              74.29119,
              31.38487
            ],
            [
              74.29135,
              31.38495
            ],
            [
              74.29165,
              31.38507
            ],
            [
              74.29201,
              31.38522
            ],
            [
              74.29229,
              31.38535
            ],
            [
              74.29245,
              31.38504
            ],
            [
              74.29253,
              31.38488
            ],
            [
              74.29263,
              31.38487
            ],
            [
              74.29302,
              31.38502
            ],
            [
              74.29329,
              31.3851
            ],
            [
              74.29394,
              31.38535
            ],
            [
              74.29403,
              31.38538
            ],
            [
              74.29426,
              31.38497
            ],
            [
              74.29439,
              31.38487
            ],
            [
              74.29456,
              31.38491
            ],
            [
              74.29464,
              31.38495
            ],
            [
              74.29521,
              31.38511
            ],
            [
              74.29529,
              31.38512
            ],
            [
              74.29585,
              31.38498
            ],
            [
              74.29593,
              31.38539
            ],
            [
              74.2965,
              31.38522
            ],
            [
              74.29651,
              31.38537
            ],
            [
              74.29683,
              31.38523
            ],
            [
              74.29689,
              31.38535
            ],
            [
              74.29702,
              31.38557
            ],
            [
              74.29716,
              31.38556
            ],
            [
              74.29729,
              31.38556
            ],
            [
              74.29753,
              31.38555
            ],
            [
              74.29776,
              31.38554
            ],
            [
              74.2978,
              31.38544
            ],
            [
              74.29784,
              31.38531
            ],
            [
              74.29808,
              31.38481
            ],
            [
              74.2982,
              31.38459
            ],
            [
              74.29839,
              31.38462
            ],
            [
              74.29904,
              31.3847
            ],
            [
              74.29922,
              31.38472
            ],
            [
              74.2993,
              31.38448
            ],
            [
              74.29932,
              31.38426
            ],
            [
              74.29966,
              31.38425
            ],
            [
              74.3003,
              31.38422
            ],
            [
              74.30067,
              31.38421
            ],
            [
              74.30094,
              31.3842
            ],
            [
              74.30147,
              31.38417
            ],
            [
              74.30158,
              31.38421
            ],
            [
              74.30164,
              31.38426
            ],
            [
              74.30158,
              31.38425
            ],
            [
              74.30094,
              31.38431
            ],
            [
              74.3007,
              31.38432
            ],
            [
              74.30058,
              31.38471
            ],
            [
              74.30038,
              31.38521
            ],
            [
              74.30036,
              31.38531
            ],
            [
              74.30024,
              31.38571
            ],
            [
              74.30028,
              31.38571
            ],
            [
              74.29999,
              31.38622
            ],
            [
              74.29987,
              31.38644
            ],
            [
              74.30043,
              31.38653
            ],
            [
              74.30107,
              31.38661
            ],
            [
              74.30171,
              31.38657
            ],
            [
              74.30234,
              31.38641
            ],
            [
              74.30255,
              31.38635
            ],
            [
              74.30297,
              31.38609
            ],
            [
              74.30359,
              31.38577
            ],
            [
              74.30401,
              31.38556
            ],
            [
              74.3041,
              31.38532
            ],
            [
              74.30415,
              31.38506
            ],
            [
              74.30418,
              31.38479
            ],
            [
              74.30483,
              31.38493
            ],
            [
              74.30504,
              31.38502
            ],
            [
              74.30548,
              31.38514
            ],
            [
              74.30575,
              31.38524
            ],
            [
              74.30597,
              31.38548
            ],
            [
              74.30606,
              31.38557
            ],
            [
              74.30616,
              31.38572
            ],
            [
              74.30632,
              31.38596
            ],
            [
              74.30661,
              31.38644
            ],
            [
              74.30686,
              31.38686
            ],
            [
              74.30691,
              31.38692
            ],
            [
              74.3072,
              31.38741
            ],
            [
              74.30748,
              31.38789
            ],
            [
              74.30757,
              31.38803
            ],
            [
              74.30777,
              31.38838
            ],
            [
              74.30805,
              31.38886
            ],
            [
              74.30828,
              31.38924
            ],
            [
              74.30833,
              31.38934
            ],
            [
              74.30862,
              31.38983
            ],
            [
              74.30889,
              31.39031
            ],
            [
              74.30899,
              31.39047
            ],
            [
              74.30911,
              31.3907
            ],
            [
              74.30917,
              31.3908
            ],
            [
              74.3092,
              31.39088
            ],
            [
              74.30909,
              31.39086
            ],
            [
              74.30901,
              31.39084
            ],
            [
              74.3089,
              31.39081
            ],
            [
              74.30836,
              31.39068
            ],
            [
              74.30822,
              31.39065
            ],
            [
              74.30772,
              31.39065
            ],
            [
              74.30743,
              31.39065
            ],
            [
              74.30707,
              31.39063
            ],
            [
              74.30643,
              31.39059
            ],
            [
              74.30609,
              31.39057
            ],
            [
              74.3058,
              31.39081
            ],
            [
              74.30573,
              31.39094
            ],
            [
              74.30532,
              31.39145
            ],
            [
              74.3052,
              31.39158
            ],
            [
              74.30492,
              31.39196
            ],
            [
              74.3046,
              31.39239
            ],
            [
              74.3044,
              31.39248
            ],
            [
              74.30399,
              31.39291
            ],
            [
              74.3039,
              31.39299
            ],
            [
              74.30366,
              31.3935
            ],
            [
              74.30348,
              31.39385
            ],
            [
              74.30341,
              31.39401
            ],
            [
              74.30313,
              31.39451
            ],
            [
              74.30287,
              31.39502
            ],
            [
              74.30283,
              31.39516
            ],
            [
              74.3028,
              31.39524
            ],
            [
              74.30261,
              31.39553
            ],
            [
              74.30242,
              31.39603
            ],
            [
              74.30226,
              31.39635
            ],
            [
              74.30216,
              31.39654
            ],
            [
              74.30209,
              31.39666
            ],
            [
              74.30185,
              31.39698
            ],
            [
              74.30178,
              31.39705
            ],
            [
              74.30178,
              31.39712
            ],
            [
              74.30166,
              31.39717
            ],
            [
              74.30141,
              31.39756
            ],
            [
              74.30107,
              31.39807
            ],
            [
              74.30079,
              31.39857
            ],
            [
              74.30057,
              31.39901
            ],
            [
              74.30052,
              31.39908
            ],
            [
              74.30049,
              31.39914
            ],
            [
              74.30036,
              31.39936
            ],
            [
              74.30026,
              31.39959
            ],
            [
              74.29998,
              31.40009
            ],
            [
              74.29998,
              31.40012
            ],
            [
              74.29991,
              31.40026
            ],
            [
              74.29987,
              31.40033
            ],
            [
              74.29983,
              31.40045
            ],
            [
              74.29975,
              31.4006
            ],
            [
              74.29974,
              31.40064
            ],
            [
              74.29968,
              31.40083
            ],
            [
              74.29958,
              31.40098
            ],
            [
              74.29951,
              31.4011
            ],
            [
              74.2994,
              31.40127
            ],
            [
              74.29933,
              31.40141
            ],
            [
              74.29921,
              31.40161
            ],
            [
              74.29889,
              31.40212
            ],
            [
              74.29874,
              31.40233
            ],
            [
              74.29836,
              31.40264
            ],
            [
              74.29813,
              31.40285
            ],
            [
              74.29781,
              31.40316
            ],
            [
              74.29752,
              31.40342
            ],
            [
              74.29741,
              31.40352
            ],
            [
              74.29721,
              31.40368
            ],
            [
              74.2969,
              31.40391
            ],
            [
              74.29652,
              31.4042
            ],
            [
              74.29629,
              31.40437
            ],
            [
              74.29607,
              31.40456
            ],
            [
              74.29595,
              31.40472
            ],
            [
              74.29568,
              31.40496
            ],
            [
              74.2955,
              31.40523
            ],
            [
              74.29507,
              31.40553
            ],
            [
              74.29474,
              31.40576
            ],
            [
              74.29461,
              31.40593
            ],
            [
              74.29445,
              31.40598
            ],
            [
              74.29382,
              31.40625
            ],
            [
              74.29373,
              31.4063
            ],
            [
              74.2932,
              31.40652
            ],
            [
              74.29316,
              31.40653
            ],
            [
              74.2927,
              31.40654
            ],
            [
              74.29255,
              31.40655
            ],
            [
              74.29191,
              31.40658
            ],
            [
              74.29172,
              31.40657
            ],
            [
              74.29134,
              31.40669
            ],
            [
              74.29127,
              31.40649
            ],
            [
              74.29123,
              31.4064
            ],
            [
              74.29107,
              31.40591
            ],
            [
              74.29065,
              31.40494
            ],
            [
              74.2904,
              31.40445
            ],
            [
              74.28995,
              31.40368
            ],
            [
              74.28983,
              31.40373
            ],
            [
              74.2892,
              31.40393
            ],
            [
              74.28885,
              31.40402
            ],
            [
              74.28857,
              31.40413
            ],
            [
              74.28794,
              31.40433
            ],
            [
              74.28789,
              31.40434
            ],
            [
              74.28779,
              31.40438
            ],
            [
              74.28736,
              31.40457
            ],
            [
              74.28731,
              31.4046
            ],
            [
              74.28687,
              31.40481
            ],
            [
              74.28668,
              31.40482
            ],
            [
              74.28604,
              31.40485
            ],
            [
              74.2854,
              31.40489
            ],
            [
              74.28476,
              31.40494
            ],
            [
              74.28413,
              31.40509
            ],
            [
              74.28349,
              31.40523
            ],
            [
              74.28286,
              31.40539
            ],
            [
              74.28223,
              31.40557
            ],
            [
              74.28166,
              31.40572
            ],
            [
              74.2816,
              31.40573
            ],
            [
              74.28107,
              31.40582
            ],
            [
              74.28096,
              31.40585
            ],
            [
              74.28033,
              31.40599
            ],
            [
              74.27969,
              31.40617
            ],
            [
              74.27906,
              31.40636
            ],
            [
              74.27892,
              31.40641
            ],
            [
              74.27876,
              31.40641
            ],
            [
              74.27843,
              31.40661
            ],
            [
              74.27814,
              31.40678
            ],
            [
              74.2778,
              31.4068
            ],
            [
              74.27777,
              31.4068
            ],
            [
              74.27754,
              31.40685
            ],
            [
              74.27738,
              31.40647
            ],
            [
              74.2773,
              31.40609
            ],
            [
              74.27726,
              31.40598
            ],
            [
              74.27714,
              31.40576
            ],
            [
              74.2771,
              31.40563
            ],
            [
              74.27646,
              31.40567
            ],
            [
              74.27611,
              31.4057
            ],
            [
              74.27581,
              31.40562
            ],
            [
              74.27556,
              31.40557
            ],
            [
              74.27538,
              31.40545
            ],
            [
              74.27537,
              31.40524
            ],
            [
              74.27515,
              31.40525
            ],
            [
              74.27509,
              31.40526
            ],
            [
              74.27456,
              31.40537
            ],
            [
              74.27451,
              31.40537
            ],
            [
              74.27394,
              31.40549
            ],
            [
              74.27388,
              31.40558
            ],
            [
              74.27384,
              31.40562
            ],
            [
              74.27373,
              31.40585
            ],
            [
              74.27368,
              31.40591
            ],
            [
              74.27347,
              31.40587
            ],
            [
              74.27326,
              31.40584
            ],
            [
              74.2729,
              31.40578
            ],
            [
              74.27261,
              31.4058
            ],
            [
              74.27232,
              31.40583
            ],
            [
              74.27203,
              31.4057
            ],
            [
              74.27196,
              31.40567
            ],
            [
              74.27189,
              31.40563
            ],
            [
              74.27132,
              31.40573
            ],
            [
              74.27083,
              31.40592
            ],
            [
              74.27069,
              31.40596
            ],
            [
              74.27006,
              31.40613
            ],
            [
              74.26943,
              31.4063
            ],
            [
              74.26888,
              31.40648
            ],
            [
              74.2688,
              31.40653
            ],
            [
              74.26849,
              31.40675
            ],
            [
              74.26827,
              31.40676
            ],
            [
              74.26818,
              31.40684
            ],
            [
              74.26809,
              31.40694
            ],
            [
              74.26782,
              31.407
            ],
            [
              74.26762,
              31.40704
            ],
            [
              74.26755,
              31.40706
            ],
            [
              74.26721,
              31.40715
            ],
            [
              74.26691,
              31.40723
            ],
            [
              74.26628,
              31.40742
            ],
            [
              74.26565,
              31.40762
            ],
            [
              74.26528,
              31.40775
            ],
            [
              74.26522,
              31.40768
            ],
            [
              74.26502,
              31.40788
            ]
          ],
          [
            [
              74.2642,
              31.40453
            ],
            [
              74.26479,
              31.4045
            ],
            [
              74.26484,
              31.4045
            ],
            [
              74.26548,
              31.40448
            ],
            [
              74.26612,
              31.40445
            ],
            [
              74.26676,
              31.40442
            ],
            [
              74.26708,
              31.40441
            ],
            [
              74.2674,
              31.4044
            ],
            [
              74.26804,
              31.40437
            ],
            [
              74.26801,
              31.40388
            ],
            [
              74.26798,
              31.40338
            ],
            [
              74.26796,
              31.40289
            ],
            [
              74.26793,
              31.40239
            ],
            [
              74.2679,
              31.4019
            ],
            [
              74.26787,
              31.40141
            ],
            [
              74.26851,
              31.40138
            ],
            [
              74.26849,
              31.40089
            ],
            [
              74.26846,
              31.40039
            ],
            [
              74.26843,
              31.3999
            ],
            [
              74.26779,
              31.39992
            ],
            [
              74.26776,
              31.39943
            ],
            [
              74.26775,
              31.39918
            ],
            [
              74.26774,
              31.39893
            ],
            [
              74.2671,
              31.39896
            ],
            [
              74.26646,
              31.39899
            ],
            [
              74.26582,
              31.39901
            ],
            [
              74.26518,
              31.39904
            ],
            [
              74.26453,
              31.39906
            ],
            [
              74.26456,
              31.39956
            ],
            [
              74.26451,
              31.39956
            ],
            [
              74.26392,
              31.39958
            ],
            [
              74.26395,
              31.40008
            ],
            [
              74.26331,
              31.40011
            ],
            [
              74.26334,
              31.4006
            ],
            [
              74.26336,
              31.40109
            ],
            [
              74.26339,
              31.40159
            ],
            [
              74.26342,
              31.40208
            ],
            [
              74.26345,
              31.40258
            ],
            [
              74.26347,
              31.40307
            ],
            [
              74.2635,
              31.40357
            ],
            [
              74.2635,
              31.40359
            ],
            [
              74.26353,
              31.40406
            ],
            [
              74.26417,
              31.40403
            ],
            [
              74.2642,
              31.40453
            ]
          ]
        ]
      }
    },
    {
      "type": "Feature",
      "properties": {
        "mauza": "Kot Nabi Bakhsh Wala",
        "mauza_urdu": null,
        "hb_no": null,
        "tehsil": "Nishter",
        "district": "Lahore",
        "source_object_id": 754092
      },
      "geometry": {
        "type": "Polygon",
        "coordinates": [
          [
            [
              74.39393,
              31.29435
            ],
            [
              74.39333,
              31.2944
            ],
            [
              74.39332,
              31.2944
            ],
            [
              74.39268,
              31.29443
            ],
            [
              74.39204,
              31.29449
            ],
            [
              74.39126,
              31.29453
            ],
            [
              74.39126,
              31.29453
            ],
            [
              74.39131,
              31.29417
            ],
            [
              74.39177,
              31.2938
            ],
            [
              74.3918,
              31.29378
            ],
            [
              74.39186,
              31.29366
            ],
            [
              74.39201,
              31.29336
            ],
            [
              74.39211,
              31.29316
            ],
            [
              74.39236,
              31.29266
            ],
            [
              74.39258,
              31.29216
            ],
            [
              74.39273,
              31.29167
            ],
            [
              74.39288,
              31.29119
            ],
            [
              74.39289,
              31.29117
            ],
            [
              74.39316,
              31.29067
            ],
            [
              74.39341,
              31.29017
            ],
            [
              74.39342,
              31.2901
            ],
            [
              74.39352,
              31.28967
            ],
            [
              74.39355,
              31.28953
            ],
            [
              74.39373,
              31.28917
            ],
            [
              74.39401,
              31.28881
            ],
            [
              74.39409,
              31.28867
            ],
            [
              74.39415,
              31.28817
            ],
            [
              74.39422,
              31.28767
            ],
            [
              74.39422,
              31.28754
            ],
            [
              74.39418,
              31.28743
            ],
            [
              74.39406,
              31.2871
            ],
            [
              74.39404,
              31.28705
            ],
            [
              74.39401,
              31.287
            ],
            [
              74.39399,
              31.28694
            ],
            [
              74.39389,
              31.28669
            ],
            [
              74.39383,
              31.28658
            ],
            [
              74.39376,
              31.2862
            ],
            [
              74.39372,
              31.28602
            ],
            [
              74.3937,
              31.2857
            ],
            [
              74.39365,
              31.28568
            ],
            [
              74.39365,
              31.28568
            ],
            [
              74.39361,
              31.28551
            ],
            [
              74.39359,
              31.28521
            ],
            [
              74.39354,
              31.28495
            ],
            [
              74.39359,
              31.28472
            ],
            [
              74.39366,
              31.28427
            ],
            [
              74.39367,
              31.28422
            ],
            [
              74.39391,
              31.28381
            ],
            [
              74.39401,
              31.28372
            ],
            [
              74.39429,
              31.28349
            ],
            [
              74.39435,
              31.28345
            ],
            [
              74.39464,
              31.28321
            ],
            [
              74.39473,
              31.28314
            ],
            [
              74.39492,
              31.28301
            ],
            [
              74.3952,
              31.28283
            ],
            [
              74.39555,
              31.28269
            ],
            [
              74.39574,
              31.28261
            ],
            [
              74.39606,
              31.28241
            ],
            [
              74.39618,
              31.28237
            ],
            [
              74.39654,
              31.28222
            ],
            [
              74.39681,
              31.28193
            ],
            [
              74.39695,
              31.28181
            ],
            [
              74.39709,
              31.28167
            ],
            [
              74.39728,
              31.28152
            ],
            [
              74.39744,
              31.28143
            ],
            [
              74.3975,
              31.28139
            ],
            [
              74.39771,
              31.28127
            ],
            [
              74.39789,
              31.28116
            ],
            [
              74.39807,
              31.28106
            ],
            [
              74.39846,
              31.28083
            ],
            [
              74.3987,
              31.28072
            ],
            [
              74.39884,
              31.28065
            ],
            [
              74.39901,
              31.28057
            ],
            [
              74.39933,
              31.28044
            ],
            [
              74.39942,
              31.28039
            ],
            [
              74.39972,
              31.28018
            ],
            [
              74.39981,
              31.28013
            ],
            [
              74.39996,
              31.28006
            ],
            [
              74.40059,
              31.27966
            ],
            [
              74.40064,
              31.27963
            ],
            [
              74.40067,
              31.27962
            ],
            [
              74.40122,
              31.2793
            ],
            [
              74.40154,
              31.2791
            ],
            [
              74.40185,
              31.27895
            ],
            [
              74.4021,
              31.27879
            ],
            [
              74.40248,
              31.27863
            ],
            [
              74.4025,
              31.27862
            ],
            [
              74.40256,
              31.27859
            ],
            [
              74.40277,
              31.27848
            ],
            [
              74.40312,
              31.27834
            ],
            [
              74.40339,
              31.27818
            ],
            [
              74.40375,
              31.27814
            ],
            [
              74.40394,
              31.27811
            ],
            [
              74.40449,
              31.27795
            ],
            [
              74.40465,
              31.27755
            ],
            [
              74.40486,
              31.27705
            ],
            [
              74.40491,
              31.27695
            ],
            [
              74.40498,
              31.27686
            ],
            [
              74.40488,
              31.27659
            ],
            [
              74.40484,
              31.27656
            ],
            [
              74.4047,
              31.27619
            ],
            [
              74.40462,
              31.27607
            ],
            [
              74.40459,
              31.27603
            ],
            [
              74.40449,
              31.27581
            ],
            [
              74.40449,
              31.27558
            ],
            [
              74.40451,
              31.27508
            ],
            [
              74.40454,
              31.27487
            ],
            [
              74.40453,
              31.27459
            ],
            [
              74.40448,
              31.27409
            ],
            [
              74.4049,
              31.27359
            ],
            [
              74.40499,
              31.27348
            ],
            [
              74.40533,
              31.27306
            ],
            [
              74.40553,
              31.27301
            ],
            [
              74.40604,
              31.27282
            ],
            [
              74.40616,
              31.27278
            ],
            [
              74.40657,
              31.27266
            ],
            [
              74.40702,
              31.27294
            ],
            [
              74.40717,
              31.27303
            ],
            [
              74.40718,
              31.27304
            ],
            [
              74.40728,
              31.27319
            ],
            [
              74.40746,
              31.27325
            ],
            [
              74.40766,
              31.27353
            ],
            [
              74.40799,
              31.27402
            ],
            [
              74.40812,
              31.2741
            ],
            [
              74.40848,
              31.27431
            ],
            [
              74.40871,
              31.2745
            ],
            [
              74.40877,
              31.27457
            ],
            [
              74.40934,
              31.27488
            ],
            [
              74.40942,
              31.27491
            ],
            [
              74.40951,
              31.27497
            ],
            [
              74.41013,
              31.27517
            ],
            [
              74.41016,
              31.27517
            ],
            [
              74.41008,
              31.27546
            ],
            [
              74.40992,
              31.27596
            ],
            [
              74.40964,
              31.27646
            ],
            [
              74.40948,
              31.27686
            ],
            [
              74.40945,
              31.27696
            ],
            [
              74.40898,
              31.27796
            ],
            [
              74.40888,
              31.27821
            ],
            [
              74.40877,
              31.27846
            ],
            [
              74.40855,
              31.27896
            ],
            [
              74.40834,
              31.27946
            ],
            [
              74.40827,
              31.27957
            ],
            [
              74.40811,
              31.27996
            ],
            [
              74.40811,
              31.28
            ],
            [
              74.40788,
              31.28046
            ],
            [
              74.40767,
              31.28093
            ],
            [
              74.40766,
              31.28096
            ],
            [
              74.40745,
              31.28146
            ],
            [
              74.40724,
              31.28196
            ],
            [
              74.40701,
              31.28247
            ],
            [
              74.4068,
              31.28296
            ],
            [
              74.40661,
              31.28345
            ],
            [
              74.40647,
              31.28376
            ],
            [
              74.4064,
              31.28395
            ],
            [
              74.4062,
              31.2844
            ],
            [
              74.40617,
              31.28445
            ],
            [
              74.40596,
              31.28495
            ],
            [
              74.40596,
              31.28501
            ],
            [
              74.40587,
              31.2852
            ],
            [
              74.40575,
              31.28545
            ],
            [
              74.40556,
              31.28595
            ],
            [
              74.40535,
              31.28645
            ],
            [
              74.40527,
              31.28669
            ],
            [
              74.40515,
              31.28695
            ],
            [
              74.40494,
              31.28745
            ],
            [
              74.4048,
              31.28792
            ],
            [
              74.4048,
              31.28795
            ],
            [
              74.40475,
              31.28804
            ],
            [
              74.40473,
              31.28809
            ],
            [
              74.40454,
              31.28845
            ],
            [
              74.40441,
              31.28878
            ],
            [
              74.40434,
              31.28895
            ],
            [
              74.40419,
              31.28925
            ],
            [
              74.40412,
              31.28945
            ],
            [
              74.40407,
              31.28953
            ],
            [
              74.40404,
              31.28957
            ],
            [
              74.404,
              31.28968
            ],
            [
              74.40389,
              31.28995
            ],
            [
              74.40375,
              31.2902
            ],
            [
              74.40365,
              31.29045
            ],
            [
              74.40342,
              31.29095
            ],
            [
              74.40341,
              31.291
            ],
            [
              74.40332,
              31.2912
            ],
            [
              74.40323,
              31.29145
            ],
            [
              74.4032,
              31.2915
            ],
            [
              74.4032,
              31.2915
            ],
            [
              74.4032,
              31.2915
            ],
            [
              74.40304,
              31.29195
            ],
            [
              74.40294,
              31.29211
            ],
            [
              74.40293,
              31.29216
            ],
            [
              74.40293,
              31.2922
            ],
            [
              74.40283,
              31.29245
            ],
            [
              74.40272,
              31.2927
            ],
            [
              74.40261,
              31.29295
            ],
            [
              74.40254,
              31.29317
            ],
            [
              74.40253,
              31.2932
            ],
            [
              74.40242,
              31.29345
            ],
            [
              74.40235,
              31.29376
            ],
            [
              74.40163,
              31.29381
            ],
            [
              74.40099,
              31.29383
            ],
            [
              74.40052,
              31.29391
            ],
            [
              74.40035,
              31.29393
            ],
            [
              74.40003,
              31.29393
            ],
            [
              74.39971,
              31.29394
            ],
            [
              74.39907,
              31.29405
            ],
            [
              74.39863,
              31.29406
            ],
            [
              74.39843,
              31.29406
            ],
            [
              74.39781,
              31.29415
            ],
            [
              74.3978,
              31.29416
            ],
            [
              74.39716,
              31.29421
            ],
            [
              74.39652,
              31.29428
            ],
            [
              74.39623,
              31.29433
            ],
            [
              74.3962,
              31.29433
            ],
            [
              74.39588,
              31.29431
            ],
            [
              74.39524,
              31.29432
            ],
            [
              74.3946,
              31.29435
            ],
            [
              74.39449,
              31.29435
            ],
            [
              74.39396,
              31.29435
            ],
            [
              74.39393,
              31.29435
            ]
          ]
        ]
      }
    },
    {
      "type": "Feature",
      "properties": {
        "mauza": "Kot Paras Ram",
        "mauza_urdu": null,
        "hb_no": null,
        "tehsil": "Nishter",
        "district": "Lahore",
        "source_object_id": 754093
      },
      "geometry": {
        "type": "Polygon",
        "coordinates": [
          [
            [
              74.39588,
              31.30394
            ],
            [
              74.3954,
              31.30413
            ],
            [
              74.39501,
              31.30426
            ],
            [
              74.39471,
              31.30437
            ],
            [
              74.39406,
              31.30461
            ],
            [
              74.39403,
              31.30462
            ],
            [
              74.39366,
              31.30482
            ],
            [
              74.39338,
              31.30499
            ],
            [
              74.39329,
              31.30503
            ],
            [
              74.39293,
              31.3053
            ],
            [
              74.39281,
              31.30538
            ],
            [
              74.3927,
              31.30546
            ],
            [
              74.39263,
              31.3055
            ],
            [
              74.39259,
              31.30553
            ],
            [
              74.39207,
              31.30589
            ],
            [
              74.39196,
              31.30598
            ],
            [
              74.39163,
              31.30634
            ],
            [
              74.39139,
              31.30661
            ],
            [
              74.39111,
              31.30628
            ],
            [
              74.39066,
              31.30573
            ],
            [
              74.39063,
              31.30569
            ],
            [
              74.39073,
              31.30523
            ],
            [
              74.39076,
              31.30514
            ],
            [
              74.39081,
              31.30491
            ],
            [
              74.39083,
              31.30481
            ],
            [
              74.39084,
              31.30475
            ],
            [
              74.39085,
              31.30472
            ],
            [
              74.39061,
              31.30427
            ],
            [
              74.39058,
              31.30422
            ],
            [
              74.39041,
              31.30386
            ],
            [
              74.39028,
              31.30378
            ],
            [
              74.38968,
              31.30346
            ],
            [
              74.38926,
              31.30325
            ],
            [
              74.38908,
              31.3032
            ],
            [
              74.38893,
              31.30318
            ],
            [
              74.38857,
              31.30328
            ],
            [
              74.38841,
              31.30332
            ],
            [
              74.38809,
              31.30339
            ],
            [
              74.3878,
              31.3029
            ],
            [
              74.38746,
              31.30237
            ],
            [
              74.3874,
              31.30221
            ],
            [
              74.38739,
              31.30186
            ],
            [
              74.38752,
              31.30137
            ],
            [
              74.38755,
              31.3012
            ],
            [
              74.3878,
              31.30091
            ],
            [
              74.38782,
              31.30088
            ],
            [
              74.38798,
              31.30072
            ],
            [
              74.38819,
              31.30045
            ],
            [
              74.38865,
              31.3
            ],
            [
              74.38886,
              31.29973
            ],
            [
              74.38899,
              31.2996
            ],
            [
              74.38904,
              31.29955
            ],
            [
              74.38952,
              31.29895
            ],
            [
              74.38973,
              31.29898
            ],
            [
              74.38999,
              31.29899
            ],
            [
              74.39037,
              31.29902
            ],
            [
              74.39099,
              31.29906
            ],
            [
              74.39101,
              31.29907
            ],
            [
              74.39104,
              31.29907
            ],
            [
              74.39165,
              31.2991
            ],
            [
              74.39197,
              31.29911
            ],
            [
              74.39229,
              31.29911
            ],
            [
              74.39294,
              31.29913
            ],
            [
              74.39343,
              31.29916
            ],
            [
              74.39358,
              31.29916
            ],
            [
              74.39422,
              31.29918
            ],
            [
              74.39443,
              31.29918
            ],
            [
              74.39454,
              31.29918
            ],
            [
              74.39487,
              31.29917
            ],
            [
              74.39552,
              31.29912
            ],
            [
              74.39617,
              31.2991
            ],
            [
              74.39679,
              31.29907
            ],
            [
              74.39682,
              31.29906
            ],
            [
              74.39741,
              31.299
            ],
            [
              74.39746,
              31.299
            ],
            [
              74.39748,
              31.299
            ],
            [
              74.39764,
              31.29899
            ],
            [
              74.39797,
              31.29896
            ],
            [
              74.39813,
              31.29895
            ],
            [
              74.39878,
              31.29892
            ],
            [
              74.39943,
              31.2989
            ],
            [
              74.39987,
              31.29883
            ],
            [
              74.39985,
              31.29928
            ],
            [
              74.39982,
              31.29978
            ],
            [
              74.39979,
              31.30027
            ],
            [
              74.39975,
              31.30077
            ],
            [
              74.39973,
              31.30117
            ],
            [
              74.39972,
              31.30126
            ],
            [
              74.39972,
              31.30133
            ],
            [
              74.3997,
              31.30135
            ],
            [
              74.39928,
              31.30171
            ],
            [
              74.39896,
              31.30199
            ],
            [
              74.39877,
              31.30215
            ],
            [
              74.3987,
              31.30222
            ],
            [
              74.39828,
              31.3026
            ],
            [
              74.39803,
              31.30291
            ],
            [
              74.39793,
              31.30304
            ],
            [
              74.3979,
              31.30305
            ],
            [
              74.39747,
              31.30325
            ],
            [
              74.39733,
              31.30332
            ],
            [
              74.39705,
              31.30346
            ],
            [
              74.39685,
              31.30355
            ],
            [
              74.39677,
              31.30359
            ],
            [
              74.39609,
              31.30385
            ],
            [
              74.39605,
              31.30384
            ],
            [
              74.39588,
              31.30394
            ]
          ]
        ]
      }
    },
    {
      "type": "Feature",
      "properties": {
        "mauza": "Kot Wadhawa Singh",
        "mauza_urdu": null,
        "hb_no": null,
        "tehsil": "Nishter",
        "district": "Lahore",
        "source_object_id": 754094
      },
      "geometry": {
        "type": "Polygon",
        "coordinates": [
          [
            [
              74.42331,
              31.45274
            ],
            [
              74.42318,
              31.45324
            ],
            [
              74.42311,
              31.45356
            ],
            [
              74.42311,
              31.45375
            ],
            [
              74.42309,
              31.45425
            ],
            [
              74.42309,
              31.45462
            ],
            [
              74.42309,
              31.45475
            ],
            [
              74.42313,
              31.45524
            ],
            [
              74.42317,
              31.45548
            ],
            [
              74.42327,
              31.45573
            ],
            [
              74.42346,
              31.45625
            ],
            [
              74.42269,
              31.45645
            ],
            [
              74.42262,
              31.45649
            ],
            [
              74.42159,
              31.4568
            ],
            [
              74.42097,
              31.45698
            ],
            [
              74.42035,
              31.45717
            ],
            [
              74.4202,
              31.45743
            ],
            [
              74.42017,
              31.45746
            ],
            [
              74.42001,
              31.45758
            ],
            [
              74.42001,
              31.45758
            ],
            [
              74.41821,
              31.45617
            ],
            [
              74.41618,
              31.45466
            ],
            [
              74.41615,
              31.45464
            ],
            [
              74.4158,
              31.45439
            ],
            [
              74.41547,
              31.45417
            ],
            [
              74.41516,
              31.45395
            ],
            [
              74.4151,
              31.45391
            ],
            [
              74.41515,
              31.45374
            ],
            [
              74.41516,
              31.4537
            ],
            [
              74.41524,
              31.45345
            ],
            [
              74.41527,
              31.45331
            ],
            [
              74.41539,
              31.45293
            ],
            [
              74.41542,
              31.45281
            ],
            [
              74.41548,
              31.4526
            ],
            [
              74.41551,
              31.45243
            ],
            [
              74.41552,
              31.4524
            ],
            [
              74.41553,
              31.45236
            ],
            [
              74.41559,
              31.45216
            ],
            [
              74.41562,
              31.45204
            ],
            [
              74.41566,
              31.45192
            ],
            [
              74.41572,
              31.45166
            ],
            [
              74.41573,
              31.45158
            ],
            [
              74.4158,
              31.45141
            ],
            [
              74.41592,
              31.45093
            ],
            [
              74.41594,
              31.4509
            ],
            [
              74.41603,
              31.45043
            ],
            [
              74.41602,
              31.45039
            ],
            [
              74.41603,
              31.44989
            ],
            [
              74.41602,
              31.44988
            ],
            [
              74.41595,
              31.4494
            ],
            [
              74.41591,
              31.44921
            ],
            [
              74.41591,
              31.44891
            ],
            [
              74.41589,
              31.44863
            ],
            [
              74.41588,
              31.44841
            ],
            [
              74.41588,
              31.44839
            ],
            [
              74.41587,
              31.44824
            ],
            [
              74.41589,
              31.44812
            ],
            [
              74.41587,
              31.44792
            ],
            [
              74.41581,
              31.44742
            ],
            [
              74.41577,
              31.44693
            ],
            [
              74.41571,
              31.44644
            ],
            [
              74.41565,
              31.44595
            ],
            [
              74.41558,
              31.44552
            ],
            [
              74.41558,
              31.44545
            ],
            [
              74.41539,
              31.44498
            ],
            [
              74.41542,
              31.44497
            ],
            [
              74.41565,
              31.44445
            ],
            [
              74.41566,
              31.44441
            ],
            [
              74.41588,
              31.44394
            ],
            [
              74.41609,
              31.44342
            ],
            [
              74.41632,
              31.4429
            ],
            [
              74.4164,
              31.44271
            ],
            [
              74.41637,
              31.44246
            ],
            [
              74.41636,
              31.4424
            ],
            [
              74.41653,
              31.44214
            ],
            [
              74.41638,
              31.44193
            ],
            [
              74.41658,
              31.44183
            ],
            [
              74.41706,
              31.44153
            ],
            [
              74.41711,
              31.4415
            ],
            [
              74.41714,
              31.44143
            ],
            [
              74.41717,
              31.4414
            ],
            [
              74.41723,
              31.44133
            ],
            [
              74.41744,
              31.44112
            ],
            [
              74.41749,
              31.44081
            ],
            [
              74.4175,
              31.4407
            ],
            [
              74.41832,
              31.44021
            ],
            [
              74.4184,
              31.44017
            ],
            [
              74.41896,
              31.44056
            ],
            [
              74.41901,
              31.44056
            ],
            [
              74.41916,
              31.44061
            ],
            [
              74.41967,
              31.4407
            ],
            [
              74.42016,
              31.44081
            ],
            [
              74.42025,
              31.44081
            ],
            [
              74.42029,
              31.44082
            ],
            [
              74.42033,
              31.44082
            ],
            [
              74.42098,
              31.44089
            ],
            [
              74.42128,
              31.44094
            ],
            [
              74.42131,
              31.44095
            ],
            [
              74.42164,
              31.44105
            ],
            [
              74.42205,
              31.44113
            ],
            [
              74.42232,
              31.44131
            ],
            [
              74.42242,
              31.44127
            ],
            [
              74.42299,
              31.44157
            ],
            [
              74.42346,
              31.44181
            ],
            [
              74.42349,
              31.44193
            ],
            [
              74.42358,
              31.44226
            ],
            [
              74.42375,
              31.44275
            ],
            [
              74.42393,
              31.44323
            ],
            [
              74.42407,
              31.44358
            ],
            [
              74.42414,
              31.44371
            ],
            [
              74.42437,
              31.44418
            ],
            [
              74.42446,
              31.44438
            ],
            [
              74.42462,
              31.44466
            ],
            [
              74.42492,
              31.44513
            ],
            [
              74.42504,
              31.44537
            ],
            [
              74.42483,
              31.44569
            ],
            [
              74.42469,
              31.44588
            ],
            [
              74.42478,
              31.44593
            ],
            [
              74.42464,
              31.44615
            ],
            [
              74.42454,
              31.44628
            ],
            [
              74.42468,
              31.44664
            ],
            [
              74.4248,
              31.44706
            ],
            [
              74.4248,
              31.44712
            ],
            [
              74.42479,
              31.44713
            ],
            [
              74.42474,
              31.44763
            ],
            [
              74.42455,
              31.44794
            ],
            [
              74.42453,
              31.44798
            ],
            [
              74.42428,
              31.44817
            ],
            [
              74.42372,
              31.44872
            ],
            [
              74.42354,
              31.44888
            ],
            [
              74.42325,
              31.44911
            ],
            [
              74.42303,
              31.44928
            ],
            [
              74.42262,
              31.44959
            ],
            [
              74.42215,
              31.44985
            ],
            [
              74.42209,
              31.44991
            ],
            [
              74.42206,
              31.44992
            ],
            [
              74.42186,
              31.45005
            ],
            [
              74.42152,
              31.45041
            ],
            [
              74.42131,
              31.45061
            ],
            [
              74.42114,
              31.45091
            ],
            [
              74.4211,
              31.45101
            ],
            [
              74.42106,
              31.45112
            ],
            [
              74.42092,
              31.45162
            ],
            [
              74.42096,
              31.45169
            ],
            [
              74.42192,
              31.45189
            ],
            [
              74.4223,
              31.45195
            ],
            [
              74.42266,
              31.45202
            ],
            [
              74.4227,
              31.45204
            ],
            [
              74.42316,
              31.452
            ],
            [
              74.4232,
              31.452
            ],
            [
              74.42331,
              31.45274
            ]
          ]
        ]
      }
    },
    {
      "type": "Feature",
      "properties": {
        "mauza": "Ladheke Bhullar",
        "mauza_urdu": null,
        "hb_no": null,
        "tehsil": "Nishter",
        "district": "Lahore",
        "source_object_id": 754095
      },
      "geometry": {
        "type": "Polygon",
        "coordinates": [
          [
            [
              74.38965,
              31.31256
            ],
            [
              74.38956,
              31.31278
            ],
            [
              74.38955,
              31.31306
            ],
            [
              74.38954,
              31.31341
            ],
            [
              74.38867,
              31.31308
            ],
            [
              74.38833,
              31.31295
            ],
            [
              74.38802,
              31.31279
            ],
            [
              74.3874,
              31.31239
            ],
            [
              74.38737,
              31.31239
            ],
            [
              74.38671,
              31.31202
            ],
            [
              74.38658,
              31.31195
            ],
            [
              74.38616,
              31.31165
            ],
            [
              74.3859,
              31.31144
            ],
            [
              74.38558,
              31.31116
            ],
            [
              74.38512,
              31.31068
            ],
            [
              74.38496,
              31.3105
            ],
            [
              74.38478,
              31.31019
            ],
            [
              74.3845,
              31.3097
            ],
            [
              74.3844,
              31.3095
            ],
            [
              74.38423,
              31.30921
            ],
            [
              74.38416,
              31.30912
            ],
            [
              74.38371,
              31.30855
            ],
            [
              74.3836,
              31.30824
            ],
            [
              74.38332,
              31.30778
            ],
            [
              74.38332,
              31.30775
            ],
            [
              74.38316,
              31.30737
            ],
            [
              74.38273,
              31.30729
            ],
            [
              74.38248,
              31.30724
            ],
            [
              74.38223,
              31.30717
            ],
            [
              74.38208,
              31.30713
            ],
            [
              74.38144,
              31.30701
            ],
            [
              74.38126,
              31.30698
            ],
            [
              74.38079,
              31.30685
            ],
            [
              74.38013,
              31.30677
            ],
            [
              74.37951,
              31.30687
            ],
            [
              74.37918,
              31.30694
            ],
            [
              74.37878,
              31.30654
            ],
            [
              74.3786,
              31.30637
            ],
            [
              74.37807,
              31.30588
            ],
            [
              74.37792,
              31.30574
            ],
            [
              74.37763,
              31.3054
            ],
            [
              74.37754,
              31.30529
            ],
            [
              74.37702,
              31.30481
            ],
            [
              74.37664,
              31.30449
            ],
            [
              74.37653,
              31.30439
            ],
            [
              74.37626,
              31.30404
            ],
            [
              74.37622,
              31.30398
            ],
            [
              74.37574,
              31.30346
            ],
            [
              74.37536,
              31.30317
            ],
            [
              74.37532,
              31.30313
            ],
            [
              74.3749,
              31.30279
            ],
            [
              74.3747,
              31.30265
            ],
            [
              74.37376,
              31.30301
            ],
            [
              74.37312,
              31.30279
            ],
            [
              74.37298,
              31.30275
            ],
            [
              74.37233,
              31.30256
            ],
            [
              74.37204,
              31.3025
            ],
            [
              74.37169,
              31.30245
            ],
            [
              74.37133,
              31.30244
            ],
            [
              74.37105,
              31.30242
            ],
            [
              74.3707,
              31.30244
            ],
            [
              74.37041,
              31.30248
            ],
            [
              74.36978,
              31.30257
            ],
            [
              74.36977,
              31.30255
            ],
            [
              74.36939,
              31.30262
            ],
            [
              74.3691,
              31.30274
            ],
            [
              74.36874,
              31.30291
            ],
            [
              74.36786,
              31.30294
            ],
            [
              74.36737,
              31.30303
            ],
            [
              74.36732,
              31.30315
            ],
            [
              74.36718,
              31.30374
            ],
            [
              74.36684,
              31.30355
            ],
            [
              74.36671,
              31.30316
            ],
            [
              74.36652,
              31.30267
            ],
            [
              74.36634,
              31.30218
            ],
            [
              74.36631,
              31.30209
            ],
            [
              74.3663,
              31.30201
            ],
            [
              74.36604,
              31.30183
            ],
            [
              74.36561,
              31.30179
            ],
            [
              74.36554,
              31.30191
            ],
            [
              74.36542,
              31.3021
            ],
            [
              74.36542,
              31.3022
            ],
            [
              74.36541,
              31.3026
            ],
            [
              74.36503,
              31.3027
            ],
            [
              74.36483,
              31.30277
            ],
            [
              74.36476,
              31.30321
            ],
            [
              74.36476,
              31.3037
            ],
            [
              74.36473,
              31.30386
            ],
            [
              74.36468,
              31.30387
            ],
            [
              74.36412,
              31.30403
            ],
            [
              74.36413,
              31.30371
            ],
            [
              74.36413,
              31.30362
            ],
            [
              74.36407,
              31.30363
            ],
            [
              74.36403,
              31.30363
            ],
            [
              74.3633,
              31.3034
            ],
            [
              74.36332,
              31.30324
            ],
            [
              74.36335,
              31.30274
            ],
            [
              74.36338,
              31.30225
            ],
            [
              74.36342,
              31.30178
            ],
            [
              74.36342,
              31.30175
            ],
            [
              74.36342,
              31.30158
            ],
            [
              74.36333,
              31.30161
            ],
            [
              74.36269,
              31.3017
            ],
            [
              74.36265,
              31.30171
            ],
            [
              74.36189,
              31.30116
            ],
            [
              74.36173,
              31.30116
            ],
            [
              74.3614,
              31.30118
            ],
            [
              74.36079,
              31.3012
            ],
            [
              74.36076,
              31.3012
            ],
            [
              74.36012,
              31.30123
            ],
            [
              74.35983,
              31.30125
            ],
            [
              74.35948,
              31.3012
            ],
            [
              74.35883,
              31.30111
            ],
            [
              74.35867,
              31.30109
            ],
            [
              74.35809,
              31.30099
            ],
            [
              74.35806,
              31.30096
            ],
            [
              74.35787,
              31.30092
            ],
            [
              74.35784,
              31.30015
            ],
            [
              74.35779,
              31.29985
            ],
            [
              74.3578,
              31.29948
            ],
            [
              74.35787,
              31.2989
            ],
            [
              74.35792,
              31.2984
            ],
            [
              74.35796,
              31.29767
            ],
            [
              74.35828,
              31.29751
            ],
            [
              74.35864,
              31.2974
            ],
            [
              74.35872,
              31.29735
            ],
            [
              74.35935,
              31.29698
            ],
            [
              74.35944,
              31.29692
            ],
            [
              74.35999,
              31.2968
            ],
            [
              74.3605,
              31.29668
            ],
            [
              74.36062,
              31.29668
            ],
            [
              74.36126,
              31.29658
            ],
            [
              74.36131,
              31.29658
            ],
            [
              74.3619,
              31.29649
            ],
            [
              74.36211,
              31.29643
            ],
            [
              74.36254,
              31.29645
            ],
            [
              74.3627,
              31.29638
            ],
            [
              74.36318,
              31.29649
            ],
            [
              74.36362,
              31.29648
            ],
            [
              74.36382,
              31.29657
            ],
            [
              74.364,
              31.29663
            ],
            [
              74.36446,
              31.2965
            ],
            [
              74.36466,
              31.29633
            ],
            [
              74.36465,
              31.29628
            ],
            [
              74.36479,
              31.29578
            ],
            [
              74.36482,
              31.29567
            ],
            [
              74.36523,
              31.29527
            ],
            [
              74.36532,
              31.2951
            ],
            [
              74.36569,
              31.29477
            ],
            [
              74.36608,
              31.29435
            ],
            [
              74.36611,
              31.29426
            ],
            [
              74.36616,
              31.29423
            ],
            [
              74.36627,
              31.294
            ],
            [
              74.36635,
              31.294
            ],
            [
              74.36663,
              31.2939
            ],
            [
              74.36694,
              31.29379
            ],
            [
              74.36722,
              31.29367
            ],
            [
              74.36698,
              31.29325
            ],
            [
              74.36672,
              31.29276
            ],
            [
              74.36654,
              31.29246
            ],
            [
              74.36664,
              31.29227
            ],
            [
              74.3668,
              31.29177
            ],
            [
              74.36685,
              31.29173
            ],
            [
              74.36688,
              31.29171
            ],
            [
              74.36752,
              31.29151
            ],
            [
              74.36815,
              31.29132
            ],
            [
              74.36827,
              31.29131
            ],
            [
              74.36859,
              31.29106
            ],
            [
              74.36894,
              31.29089
            ],
            [
              74.36914,
              31.29071
            ],
            [
              74.36941,
              31.29048
            ],
            [
              74.36972,
              31.29022
            ],
            [
              74.37004,
              31.29006
            ],
            [
              74.37025,
              31.28994
            ],
            [
              74.37067,
              31.28971
            ],
            [
              74.37087,
              31.2896
            ],
            [
              74.3713,
              31.2894
            ],
            [
              74.37152,
              31.28929
            ],
            [
              74.37171,
              31.28929
            ],
            [
              74.37193,
              31.2892
            ],
            [
              74.3724,
              31.28898
            ],
            [
              74.37256,
              31.28891
            ],
            [
              74.37319,
              31.28843
            ],
            [
              74.3733,
              31.28837
            ],
            [
              74.37348,
              31.28824
            ],
            [
              74.37382,
              31.28793
            ],
            [
              74.37386,
              31.28787
            ],
            [
              74.37407,
              31.28774
            ],
            [
              74.37432,
              31.28773
            ],
            [
              74.37445,
              31.28781
            ],
            [
              74.37449,
              31.28783
            ],
            [
              74.3746,
              31.28785
            ],
            [
              74.37478,
              31.28792
            ],
            [
              74.3751,
              31.28808
            ],
            [
              74.37515,
              31.28808
            ],
            [
              74.3754,
              31.2882
            ],
            [
              74.37542,
              31.28861
            ],
            [
              74.37545,
              31.28908
            ],
            [
              74.37577,
              31.28903
            ],
            [
              74.3759,
              31.28901
            ],
            [
              74.37641,
              31.28893
            ],
            [
              74.37675,
              31.28882
            ],
            [
              74.37704,
              31.28877
            ],
            [
              74.37768,
              31.28852
            ],
            [
              74.37757,
              31.28807
            ],
            [
              74.37744,
              31.28758
            ],
            [
              74.37736,
              31.28708
            ],
            [
              74.37733,
              31.287
            ],
            [
              74.37727,
              31.28659
            ],
            [
              74.3773,
              31.28651
            ],
            [
              74.37738,
              31.28609
            ],
            [
              74.37746,
              31.28571
            ],
            [
              74.37746,
              31.28559
            ],
            [
              74.37753,
              31.2851
            ],
            [
              74.37759,
              31.28493
            ],
            [
              74.3777,
              31.2846
            ],
            [
              74.37795,
              31.28414
            ],
            [
              74.37795,
              31.2841
            ],
            [
              74.37776,
              31.28361
            ],
            [
              74.37766,
              31.28334
            ],
            [
              74.37817,
              31.2836
            ],
            [
              74.37871,
              31.28389
            ],
            [
              74.37882,
              31.28394
            ],
            [
              74.37915,
              31.28407
            ],
            [
              74.37947,
              31.2842
            ],
            [
              74.38012,
              31.28455
            ],
            [
              74.38111,
              31.28502
            ],
            [
              74.38153,
              31.2854
            ],
            [
              74.38163,
              31.28547
            ],
            [
              74.38169,
              31.2855
            ],
            [
              74.3818,
              31.28561
            ],
            [
              74.38208,
              31.28563
            ],
            [
              74.38272,
              31.28566
            ],
            [
              74.38293,
              31.28564
            ],
            [
              74.38336,
              31.28564
            ],
            [
              74.38387,
              31.28562
            ],
            [
              74.384,
              31.28562
            ],
            [
              74.38464,
              31.28561
            ],
            [
              74.38494,
              31.28558
            ],
            [
              74.38528,
              31.28563
            ],
            [
              74.38592,
              31.28564
            ],
            [
              74.38653,
              31.28567
            ],
            [
              74.38656,
              31.28567
            ],
            [
              74.38674,
              31.28569
            ],
            [
              74.38686,
              31.28569
            ],
            [
              74.38721,
              31.28592
            ],
            [
              74.38754,
              31.28611
            ],
            [
              74.38761,
              31.28619
            ],
            [
              74.38775,
              31.28636
            ],
            [
              74.38812,
              31.28676
            ],
            [
              74.38816,
              31.28678
            ],
            [
              74.38852,
              31.28684
            ],
            [
              74.38899,
              31.28696
            ],
            [
              74.38917,
              31.28714
            ],
            [
              74.38972,
              31.2878
            ],
            [
              74.38983,
              31.28793
            ],
            [
              74.39009,
              31.28823
            ],
            [
              74.39016,
              31.28828
            ],
            [
              74.39028,
              31.28841
            ],
            [
              74.39074,
              31.2887
            ],
            [
              74.39082,
              31.28877
            ],
            [
              74.39115,
              31.28925
            ],
            [
              74.39139,
              31.28953
            ],
            [
              74.39181,
              31.28973
            ],
            [
              74.39232,
              31.28997
            ],
            [
              74.39246,
              31.28999
            ],
            [
              74.39334,
              31.29013
            ],
            [
              74.39331,
              31.2902
            ],
            [
              74.39307,
              31.2907
            ],
            [
              74.39292,
              31.29095
            ],
            [
              74.39281,
              31.2912
            ],
            [
              74.39263,
              31.29161
            ],
            [
              74.39264,
              31.2917
            ],
            [
              74.39249,
              31.29219
            ],
            [
              74.3924,
              31.29259
            ],
            [
              74.39234,
              31.29257
            ],
            [
              74.39225,
              31.29269
            ],
            [
              74.39205,
              31.29315
            ],
            [
              74.39204,
              31.29319
            ],
            [
              74.39192,
              31.29355
            ],
            [
              74.39186,
              31.29369
            ],
            [
              74.39163,
              31.29401
            ],
            [
              74.3913,
              31.29416
            ],
            [
              74.39124,
              31.2942
            ],
            [
              74.39095,
              31.29453
            ],
            [
              74.39087,
              31.29471
            ],
            [
              74.3906,
              31.29521
            ],
            [
              74.39042,
              31.29545
            ],
            [
              74.39036,
              31.29571
            ],
            [
              74.39016,
              31.29621
            ],
            [
              74.39008,
              31.29621
            ],
            [
              74.39009,
              31.29648
            ],
            [
              74.39003,
              31.29649
            ],
            [
              74.39003,
              31.29671
            ],
            [
              74.39008,
              31.2972
            ],
            [
              74.39,
              31.2975
            ],
            [
              74.38998,
              31.2977
            ],
            [
              74.39,
              31.29805
            ],
            [
              74.3899,
              31.29819
            ],
            [
              74.38981,
              31.29834
            ],
            [
              74.38974,
              31.29869
            ],
            [
              74.38968,
              31.29899
            ],
            [
              74.38939,
              31.2992
            ],
            [
              74.3889,
              31.29958
            ],
            [
              74.38873,
              31.29971
            ],
            [
              74.38789,
              31.30055
            ],
            [
              74.38774,
              31.30072
            ],
            [
              74.38772,
              31.30075
            ],
            [
              74.38751,
              31.30107
            ],
            [
              74.3875,
              31.30111
            ],
            [
              74.38741,
              31.30122
            ],
            [
              74.38725,
              31.30172
            ],
            [
              74.38716,
              31.30194
            ],
            [
              74.38732,
              31.30221
            ],
            [
              74.38757,
              31.3027
            ],
            [
              74.38772,
              31.303
            ],
            [
              74.38778,
              31.3031
            ],
            [
              74.38814,
              31.30308
            ],
            [
              74.38826,
              31.30307
            ],
            [
              74.38866,
              31.30305
            ],
            [
              74.38896,
              31.30319
            ],
            [
              74.38901,
              31.30321
            ],
            [
              74.38943,
              31.30341
            ],
            [
              74.39017,
              31.30375
            ],
            [
              74.39043,
              31.30412
            ],
            [
              74.39064,
              31.3046
            ],
            [
              74.39064,
              31.3047
            ],
            [
              74.39065,
              31.30488
            ],
            [
              74.39069,
              31.30511
            ],
            [
              74.39066,
              31.30557
            ],
            [
              74.39069,
              31.3056
            ],
            [
              74.39109,
              31.30609
            ],
            [
              74.3914,
              31.30658
            ],
            [
              74.39145,
              31.30707
            ],
            [
              74.39145,
              31.30717
            ],
            [
              74.39106,
              31.30734
            ],
            [
              74.39087,
              31.30741
            ],
            [
              74.39065,
              31.3075
            ],
            [
              74.39042,
              31.30759
            ],
            [
              74.3898,
              31.30803
            ],
            [
              74.38967,
              31.3081
            ],
            [
              74.38956,
              31.3082
            ],
            [
              74.38951,
              31.3086
            ],
            [
              74.38945,
              31.30868
            ],
            [
              74.38964,
              31.30909
            ],
            [
              74.38975,
              31.30959
            ],
            [
              74.38985,
              31.30982
            ],
            [
              74.38984,
              31.31008
            ],
            [
              74.38981,
              31.31058
            ],
            [
              74.38982,
              31.31074
            ],
            [
              74.38981,
              31.31104
            ],
            [
              74.38981,
              31.31107
            ],
            [
              74.38982,
              31.31157
            ],
            [
              74.38987,
              31.31202
            ],
            [
              74.38982,
              31.31206
            ],
            [
              74.38965,
              31.31256
            ]
          ]
        ]
      }
    },
    {
      "type": "Feature",
      "properties": {
        "mauza": "Lil",
        "mauza_urdu": null,
        "hb_no": null,
        "tehsil": "Nishter",
        "district": "Lahore",
        "source_object_id": 754104
      },
      "geometry": {
        "type": "Polygon",
        "coordinates": [
          [
            [
              74.40623,
              31.46179
            ],
            [
              74.40622,
              31.46183
            ],
            [
              74.40619,
              31.46193
            ],
            [
              74.4061,
              31.46202
            ],
            [
              74.40561,
              31.4624
            ],
            [
              74.40556,
              31.46238
            ],
            [
              74.40488,
              31.46208
            ],
            [
              74.40472,
              31.46193
            ],
            [
              74.40446,
              31.46176
            ],
            [
              74.40444,
              31.46174
            ],
            [
              74.40419,
              31.4617
            ],
            [
              74.40406,
              31.4617
            ],
            [
              74.40397,
              31.46178
            ],
            [
              74.4036,
              31.46153
            ],
            [
              74.40305,
              31.46109
            ],
            [
              74.40241,
              31.46065
            ],
            [
              74.40262,
              31.46037
            ],
            [
              74.40271,
              31.46018
            ],
            [
              74.40273,
              31.46012
            ],
            [
              74.40276,
              31.46
            ],
            [
              74.40289,
              31.45961
            ],
            [
              74.40298,
              31.45946
            ],
            [
              74.40282,
              31.45912
            ],
            [
              74.40277,
              31.45909
            ],
            [
              74.40271,
              31.45888
            ],
            [
              74.4027,
              31.45874
            ],
            [
              74.40269,
              31.45867
            ],
            [
              74.40261,
              31.45814
            ],
            [
              74.40262,
              31.45791
            ],
            [
              74.40273,
              31.45763
            ],
            [
              74.40296,
              31.45714
            ],
            [
              74.40297,
              31.45711
            ],
            [
              74.4032,
              31.45659
            ],
            [
              74.40324,
              31.45651
            ],
            [
              74.40353,
              31.45607
            ],
            [
              74.40368,
              31.45596
            ],
            [
              74.40384,
              31.45554
            ],
            [
              74.40414,
              31.45501
            ],
            [
              74.40443,
              31.45449
            ],
            [
              74.40454,
              31.45418
            ],
            [
              74.40466,
              31.45397
            ],
            [
              74.40485,
              31.45346
            ],
            [
              74.40505,
              31.45294
            ],
            [
              74.40511,
              31.45284
            ],
            [
              74.40496,
              31.45248
            ],
            [
              74.40495,
              31.45245
            ],
            [
              74.40488,
              31.45196
            ],
            [
              74.40482,
              31.45147
            ],
            [
              74.40481,
              31.45142
            ],
            [
              74.40461,
              31.45116
            ],
            [
              74.40459,
              31.45084
            ],
            [
              74.40461,
              31.45053
            ],
            [
              74.40463,
              31.45049
            ],
            [
              74.40466,
              31.44999
            ],
            [
              74.40469,
              31.44977
            ],
            [
              74.40483,
              31.44948
            ],
            [
              74.4051,
              31.44895
            ],
            [
              74.40516,
              31.44879
            ],
            [
              74.40528,
              31.44844
            ],
            [
              74.40541,
              31.44789
            ],
            [
              74.40569,
              31.4479
            ],
            [
              74.40629,
              31.448
            ],
            [
              74.40628,
              31.44785
            ],
            [
              74.40627,
              31.44735
            ],
            [
              74.40625,
              31.44722
            ],
            [
              74.40623,
              31.44701
            ],
            [
              74.40627,
              31.44685
            ],
            [
              74.40639,
              31.44635
            ],
            [
              74.4065,
              31.44584
            ],
            [
              74.40663,
              31.44533
            ],
            [
              74.40666,
              31.44532
            ],
            [
              74.40669,
              31.4452
            ],
            [
              74.40669,
              31.44502
            ],
            [
              74.40673,
              31.44482
            ],
            [
              74.40678,
              31.44466
            ],
            [
              74.40721,
              31.4445
            ],
            [
              74.40782,
              31.44426
            ],
            [
              74.40844,
              31.44406
            ],
            [
              74.40906,
              31.44381
            ],
            [
              74.40967,
              31.44358
            ],
            [
              74.40976,
              31.44355
            ],
            [
              74.41005,
              31.44302
            ],
            [
              74.41023,
              31.44265
            ],
            [
              74.41028,
              31.4425
            ],
            [
              74.41035,
              31.442
            ],
            [
              74.41041,
              31.4415
            ],
            [
              74.41049,
              31.44087
            ],
            [
              74.41063,
              31.4409
            ],
            [
              74.41129,
              31.441
            ],
            [
              74.41194,
              31.44111
            ],
            [
              74.4126,
              31.4412
            ],
            [
              74.41291,
              31.44127
            ],
            [
              74.41324,
              31.44115
            ],
            [
              74.41387,
              31.44106
            ],
            [
              74.41389,
              31.44105
            ],
            [
              74.41445,
              31.44076
            ],
            [
              74.41448,
              31.44075
            ],
            [
              74.41508,
              31.44039
            ],
            [
              74.41553,
              31.44005
            ],
            [
              74.41557,
              31.44003
            ],
            [
              74.41567,
              31.43996
            ],
            [
              74.41591,
              31.43978
            ],
            [
              74.41643,
              31.43991
            ],
            [
              74.41651,
              31.43991
            ],
            [
              74.41682,
              31.43999
            ],
            [
              74.41714,
              31.44038
            ],
            [
              74.41747,
              31.44076
            ],
            [
              74.41744,
              31.44085
            ],
            [
              74.41735,
              31.44117
            ],
            [
              74.41708,
              31.44151
            ],
            [
              74.41701,
              31.44154
            ],
            [
              74.41655,
              31.44186
            ],
            [
              74.41637,
              31.44195
            ],
            [
              74.41632,
              31.442
            ],
            [
              74.41654,
              31.44212
            ],
            [
              74.41638,
              31.44239
            ],
            [
              74.41637,
              31.44244
            ],
            [
              74.41642,
              31.44263
            ],
            [
              74.4163,
              31.44295
            ],
            [
              74.41616,
              31.44338
            ],
            [
              74.41611,
              31.44346
            ],
            [
              74.41588,
              31.44398
            ],
            [
              74.41564,
              31.44446
            ],
            [
              74.41564,
              31.4445
            ],
            [
              74.41546,
              31.44502
            ],
            [
              74.41559,
              31.4455
            ],
            [
              74.41561,
              31.4456
            ],
            [
              74.41566,
              31.44594
            ],
            [
              74.41567,
              31.44599
            ],
            [
              74.41573,
              31.44649
            ],
            [
              74.41577,
              31.44698
            ],
            [
              74.4158,
              31.44747
            ],
            [
              74.41585,
              31.44797
            ],
            [
              74.41592,
              31.44829
            ],
            [
              74.41594,
              31.44846
            ],
            [
              74.41598,
              31.44869
            ],
            [
              74.41595,
              31.44895
            ],
            [
              74.416,
              31.4493
            ],
            [
              74.416,
              31.44945
            ],
            [
              74.41605,
              31.44994
            ],
            [
              74.41608,
              31.45044
            ],
            [
              74.41607,
              31.45049
            ],
            [
              74.41595,
              31.45095
            ],
            [
              74.41589,
              31.45139
            ],
            [
              74.41588,
              31.45145
            ],
            [
              74.41584,
              31.45162
            ],
            [
              74.41569,
              31.45197
            ],
            [
              74.41554,
              31.45248
            ],
            [
              74.41543,
              31.45299
            ],
            [
              74.41533,
              31.45338
            ],
            [
              74.41534,
              31.45349
            ],
            [
              74.41534,
              31.45377
            ],
            [
              74.41535,
              31.45395
            ],
            [
              74.41534,
              31.45399
            ],
            [
              74.41534,
              31.45399
            ],
            [
              74.41592,
              31.45447
            ],
            [
              74.41631,
              31.45466
            ],
            [
              74.41768,
              31.45577
            ],
            [
              74.4183,
              31.45625
            ],
            [
              74.41815,
              31.45646
            ],
            [
              74.41813,
              31.45649
            ],
            [
              74.41811,
              31.45653
            ],
            [
              74.41802,
              31.45664
            ],
            [
              74.418,
              31.4567
            ],
            [
              74.41789,
              31.4567
            ],
            [
              74.41789,
              31.45674
            ],
            [
              74.41784,
              31.45724
            ],
            [
              74.41784,
              31.45734
            ],
            [
              74.41782,
              31.45762
            ],
            [
              74.41783,
              31.45774
            ],
            [
              74.41789,
              31.45824
            ],
            [
              74.41792,
              31.45873
            ],
            [
              74.41792,
              31.45912
            ],
            [
              74.41761,
              31.45925
            ],
            [
              74.41743,
              31.45927
            ],
            [
              74.4168,
              31.45933
            ],
            [
              74.4164,
              31.45936
            ],
            [
              74.41616,
              31.45939
            ],
            [
              74.41591,
              31.45944
            ],
            [
              74.41583,
              31.45944
            ],
            [
              74.41552,
              31.45946
            ],
            [
              74.41489,
              31.45955
            ],
            [
              74.41457,
              31.45957
            ],
            [
              74.41447,
              31.4596
            ],
            [
              74.41375,
              31.45958
            ],
            [
              74.4136,
              31.4596
            ],
            [
              74.41324,
              31.45957
            ],
            [
              74.41294,
              31.45946
            ],
            [
              74.41227,
              31.45923
            ],
            [
              74.41189,
              31.45908
            ],
            [
              74.41175,
              31.45922
            ],
            [
              74.41161,
              31.45917
            ],
            [
              74.41102,
              31.45895
            ],
            [
              74.41093,
              31.45887
            ],
            [
              74.41079,
              31.45906
            ],
            [
              74.41079,
              31.45913
            ],
            [
              74.41077,
              31.45918
            ],
            [
              74.41067,
              31.45939
            ],
            [
              74.41053,
              31.45974
            ],
            [
              74.41052,
              31.45991
            ],
            [
              74.41052,
              31.45995
            ],
            [
              74.4105,
              31.46015
            ],
            [
              74.41052,
              31.4602
            ],
            [
              74.41053,
              31.4604
            ],
            [
              74.41055,
              31.46063
            ],
            [
              74.41063,
              31.46082
            ],
            [
              74.41064,
              31.46089
            ],
            [
              74.41071,
              31.46109
            ],
            [
              74.41063,
              31.46109
            ],
            [
              74.41055,
              31.46124
            ],
            [
              74.40992,
              31.46112
            ],
            [
              74.40959,
              31.46103
            ],
            [
              74.40927,
              31.46108
            ],
            [
              74.40878,
              31.46116
            ],
            [
              74.40869,
              31.46084
            ],
            [
              74.4086,
              31.46086
            ],
            [
              74.40808,
              31.46099
            ],
            [
              74.40775,
              31.46103
            ],
            [
              74.40733,
              31.461
            ],
            [
              74.40729,
              31.46101
            ],
            [
              74.40727,
              31.46106
            ],
            [
              74.40703,
              31.46138
            ],
            [
              74.40674,
              31.46147
            ],
            [
              74.40667,
              31.4615
            ],
            [
              74.4064,
              31.46159
            ],
            [
              74.40623,
              31.46179
            ]
          ]
        ]
      }
    },
    {
      "type": "Feature",
      "properties": {
        "mauza": "Saraich",
        "mauza_urdu": null,
        "hb_no": null,
        "tehsil": "Nishter",
        "district": "Lahore",
        "source_object_id": 754179
      },
      "geometry": {
        "type": "Polygon",
        "coordinates": [
          [
            [
              74.45468,
              31.33476
            ],
            [
              74.45416,
              31.33475
            ],
            [
              74.45218,
              31.33439
            ],
            [
              74.45053,
              31.33432
            ],
            [
              74.44931,
              31.33419
            ],
            [
              74.44837,
              31.33433
            ],
            [
              74.44783,
              31.33428
            ],
            [
              74.44749,
              31.33425
            ],
            [
              74.44687,
              31.33379
            ],
            [
              74.44638,
              31.33337
            ],
            [
              74.44596,
              31.33303
            ],
            [
              74.44558,
              31.33271
            ],
            [
              74.44499,
              31.33207
            ],
            [
              74.44488,
              31.33158
            ],
            [
              74.44478,
              31.33115
            ],
            [
              74.44426,
              31.3308
            ],
            [
              74.44407,
              31.33068
            ],
            [
              74.44327,
              31.33044
            ],
            [
              74.44251,
              31.3305
            ],
            [
              74.4421,
              31.32985
            ],
            [
              74.44166,
              31.32927
            ],
            [
              74.44131,
              31.32882
            ],
            [
              74.44126,
              31.32862
            ],
            [
              74.44111,
              31.32801
            ],
            [
              74.44026,
              31.32787
            ],
            [
              74.43931,
              31.32779
            ],
            [
              74.43882,
              31.32758
            ],
            [
              74.43875,
              31.32759
            ],
            [
              74.43831,
              31.32765
            ],
            [
              74.43825,
              31.32766
            ],
            [
              74.43786,
              31.32696
            ],
            [
              74.43747,
              31.32575
            ],
            [
              74.43695,
              31.32555
            ],
            [
              74.43676,
              31.32547
            ],
            [
              74.43585,
              31.32511
            ],
            [
              74.43561,
              31.32501
            ],
            [
              74.4353,
              31.32473
            ],
            [
              74.43499,
              31.32444
            ],
            [
              74.43452,
              31.32428
            ],
            [
              74.43394,
              31.32407
            ],
            [
              74.4335,
              31.32379
            ],
            [
              74.43311,
              31.32353
            ],
            [
              74.43245,
              31.32298
            ],
            [
              74.43187,
              31.32248
            ],
            [
              74.43179,
              31.32241
            ],
            [
              74.4317,
              31.32237
            ],
            [
              74.43154,
              31.32228
            ],
            [
              74.43147,
              31.32224
            ],
            [
              74.43139,
              31.32219
            ],
            [
              74.43106,
              31.32211
            ],
            [
              74.43093,
              31.32207
            ],
            [
              74.43072,
              31.32218
            ],
            [
              74.43028,
              31.32243
            ],
            [
              74.4298,
              31.32264
            ],
            [
              74.42922,
              31.3229
            ],
            [
              74.42762,
              31.32359
            ],
            [
              74.42739,
              31.32368
            ],
            [
              74.42641,
              31.323
            ],
            [
              74.42575,
              31.32256
            ],
            [
              74.42523,
              31.3222
            ],
            [
              74.42514,
              31.32214
            ],
            [
              74.42504,
              31.32208
            ],
            [
              74.42449,
              31.32186
            ],
            [
              74.42407,
              31.32164
            ],
            [
              74.42357,
              31.32137
            ],
            [
              74.42348,
              31.32133
            ],
            [
              74.42293,
              31.32095
            ],
            [
              74.42242,
              31.32051
            ],
            [
              74.42237,
              31.32039
            ],
            [
              74.42234,
              31.32034
            ],
            [
              74.42199,
              31.31959
            ],
            [
              74.42214,
              31.31956
            ],
            [
              74.42176,
              31.31878
            ],
            [
              74.42138,
              31.318
            ],
            [
              74.42115,
              31.31747
            ],
            [
              74.42113,
              31.3174
            ],
            [
              74.42101,
              31.31689
            ],
            [
              74.42089,
              31.31639
            ],
            [
              74.42078,
              31.316
            ],
            [
              74.42071,
              31.31574
            ],
            [
              74.42069,
              31.31566
            ],
            [
              74.42066,
              31.31555
            ],
            [
              74.42064,
              31.31547
            ],
            [
              74.42057,
              31.31524
            ],
            [
              74.42039,
              31.31454
            ],
            [
              74.42035,
              31.31447
            ],
            [
              74.41999,
              31.31395
            ],
            [
              74.41991,
              31.31387
            ],
            [
              74.41884,
              31.31275
            ],
            [
              74.41841,
              31.31231
            ],
            [
              74.41824,
              31.31214
            ],
            [
              74.41789,
              31.31201
            ],
            [
              74.41782,
              31.31198
            ],
            [
              74.41768,
              31.31193
            ],
            [
              74.41739,
              31.31189
            ],
            [
              74.41676,
              31.31181
            ],
            [
              74.41626,
              31.31124
            ],
            [
              74.41622,
              31.3112
            ],
            [
              74.41616,
              31.31082
            ],
            [
              74.41613,
              31.31065
            ],
            [
              74.4161,
              31.31043
            ],
            [
              74.41608,
              31.31032
            ],
            [
              74.41604,
              31.31002
            ],
            [
              74.41601,
              31.30976
            ],
            [
              74.41593,
              31.30916
            ],
            [
              74.41541,
              31.3091
            ],
            [
              74.4154,
              31.30824
            ],
            [
              74.41544,
              31.30772
            ],
            [
              74.41547,
              31.30731
            ],
            [
              74.41485,
              31.30726
            ],
            [
              74.41399,
              31.30721
            ],
            [
              74.41386,
              31.3072
            ],
            [
              74.41306,
              31.3071
            ],
            [
              74.41261,
              31.30708
            ],
            [
              74.41261,
              31.30708
            ],
            [
              74.41205,
              31.30707
            ],
            [
              74.41199,
              31.30707
            ],
            [
              74.41118,
              31.30736
            ],
            [
              74.41096,
              31.30744
            ],
            [
              74.41059,
              31.30743
            ],
            [
              74.40991,
              31.30739
            ],
            [
              74.40948,
              31.30738
            ],
            [
              74.40887,
              31.30743
            ],
            [
              74.40887,
              31.30716
            ],
            [
              74.40888,
              31.30669
            ],
            [
              74.40889,
              31.30658
            ],
            [
              74.40897,
              31.30593
            ],
            [
              74.40901,
              31.30561
            ],
            [
              74.40905,
              31.3053
            ],
            [
              74.40907,
              31.3051
            ],
            [
              74.40944,
              31.30495
            ],
            [
              74.41016,
              31.30466
            ],
            [
              74.41045,
              31.30449
            ],
            [
              74.41082,
              31.30421
            ],
            [
              74.41178,
              31.30444
            ],
            [
              74.4125,
              31.3046
            ],
            [
              74.41277,
              31.30464
            ],
            [
              74.41351,
              31.30497
            ],
            [
              74.41391,
              31.30513
            ],
            [
              74.41408,
              31.30499
            ],
            [
              74.41423,
              31.30486
            ],
            [
              74.41444,
              31.30467
            ],
            [
              74.41488,
              31.30427
            ],
            [
              74.41546,
              31.30358
            ],
            [
              74.41587,
              31.30309
            ],
            [
              74.41622,
              31.30312
            ],
            [
              74.41682,
              31.30318
            ],
            [
              74.41729,
              31.30323
            ],
            [
              74.41759,
              31.30327
            ],
            [
              74.41811,
              31.30327
            ],
            [
              74.41882,
              31.30348
            ],
            [
              74.41933,
              31.30353
            ],
            [
              74.41945,
              31.30354
            ],
            [
              74.41973,
              31.30366
            ],
            [
              74.4198,
              31.30369
            ],
            [
              74.41991,
              31.30374
            ],
            [
              74.42032,
              31.30392
            ],
            [
              74.42099,
              31.30397
            ],
            [
              74.42153,
              31.30401
            ],
            [
              74.42167,
              31.30402
            ],
            [
              74.4222,
              31.30411
            ],
            [
              74.42227,
              31.30412
            ],
            [
              74.42243,
              31.30415
            ],
            [
              74.42296,
              31.30423
            ],
            [
              74.42321,
              31.30427
            ],
            [
              74.42343,
              31.30428
            ],
            [
              74.42351,
              31.30429
            ],
            [
              74.42361,
              31.30429
            ],
            [
              74.42408,
              31.30432
            ],
            [
              74.42458,
              31.30436
            ],
            [
              74.42526,
              31.30442
            ],
            [
              74.42563,
              31.30445
            ],
            [
              74.42586,
              31.30447
            ],
            [
              74.42611,
              31.30441
            ],
            [
              74.42639,
              31.30419
            ],
            [
              74.42678,
              31.30389
            ],
            [
              74.42683,
              31.30389
            ],
            [
              74.42744,
              31.3038
            ],
            [
              74.42796,
              31.3037
            ],
            [
              74.42821,
              31.30366
            ],
            [
              74.4283,
              31.30365
            ],
            [
              74.42872,
              31.3036
            ],
            [
              74.42925,
              31.30298
            ],
            [
              74.42978,
              31.30239
            ],
            [
              74.43021,
              31.30268
            ],
            [
              74.4303,
              31.30274
            ],
            [
              74.43106,
              31.30291
            ],
            [
              74.43168,
              31.30284
            ],
            [
              74.43184,
              31.30282
            ],
            [
              74.43273,
              31.30287
            ],
            [
              74.43321,
              31.30292
            ],
            [
              74.43381,
              31.30298
            ],
            [
              74.43392,
              31.30299
            ],
            [
              74.43486,
              31.30299
            ],
            [
              74.43491,
              31.30274
            ],
            [
              74.43493,
              31.30263
            ],
            [
              74.43558,
              31.30268
            ],
            [
              74.43597,
              31.30239
            ],
            [
              74.43632,
              31.30234
            ],
            [
              74.43699,
              31.30234
            ],
            [
              74.43704,
              31.30235
            ],
            [
              74.43718,
              31.30236
            ],
            [
              74.43764,
              31.3024
            ],
            [
              74.43773,
              31.30219
            ],
            [
              74.43792,
              31.30214
            ],
            [
              74.43843,
              31.30199
            ],
            [
              74.4385,
              31.30234
            ],
            [
              74.43852,
              31.30243
            ],
            [
              74.4394,
              31.30259
            ],
            [
              74.43954,
              31.30192
            ],
            [
              74.43981,
              31.302
            ],
            [
              74.44014,
              31.3021
            ],
            [
              74.4405,
              31.3022
            ],
            [
              74.44071,
              31.30217
            ],
            [
              74.44098,
              31.30214
            ],
            [
              74.44146,
              31.3022
            ],
            [
              74.44195,
              31.30221
            ],
            [
              74.44236,
              31.30227
            ],
            [
              74.44296,
              31.3023
            ],
            [
              74.44366,
              31.30234
            ],
            [
              74.44366,
              31.30281
            ],
            [
              74.44376,
              31.30281
            ],
            [
              74.44396,
              31.30279
            ],
            [
              74.44411,
              31.30238
            ],
            [
              74.44543,
              31.3024
            ],
            [
              74.44548,
              31.30238
            ],
            [
              74.44579,
              31.30225
            ],
            [
              74.44596,
              31.3023
            ],
            [
              74.4476,
              31.30282
            ],
            [
              74.44783,
              31.303
            ],
            [
              74.44873,
              31.30311
            ],
            [
              74.44893,
              31.30272
            ],
            [
              74.44913,
              31.30272
            ],
            [
              74.44917,
              31.30273
            ],
            [
              74.44947,
              31.3028
            ],
            [
              74.44976,
              31.30286
            ],
            [
              74.45017,
              31.30295
            ],
            [
              74.4503,
              31.30299
            ],
            [
              74.45111,
              31.30298
            ],
            [
              74.45209,
              31.30271
            ],
            [
              74.45205,
              31.30288
            ],
            [
              74.45186,
              31.30333
            ],
            [
              74.45179,
              31.30348
            ],
            [
              74.45176,
              31.30354
            ],
            [
              74.45137,
              31.30435
            ],
            [
              74.45081,
              31.30447
            ],
            [
              74.45059,
              31.30451
            ],
            [
              74.4504,
              31.30455
            ],
            [
              74.45035,
              31.30479
            ],
            [
              74.45022,
              31.3054
            ],
            [
              74.45011,
              31.30588
            ],
            [
              74.45008,
              31.30634
            ],
            [
              74.45007,
              31.3065
            ],
            [
              74.45004,
              31.30687
            ],
            [
              74.44998,
              31.30753
            ],
            [
              74.44997,
              31.30787
            ],
            [
              74.45033,
              31.30812
            ],
            [
              74.4504,
              31.30818
            ],
            [
              74.45075,
              31.30851
            ],
            [
              74.45095,
              31.30879
            ],
            [
              74.45114,
              31.30907
            ],
            [
              74.45128,
              31.30929
            ],
            [
              74.45155,
              31.30942
            ],
            [
              74.45173,
              31.30958
            ],
            [
              74.45181,
              31.30966
            ],
            [
              74.45204,
              31.30998
            ],
            [
              74.45219,
              31.3103
            ],
            [
              74.45229,
              31.31055
            ],
            [
              74.45252,
              31.31089
            ],
            [
              74.45258,
              31.31114
            ],
            [
              74.45258,
              31.31129
            ],
            [
              74.45258,
              31.31158
            ],
            [
              74.45258,
              31.31199
            ],
            [
              74.45268,
              31.31257
            ],
            [
              74.45286,
              31.31349
            ],
            [
              74.45284,
              31.31361
            ],
            [
              74.4531,
              31.31449
            ],
            [
              74.45323,
              31.31509
            ],
            [
              74.4533,
              31.31551
            ],
            [
              74.45341,
              31.31624
            ],
            [
              74.45346,
              31.31647
            ],
            [
              74.45351,
              31.31732
            ],
            [
              74.45345,
              31.31793
            ],
            [
              74.45371,
              31.31857
            ],
            [
              74.45414,
              31.31917
            ],
            [
              74.45428,
              31.31928
            ],
            [
              74.45461,
              31.3194
            ],
            [
              74.45501,
              31.31955
            ],
            [
              74.45518,
              31.32004
            ],
            [
              74.45521,
              31.32013
            ],
            [
              74.45521,
              31.32053
            ],
            [
              74.45521,
              31.321
            ],
            [
              74.45522,
              31.32126
            ],
            [
              74.45521,
              31.32203
            ],
            [
              74.4552,
              31.32208
            ],
            [
              74.45506,
              31.32269
            ],
            [
              74.45504,
              31.32277
            ],
            [
              74.45488,
              31.3233
            ],
            [
              74.45483,
              31.32396
            ],
            [
              74.45483,
              31.32407
            ],
            [
              74.4549,
              31.32537
            ],
            [
              74.45482,
              31.32599
            ],
            [
              74.45479,
              31.32609
            ],
            [
              74.45458,
              31.32688
            ],
            [
              74.45454,
              31.32703
            ],
            [
              74.45454,
              31.32732
            ],
            [
              74.45455,
              31.32783
            ],
            [
              74.45576,
              31.32815
            ],
            [
              74.45614,
              31.32852
            ],
            [
              74.45655,
              31.32891
            ],
            [
              74.45697,
              31.32924
            ],
            [
              74.45754,
              31.32966
            ],
            [
              74.45812,
              31.33009
            ],
            [
              74.45694,
              31.33067
            ],
            [
              74.45683,
              31.33087
            ],
            [
              74.45677,
              31.33099
            ],
            [
              74.45665,
              31.33121
            ],
            [
              74.4566,
              31.33131
            ],
            [
              74.45624,
              31.33196
            ],
            [
              74.45617,
              31.33209
            ],
            [
              74.45577,
              31.33287
            ],
            [
              74.45566,
              31.33309
            ],
            [
              74.45546,
              31.33347
            ],
            [
              74.45513,
              31.33398
            ],
            [
              74.45505,
              31.33409
            ],
            [
              74.455,
              31.33418
            ],
            [
              74.45468,
              31.33476
            ]
          ]
        ]
      }
    },
    {
      "type": "Feature",
      "properties": {
        "mauza": "Shahzada",
        "mauza_urdu": null,
        "hb_no": null,
        "tehsil": "Nishter",
        "district": "Lahore",
        "source_object_id": 754185
      },
      "geometry": {
        "type": "Polygon",
        "coordinates": [
          [
            [
              74.3929,
              31.36418
            ],
            [
              74.39231,
              31.36421
            ],
            [
              74.39168,
              31.36437
            ],
            [
              74.39164,
              31.36437
            ],
            [
              74.39152,
              31.3644
            ],
            [
              74.39151,
              31.36445
            ],
            [
              74.39151,
              31.36449
            ],
            [
              74.3915,
              31.36495
            ],
            [
              74.3915,
              31.36504
            ],
            [
              74.39133,
              31.36508
            ],
            [
              74.39112,
              31.36538
            ],
            [
              74.39106,
              31.36545
            ],
            [
              74.391,
              31.36547
            ],
            [
              74.39049,
              31.36565
            ],
            [
              74.38987,
              31.36587
            ],
            [
              74.38939,
              31.36603
            ],
            [
              74.3892,
              31.36558
            ],
            [
              74.38916,
              31.36543
            ],
            [
              74.3891,
              31.36509
            ],
            [
              74.38902,
              31.36496
            ],
            [
              74.389,
              31.36464
            ],
            [
              74.389,
              31.3646
            ],
            [
              74.38891,
              31.36411
            ],
            [
              74.38882,
              31.36378
            ],
            [
              74.3888,
              31.36372
            ],
            [
              74.38876,
              31.36362
            ],
            [
              74.38858,
              31.36325
            ],
            [
              74.38875,
              31.36312
            ],
            [
              74.38869,
              31.36263
            ],
            [
              74.38868,
              31.36241
            ],
            [
              74.38865,
              31.36214
            ],
            [
              74.38862,
              31.36188
            ],
            [
              74.38862,
              31.36185
            ],
            [
              74.38868,
              31.36166
            ],
            [
              74.38868,
              31.36164
            ],
            [
              74.38861,
              31.36115
            ],
            [
              74.38849,
              31.36066
            ],
            [
              74.38837,
              31.36017
            ],
            [
              74.38819,
              31.35968
            ],
            [
              74.38808,
              31.35959
            ],
            [
              74.38752,
              31.35923
            ],
            [
              74.38739,
              31.35903
            ],
            [
              74.38721,
              31.35875
            ],
            [
              74.38695,
              31.35827
            ],
            [
              74.38689,
              31.35819
            ],
            [
              74.38668,
              31.35816
            ],
            [
              74.38603,
              31.3581
            ],
            [
              74.38575,
              31.35811
            ],
            [
              74.3855,
              31.35786
            ],
            [
              74.38537,
              31.35778
            ],
            [
              74.3849,
              31.3574
            ],
            [
              74.38468,
              31.35727
            ],
            [
              74.38424,
              31.35694
            ],
            [
              74.384,
              31.35675
            ],
            [
              74.38353,
              31.35649
            ],
            [
              74.38332,
              31.35633
            ],
            [
              74.38272,
              31.35604
            ],
            [
              74.38266,
              31.35601
            ],
            [
              74.382,
              31.35589
            ],
            [
              74.38135,
              31.35576
            ],
            [
              74.38114,
              31.35571
            ],
            [
              74.38085,
              31.35565
            ],
            [
              74.3807,
              31.35562
            ],
            [
              74.38018,
              31.35553
            ],
            [
              74.38013,
              31.3552
            ],
            [
              74.38009,
              31.3547
            ],
            [
              74.38011,
              31.35468
            ],
            [
              74.38012,
              31.35464
            ],
            [
              74.38025,
              31.3542
            ],
            [
              74.3804,
              31.35369
            ],
            [
              74.3804,
              31.35367
            ],
            [
              74.38043,
              31.35356
            ],
            [
              74.37987,
              31.35331
            ],
            [
              74.3797,
              31.35324
            ],
            [
              74.3792,
              31.35299
            ],
            [
              74.37894,
              31.35286
            ],
            [
              74.37899,
              31.35278
            ],
            [
              74.37901,
              31.35274
            ],
            [
              74.379,
              31.35272
            ],
            [
              74.37898,
              31.35229
            ],
            [
              74.37896,
              31.35179
            ],
            [
              74.37895,
              31.3513
            ],
            [
              74.37892,
              31.35109
            ],
            [
              74.37899,
              31.3508
            ],
            [
              74.37902,
              31.35067
            ],
            [
              74.37908,
              31.3503
            ],
            [
              74.3791,
              31.35023
            ],
            [
              74.37897,
              31.35013
            ],
            [
              74.37857,
              31.35004
            ],
            [
              74.37863,
              31.34983
            ],
            [
              74.37875,
              31.34933
            ],
            [
              74.37872,
              31.3492
            ],
            [
              74.37888,
              31.34896
            ],
            [
              74.37896,
              31.34882
            ],
            [
              74.37912,
              31.34853
            ],
            [
              74.37947,
              31.34829
            ],
            [
              74.37964,
              31.3482
            ],
            [
              74.3798,
              31.34778
            ],
            [
              74.38001,
              31.34727
            ],
            [
              74.38003,
              31.34723
            ],
            [
              74.38067,
              31.34721
            ],
            [
              74.38095,
              31.34721
            ],
            [
              74.38131,
              31.34722
            ],
            [
              74.38173,
              31.34723
            ],
            [
              74.38195,
              31.34715
            ],
            [
              74.38221,
              31.34703
            ],
            [
              74.38257,
              31.34687
            ],
            [
              74.38319,
              31.34658
            ],
            [
              74.38321,
              31.34655
            ],
            [
              74.38379,
              31.34605
            ],
            [
              74.38395,
              31.34574
            ],
            [
              74.38423,
              31.34553
            ],
            [
              74.38434,
              31.34543
            ],
            [
              74.38395,
              31.34505
            ],
            [
              74.38368,
              31.3448
            ],
            [
              74.38346,
              31.34458
            ],
            [
              74.3832,
              31.34438
            ],
            [
              74.3836,
              31.34371
            ],
            [
              74.38364,
              31.34365
            ],
            [
              74.38425,
              31.34378
            ],
            [
              74.38476,
              31.34388
            ],
            [
              74.3849,
              31.34395
            ],
            [
              74.38503,
              31.34399
            ],
            [
              74.38556,
              31.3442
            ],
            [
              74.38574,
              31.34425
            ],
            [
              74.38622,
              31.34436
            ],
            [
              74.38642,
              31.34441
            ],
            [
              74.38679,
              31.34449
            ],
            [
              74.38688,
              31.34453
            ],
            [
              74.38709,
              31.34466
            ],
            [
              74.38742,
              31.34484
            ],
            [
              74.38755,
              31.34492
            ],
            [
              74.3876,
              31.34496
            ],
            [
              74.38821,
              31.34516
            ],
            [
              74.38862,
              31.34527
            ],
            [
              74.38887,
              31.34534
            ],
            [
              74.38944,
              31.34551
            ],
            [
              74.38953,
              31.34555
            ],
            [
              74.38981,
              31.3457
            ],
            [
              74.3902,
              31.34589
            ],
            [
              74.39025,
              31.34592
            ],
            [
              74.39086,
              31.3461
            ],
            [
              74.39092,
              31.34613
            ],
            [
              74.39139,
              31.3463
            ],
            [
              74.39151,
              31.3463
            ],
            [
              74.39209,
              31.34633
            ],
            [
              74.39216,
              31.34636
            ],
            [
              74.3928,
              31.34637
            ],
            [
              74.39309,
              31.34637
            ],
            [
              74.39345,
              31.34642
            ],
            [
              74.39382,
              31.34645
            ],
            [
              74.3941,
              31.34648
            ],
            [
              74.39413,
              31.34643
            ],
            [
              74.39428,
              31.34593
            ],
            [
              74.39438,
              31.34543
            ],
            [
              74.3944,
              31.34528
            ],
            [
              74.39449,
              31.34492
            ],
            [
              74.39456,
              31.3445
            ],
            [
              74.39458,
              31.3445
            ],
            [
              74.39521,
              31.34438
            ],
            [
              74.39545,
              31.34433
            ],
            [
              74.39585,
              31.34426
            ],
            [
              74.39645,
              31.34413
            ],
            [
              74.39648,
              31.34413
            ],
            [
              74.39676,
              31.34407
            ],
            [
              74.39712,
              31.34412
            ],
            [
              74.39773,
              31.34416
            ],
            [
              74.39776,
              31.34414
            ],
            [
              74.39841,
              31.34414
            ],
            [
              74.39869,
              31.34412
            ],
            [
              74.39905,
              31.34413
            ],
            [
              74.39908,
              31.34413
            ],
            [
              74.39964,
              31.34412
            ],
            [
              74.39969,
              31.34412
            ],
            [
              74.40014,
              31.34409
            ],
            [
              74.40025,
              31.34409
            ],
            [
              74.40033,
              31.34408
            ],
            [
              74.40057,
              31.34407
            ],
            [
              74.40097,
              31.34403
            ],
            [
              74.40147,
              31.34394
            ],
            [
              74.4016,
              31.34393
            ],
            [
              74.40222,
              31.3437
            ],
            [
              74.40245,
              31.34362
            ],
            [
              74.40265,
              31.34345
            ],
            [
              74.40284,
              31.34331
            ],
            [
              74.40309,
              31.34308
            ],
            [
              74.40329,
              31.34292
            ],
            [
              74.40344,
              31.34278
            ],
            [
              74.40375,
              31.34247
            ],
            [
              74.4039,
              31.34238
            ],
            [
              74.40404,
              31.34231
            ],
            [
              74.40466,
              31.34197
            ],
            [
              74.4049,
              31.34183
            ],
            [
              74.40501,
              31.34179
            ],
            [
              74.40517,
              31.34132
            ],
            [
              74.40524,
              31.3412
            ],
            [
              74.40536,
              31.341
            ],
            [
              74.40587,
              31.34105
            ],
            [
              74.40591,
              31.34107
            ],
            [
              74.40615,
              31.34107
            ],
            [
              74.40652,
              31.34124
            ],
            [
              74.40718,
              31.34144
            ],
            [
              74.40776,
              31.3416
            ],
            [
              74.40784,
              31.34159
            ],
            [
              74.40823,
              31.34146
            ],
            [
              74.40846,
              31.3414
            ],
            [
              74.40909,
              31.34122
            ],
            [
              74.40918,
              31.34117
            ],
            [
              74.40911,
              31.34105
            ],
            [
              74.40907,
              31.34091
            ],
            [
              74.40896,
              31.34072
            ],
            [
              74.40905,
              31.34071
            ],
            [
              74.40952,
              31.34069
            ],
            [
              74.40963,
              31.34101
            ],
            [
              74.40975,
              31.34139
            ],
            [
              74.40976,
              31.34154
            ],
            [
              74.40983,
              31.34203
            ],
            [
              74.40985,
              31.34218
            ],
            [
              74.40989,
              31.34253
            ],
            [
              74.40994,
              31.34302
            ],
            [
              74.4099,
              31.34328
            ],
            [
              74.40986,
              31.34352
            ],
            [
              74.40986,
              31.34355
            ],
            [
              74.40928,
              31.34358
            ],
            [
              74.40875,
              31.3436
            ],
            [
              74.40864,
              31.34364
            ],
            [
              74.40851,
              31.3437
            ],
            [
              74.40801,
              31.34379
            ],
            [
              74.40756,
              31.34394
            ],
            [
              74.40766,
              31.34415
            ],
            [
              74.40776,
              31.34444
            ],
            [
              74.40781,
              31.34463
            ],
            [
              74.40788,
              31.34476
            ],
            [
              74.40802,
              31.34512
            ],
            [
              74.40813,
              31.34527
            ],
            [
              74.40829,
              31.34549
            ],
            [
              74.40819,
              31.3456
            ],
            [
              74.40823,
              31.3461
            ],
            [
              74.40826,
              31.34651
            ],
            [
              74.4083,
              31.34659
            ],
            [
              74.40841,
              31.34708
            ],
            [
              74.40849,
              31.34732
            ],
            [
              74.40867,
              31.34756
            ],
            [
              74.40896,
              31.34804
            ],
            [
              74.40892,
              31.34833
            ],
            [
              74.40891,
              31.34854
            ],
            [
              74.40884,
              31.34869
            ],
            [
              74.40895,
              31.34903
            ],
            [
              74.40896,
              31.34915
            ],
            [
              74.40902,
              31.34952
            ],
            [
              74.40903,
              31.34955
            ],
            [
              74.40908,
              31.35002
            ],
            [
              74.40908,
              31.35018
            ],
            [
              74.40908,
              31.35037
            ],
            [
              74.40907,
              31.35051
            ],
            [
              74.40894,
              31.3509
            ],
            [
              74.4089,
              31.35102
            ],
            [
              74.40879,
              31.35152
            ],
            [
              74.40876,
              31.35166
            ],
            [
              74.40874,
              31.352
            ],
            [
              74.40872,
              31.35202
            ],
            [
              74.4087,
              31.35237
            ],
            [
              74.40871,
              31.35252
            ],
            [
              74.40875,
              31.35297
            ],
            [
              74.40875,
              31.35301
            ],
            [
              74.40882,
              31.35301
            ],
            [
              74.40892,
              31.3535
            ],
            [
              74.40897,
              31.35377
            ],
            [
              74.40901,
              31.35399
            ],
            [
              74.40918,
              31.35448
            ],
            [
              74.40926,
              31.35465
            ],
            [
              74.40923,
              31.35497
            ],
            [
              74.40925,
              31.35527
            ],
            [
              74.4093,
              31.35546
            ],
            [
              74.40938,
              31.35595
            ],
            [
              74.40948,
              31.3564
            ],
            [
              74.40948,
              31.35644
            ],
            [
              74.40953,
              31.35681
            ],
            [
              74.40947,
              31.35694
            ],
            [
              74.40941,
              31.35741
            ],
            [
              74.40941,
              31.35744
            ],
            [
              74.40941,
              31.35753
            ],
            [
              74.40942,
              31.35771
            ],
            [
              74.40942,
              31.35778
            ],
            [
              74.40947,
              31.35786
            ],
            [
              74.40947,
              31.35793
            ],
            [
              74.40957,
              31.35842
            ],
            [
              74.40961,
              31.35853
            ],
            [
              74.40928,
              31.35881
            ],
            [
              74.40922,
              31.35886
            ],
            [
              74.40912,
              31.35894
            ],
            [
              74.40865,
              31.35934
            ],
            [
              74.40862,
              31.35936
            ],
            [
              74.40856,
              31.35942
            ],
            [
              74.40857,
              31.35947
            ],
            [
              74.40854,
              31.35997
            ],
            [
              74.40855,
              31.36001
            ],
            [
              74.4085,
              31.36028
            ],
            [
              74.40871,
              31.3604
            ],
            [
              74.40879,
              31.36045
            ],
            [
              74.40916,
              31.36062
            ],
            [
              74.40912,
              31.36093
            ],
            [
              74.40909,
              31.36137
            ],
            [
              74.40903,
              31.36143
            ],
            [
              74.409,
              31.36193
            ],
            [
              74.40903,
              31.36206
            ],
            [
              74.40884,
              31.36212
            ],
            [
              74.40822,
              31.36232
            ],
            [
              74.40813,
              31.36235
            ],
            [
              74.40762,
              31.36251
            ],
            [
              74.40759,
              31.36252
            ],
            [
              74.40722,
              31.36263
            ],
            [
              74.40696,
              31.36271
            ],
            [
              74.40634,
              31.36297
            ],
            [
              74.40603,
              31.3631
            ],
            [
              74.40571,
              31.36314
            ],
            [
              74.40529,
              31.3632
            ],
            [
              74.40508,
              31.36324
            ],
            [
              74.40444,
              31.36333
            ],
            [
              74.40402,
              31.36344
            ],
            [
              74.40381,
              31.36348
            ],
            [
              74.40318,
              31.3636
            ],
            [
              74.40296,
              31.36365
            ],
            [
              74.40255,
              31.3637
            ],
            [
              74.40248,
              31.36371
            ],
            [
              74.40233,
              31.36371
            ],
            [
              74.40229,
              31.36372
            ],
            [
              74.40213,
              31.36375
            ],
            [
              74.40191,
              31.36377
            ],
            [
              74.40132,
              31.36387
            ],
            [
              74.40127,
              31.36387
            ],
            [
              74.40101,
              31.3639
            ],
            [
              74.40064,
              31.36396
            ],
            [
              74.40048,
              31.36398
            ],
            [
              74.4,
              31.36404
            ],
            [
              74.39937,
              31.36412
            ],
            [
              74.3991,
              31.36415
            ],
            [
              74.39873,
              31.36419
            ],
            [
              74.39819,
              31.36423
            ],
            [
              74.39809,
              31.36424
            ],
            [
              74.39748,
              31.36428
            ],
            [
              74.39745,
              31.36428
            ],
            [
              74.39707,
              31.36432
            ],
            [
              74.39684,
              31.3643
            ],
            [
              74.39681,
              31.3643
            ],
            [
              74.39617,
              31.36433
            ],
            [
              74.39553,
              31.36431
            ],
            [
              74.39493,
              31.36433
            ],
            [
              74.39489,
              31.36433
            ],
            [
              74.39485,
              31.36432
            ],
            [
              74.39481,
              31.36432
            ],
            [
              74.39424,
              31.36426
            ],
            [
              74.39383,
              31.36421
            ],
            [
              74.39359,
              31.36418
            ],
            [
              74.39295,
              31.36417
            ],
            [
              74.3929,
              31.36418
            ]
          ]
        ]
      }
    },
    {
      "type": "Feature",
      "properties": {
        "mauza": "Sidhar",
        "mauza_urdu": null,
        "hb_no": null,
        "tehsil": "Nishter",
        "district": "Lahore",
        "source_object_id": 754190
      },
      "geometry": {
        "type": "MultiPolygon",
        "coordinates": [
          [
            [
              [
                74.32025,
                31.38669
              ],
              [
                74.31977,
                31.387
              ],
              [
                74.3197,
                31.38703
              ],
              [
                74.31947,
                31.38701
              ],
              [
                74.31898,
                31.38685
              ],
              [
                74.3188,
                31.38678
              ],
              [
                74.31869,
                31.38674
              ],
              [
                74.31827,
                31.38672
              ],
              [
                74.31762,
                31.38656
              ],
              [
                74.31756,
                31.38655
              ],
              [
                74.31737,
                31.38658
              ],
              [
                74.31706,
                31.38628
              ],
              [
                74.31683,
                31.38633
              ],
              [
                74.31659,
                31.38639
              ],
              [
                74.31662,
                31.38625
              ],
              [
                74.31666,
                31.38581
              ],
              [
                74.31667,
                31.38573
              ],
              [
                74.31651,
                31.38525
              ],
              [
                74.31645,
                31.38511
              ],
              [
                74.31632,
                31.38481
              ],
              [
                74.31631,
                31.38479
              ],
              [
                74.31616,
                31.38447
              ],
              [
                74.31618,
                31.38431
              ],
              [
                74.31617,
                31.38422
              ],
              [
                74.31613,
                31.38381
              ],
              [
                74.31603,
                31.38365
              ],
              [
                74.31602,
                31.38332
              ],
              [
                74.31602,
                31.38332
              ],
              [
                74.31582,
                31.38294
              ],
              [
                74.31583,
                31.38285
              ],
              [
                74.31579,
                31.38263
              ],
              [
                74.31569,
                31.38265
              ],
              [
                74.31506,
                31.38277
              ],
              [
                74.31503,
                31.38276
              ],
              [
                74.31474,
                31.3831
              ],
              [
                74.31451,
                31.38315
              ],
              [
                74.31432,
                31.38318
              ],
              [
                74.3143,
                31.3832
              ],
              [
                74.31393,
                31.38342
              ],
              [
                74.3138,
                31.3835
              ],
              [
                74.31351,
                31.38359
              ],
              [
                74.31335,
                31.38367
              ],
              [
                74.31328,
                31.3837
              ],
              [
                74.31312,
                31.38363
              ],
              [
                74.31281,
                31.38377
              ],
              [
                74.31273,
                31.38381
              ],
              [
                74.31237,
                31.38402
              ],
              [
                74.31221,
                31.38412
              ],
              [
                74.31216,
                31.38413
              ],
              [
                74.31191,
                31.38426
              ],
              [
                74.31183,
                31.3843
              ],
              [
                74.31157,
                31.38437
              ],
              [
                74.31151,
                31.38439
              ],
              [
                74.31148,
                31.38435
              ],
              [
                74.3111,
                31.38393
              ],
              [
                74.31098,
                31.38376
              ],
              [
                74.31079,
                31.38349
              ],
              [
                74.31051,
                31.38309
              ],
              [
                74.31048,
                31.38304
              ],
              [
                74.31031,
                31.38288
              ],
              [
                74.31018,
                31.3826
              ],
              [
                74.31014,
                31.38258
              ],
              [
                74.30992,
                31.38215
              ],
              [
                74.30991,
                31.38211
              ],
              [
                74.30974,
                31.3818
              ],
              [
                74.31007,
                31.38167
              ],
              [
                74.31022,
                31.38157
              ],
              [
                74.31055,
                31.38107
              ],
              [
                74.31052,
                31.38099
              ],
              [
                74.31047,
                31.3808
              ],
              [
                74.31106,
                31.38058
              ],
              [
                74.31109,
                31.38057
              ],
              [
                74.31127,
                31.3805
              ],
              [
                74.31163,
                31.38026
              ],
              [
                74.31171,
                31.3802
              ],
              [
                74.31194,
                31.38003
              ],
              [
                74.31184,
                31.37985
              ],
              [
                74.31212,
                31.37972
              ],
              [
                74.31232,
                31.37961
              ],
              [
                74.31251,
                31.37951
              ],
              [
                74.31269,
                31.37941
              ],
              [
                74.31282,
                31.37935
              ],
              [
                74.3132,
                31.37925
              ],
              [
                74.3133,
                31.37923
              ],
              [
                74.31331,
                31.37923
              ],
              [
                74.31393,
                31.37913
              ],
              [
                74.31435,
                31.37873
              ],
              [
                74.31446,
                31.3787
              ],
              [
                74.31446,
                31.37869
              ],
              [
                74.31485,
                31.37856
              ],
              [
                74.31506,
                31.37849
              ],
              [
                74.31553,
                31.37831
              ],
              [
                74.31576,
                31.37877
              ],
              [
                74.31592,
                31.37924
              ],
              [
                74.31606,
                31.37969
              ],
              [
                74.31607,
                31.37972
              ],
              [
                74.31612,
                31.37978
              ],
              [
                74.31641,
                31.38013
              ],
              [
                74.31643,
                31.38015
              ],
              [
                74.31675,
                31.38059
              ],
              [
                74.31706,
                31.38103
              ],
              [
                74.31716,
                31.38099
              ],
              [
                74.31775,
                31.38076
              ],
              [
                74.31831,
                31.38052
              ],
              [
                74.31834,
                31.38051
              ],
              [
                74.3187,
                31.38034
              ],
              [
                74.3186,
                31.38017
              ],
              [
                74.3184,
                31.3797
              ],
              [
                74.31862,
                31.37928
              ],
              [
                74.3187,
                31.37912
              ],
              [
                74.31894,
                31.37855
              ],
              [
                74.31905,
                31.37853
              ],
              [
                74.3191,
                31.37852
              ],
              [
                74.31901,
                31.37823
              ],
              [
                74.31904,
                31.37816
              ],
              [
                74.3191,
                31.37805
              ],
              [
                74.31909,
                31.37801
              ],
              [
                74.31908,
                31.37793
              ],
              [
                74.31906,
                31.3775
              ],
              [
                74.31906,
                31.3775
              ],
              [
                74.31906,
                31.37747
              ],
              [
                74.31904,
                31.37699
              ],
              [
                74.31904,
                31.37697
              ],
              [
                74.31901,
                31.37649
              ],
              [
                74.31898,
                31.37626
              ],
              [
                74.31896,
                31.37609
              ],
              [
                74.31894,
                31.37599
              ],
              [
                74.31896,
                31.37579
              ],
              [
                74.31893,
                31.37557
              ],
              [
                74.31892,
                31.37553
              ],
              [
                74.31941,
                31.37537
              ],
              [
                74.31997,
                31.37506
              ],
              [
                74.32024,
                31.37491
              ],
              [
                74.32056,
                31.37485
              ],
              [
                74.32116,
                31.37463
              ],
              [
                74.32119,
                31.37454
              ],
              [
                74.32179,
                31.37452
              ],
              [
                74.32239,
                31.37431
              ],
              [
                74.323,
                31.37416
              ],
              [
                74.323,
                31.37404
              ],
              [
                74.32307,
                31.37388
              ],
              [
                74.32337,
                31.37371
              ],
              [
                74.32332,
                31.37346
              ],
              [
                74.32335,
                31.37313
              ],
              [
                74.32337,
                31.37293
              ],
              [
                74.32327,
                31.37244
              ],
              [
                74.32326,
                31.37193
              ],
              [
                74.32319,
                31.37144
              ],
              [
                74.32326,
                31.37119
              ],
              [
                74.32335,
                31.37118
              ],
              [
                74.32339,
                31.37114
              ],
              [
                74.32366,
                31.37105
              ],
              [
                74.32392,
                31.37094
              ],
              [
                74.32401,
                31.37099
              ],
              [
                74.32436,
                31.37094
              ],
              [
                74.32464,
                31.37089
              ],
              [
                74.32519,
                31.37077
              ],
              [
                74.32528,
                31.37082
              ],
              [
                74.32577,
                31.37085
              ],
              [
                74.32596,
                31.37086
              ],
              [
                74.3262,
                31.37088
              ],
              [
                74.32643,
                31.37083
              ],
              [
                74.32664,
                31.37091
              ],
              [
                74.32675,
                31.37093
              ],
              [
                74.32687,
                31.37084
              ],
              [
                74.32687,
                31.3706
              ],
              [
                74.32705,
                31.37011
              ],
              [
                74.32708,
                31.37004
              ],
              [
                74.32721,
                31.36971
              ],
              [
                74.32757,
                31.36984
              ],
              [
                74.32764,
                31.36985
              ],
              [
                74.32774,
                31.36989
              ],
              [
                74.32795,
                31.36995
              ],
              [
                74.32837,
                31.37008
              ],
              [
                74.32871,
                31.37018
              ],
              [
                74.3291,
                31.37029
              ],
              [
                74.32915,
                31.3703
              ],
              [
                74.32952,
                31.3705
              ],
              [
                74.32989,
                31.3707
              ],
              [
                74.33013,
                31.37088
              ],
              [
                74.33028,
                31.37099
              ],
              [
                74.33068,
                31.37126
              ],
              [
                74.33074,
                31.37129
              ],
              [
                74.33088,
                31.37135
              ],
              [
                74.33097,
                31.37171
              ],
              [
                74.33098,
                31.37176
              ],
              [
                74.33096,
                31.372
              ],
              [
                74.33093,
                31.37223
              ],
              [
                74.331,
                31.3725
              ],
              [
                74.33094,
                31.37274
              ],
              [
                74.33101,
                31.37304
              ],
              [
                74.33105,
                31.37323
              ],
              [
                74.3312,
                31.37371
              ],
              [
                74.3312,
                31.37374
              ],
              [
                74.33097,
                31.37418
              ],
              [
                74.33095,
                31.37422
              ],
              [
                74.3309,
                31.37429
              ],
              [
                74.33082,
                31.37444
              ],
              [
                74.33077,
                31.37483
              ],
              [
                74.33076,
                31.37487
              ],
              [
                74.33058,
                31.37505
              ],
              [
                74.33055,
                31.37508
              ],
              [
                74.33062,
                31.3753
              ],
              [
                74.33064,
                31.37537
              ],
              [
                74.33067,
                31.37536
              ],
              [
                74.33082,
                31.37584
              ],
              [
                74.33098,
                31.37635
              ],
              [
                74.33095,
                31.37635
              ],
              [
                74.33046,
                31.37681
              ],
              [
                74.33024,
                31.377
              ],
              [
                74.33004,
                31.37717
              ],
              [
                74.32994,
                31.37728
              ],
              [
                74.32951,
                31.37765
              ],
              [
                74.32948,
                31.37768
              ],
              [
                74.32943,
                31.37777
              ],
              [
                74.32912,
                31.37818
              ],
              [
                74.32898,
                31.37831
              ],
              [
                74.32894,
                31.37835
              ],
              [
                74.32842,
                31.37879
              ],
              [
                74.32835,
                31.37884
              ],
              [
                74.32806,
                31.37903
              ],
              [
                74.3284,
                31.37947
              ],
              [
                74.32853,
                31.37962
              ],
              [
                74.32818,
                31.38003
              ],
              [
                74.32815,
                31.38007
              ],
              [
                74.32791,
                31.38042
              ],
              [
                74.32759,
                31.38039
              ],
              [
                74.32691,
                31.38035
              ],
              [
                74.3267,
                31.38037
              ],
              [
                74.32627,
                31.38041
              ],
              [
                74.32624,
                31.38042
              ],
              [
                74.32579,
                31.38058
              ],
              [
                74.32566,
                31.3806
              ],
              [
                74.32554,
                31.38063
              ],
              [
                74.32517,
                31.38072
              ],
              [
                74.32507,
                31.38081
              ],
              [
                74.32483,
                31.38091
              ],
              [
                74.32452,
                31.38118
              ],
              [
                74.32432,
                31.38132
              ],
              [
                74.32425,
                31.38144
              ],
              [
                74.32412,
                31.38198
              ],
              [
                74.32417,
                31.38215
              ],
              [
                74.32416,
                31.38218
              ],
              [
                74.32405,
                31.38251
              ],
              [
                74.32396,
                31.38272
              ],
              [
                74.32396,
                31.383
              ],
              [
                74.32395,
                31.38304
              ],
              [
                74.32387,
                31.38338
              ],
              [
                74.32382,
                31.38359
              ],
              [
                74.32372,
                31.38402
              ],
              [
                74.32367,
                31.38413
              ],
              [
                74.32373,
                31.38451
              ],
              [
                74.32359,
                31.38462
              ],
              [
                74.3235,
                31.38468
              ],
              [
                74.32339,
                31.38477
              ],
              [
                74.32318,
                31.385
              ],
              [
                74.32308,
                31.38509
              ],
              [
                74.32288,
                31.38527
              ],
              [
                74.32266,
                31.38532
              ],
              [
                74.32251,
                31.38542
              ],
              [
                74.32221,
                31.38562
              ],
              [
                74.32196,
                31.38579
              ],
              [
                74.32187,
                31.38583
              ],
              [
                74.32142,
                31.38618
              ],
              [
                74.32091,
                31.38668
              ],
              [
                74.32075,
                31.38685
              ],
              [
                74.32062,
                31.38697
              ],
              [
                74.32055,
                31.38689
              ],
              [
                74.32045,
                31.38679
              ],
              [
                74.32027,
                31.38668
              ],
              [
                74.32025,
                31.38669
              ]
            ]
          ],
          [
            [
              [
                74.32096,
                31.3702
              ],
              [
                74.32068,
                31.37026
              ],
              [
                74.32063,
                31.3701
              ],
              [
                74.32043,
                31.37013
              ],
              [
                74.31983,
                31.37016
              ],
              [
                74.31977,
                31.37016
              ],
              [
                74.31934,
                31.37017
              ],
              [
                74.31941,
                31.36974
              ],
              [
                74.31952,
                31.36934
              ],
              [
                74.31956,
                31.36919
              ],
              [
                74.31959,
                31.36901
              ],
              [
                74.31958,
                31.36868
              ],
              [
                74.31958,
                31.36816
              ],
              [
                74.31958,
                31.36804
              ],
              [
                74.31977,
                31.36801
              ],
              [
                74.3204,
                31.36789
              ],
              [
                74.32057,
                31.36787
              ],
              [
                74.32071,
                31.36765
              ],
              [
                74.32099,
                31.36765
              ],
              [
                74.32165,
                31.36766
              ],
              [
                74.322,
                31.36756
              ],
              [
                74.32209,
                31.36759
              ],
              [
                74.32217,
                31.36757
              ],
              [
                74.32228,
                31.36755
              ],
              [
                74.3229,
                31.36741
              ],
              [
                74.32346,
                31.36746
              ],
              [
                74.3234,
                31.3677
              ],
              [
                74.32337,
                31.36781
              ],
              [
                74.32332,
                31.36802
              ],
              [
                74.32326,
                31.36835
              ],
              [
                74.32321,
                31.36842
              ],
              [
                74.32301,
                31.36876
              ],
              [
                74.32297,
                31.36883
              ],
              [
                74.32284,
                31.36896
              ],
              [
                74.32274,
                31.36905
              ],
              [
                74.3222,
                31.36942
              ],
              [
                74.32177,
                31.36971
              ],
              [
                74.32165,
                31.3698
              ],
              [
                74.32106,
                31.37002
              ],
              [
                74.32092,
                31.37006
              ],
              [
                74.32096,
                31.3702
              ]
            ]
          ]
        ]
      }
    },
    {
      "type": "Feature",
      "properties": {
        "mauza": "Tha Janib",
        "patwari_name": "Thay Champ",
        "patwari_match_confidence": "estimated location from the Patwari sketch map places \"Thay Champ\" ~350m from this mouza's centroid, within the sketch's overall georeferencing error -- treated as a confirmed match",
        "mauza_urdu": null,
        "hb_no": null,
        "tehsil": "Nishter",
        "district": "Lahore",
        "source_object_id": 754204
      },
      "geometry": {
        "type": "Polygon",
        "coordinates": [
          [
            [
              74.43537,
              31.30264
            ],
            [
              74.43536,
              31.30274
            ],
            [
              74.43515,
              31.30276
            ],
            [
              74.43451,
              31.30284
            ],
            [
              74.43431,
              31.30286
            ],
            [
              74.43386,
              31.30285
            ],
            [
              74.43322,
              31.30282
            ],
            [
              74.43258,
              31.3028
            ],
            [
              74.43194,
              31.30277
            ],
            [
              74.4315,
              31.30275
            ],
            [
              74.43131,
              31.30274
            ],
            [
              74.43067,
              31.30271
            ],
            [
              74.43039,
              31.30271
            ],
            [
              74.43003,
              31.3025
            ],
            [
              74.42978,
              31.30236
            ],
            [
              74.42986,
              31.30201
            ],
            [
              74.42997,
              31.30151
            ],
            [
              74.43008,
              31.30102
            ],
            [
              74.4302,
              31.30053
            ],
            [
              74.43026,
              31.30023
            ],
            [
              74.43026,
              31.30005
            ],
            [
              74.43026,
              31.30003
            ],
            [
              74.43025,
              31.3
            ],
            [
              74.4302,
              31.29954
            ],
            [
              74.43015,
              31.29907
            ],
            [
              74.43015,
              31.29904
            ],
            [
              74.42999,
              31.29854
            ],
            [
              74.42988,
              31.2982
            ],
            [
              74.42984,
              31.29804
            ],
            [
              74.42979,
              31.29788
            ],
            [
              74.42956,
              31.29765
            ],
            [
              74.42946,
              31.2976
            ],
            [
              74.42892,
              31.29755
            ],
            [
              74.42857,
              31.29752
            ],
            [
              74.42851,
              31.29702
            ],
            [
              74.42853,
              31.29652
            ],
            [
              74.42891,
              31.29604
            ],
            [
              74.42898,
              31.29597
            ],
            [
              74.4291,
              31.29585
            ],
            [
              74.42938,
              31.29555
            ],
            [
              74.42964,
              31.29527
            ],
            [
              74.42991,
              31.29507
            ],
            [
              74.43013,
              31.29491
            ],
            [
              74.4303,
              31.29485
            ],
            [
              74.43074,
              31.2946
            ],
            [
              74.43095,
              31.29448
            ],
            [
              74.43157,
              31.29413
            ],
            [
              74.43161,
              31.29411
            ],
            [
              74.43164,
              31.2941
            ],
            [
              74.43189,
              31.29396
            ],
            [
              74.43226,
              31.29376
            ],
            [
              74.43244,
              31.29365
            ],
            [
              74.43279,
              31.29349
            ],
            [
              74.43291,
              31.29343
            ],
            [
              74.43338,
              31.29318
            ],
            [
              74.43356,
              31.29308
            ],
            [
              74.4338,
              31.29295
            ],
            [
              74.43421,
              31.29281
            ],
            [
              74.43448,
              31.29271
            ],
            [
              74.43486,
              31.29258
            ],
            [
              74.4349,
              31.29256
            ],
            [
              74.43551,
              31.29236
            ],
            [
              74.43582,
              31.29225
            ],
            [
              74.4359,
              31.29223
            ],
            [
              74.43576,
              31.29176
            ],
            [
              74.43564,
              31.29133
            ],
            [
              74.4356,
              31.29126
            ],
            [
              74.43555,
              31.29114
            ],
            [
              74.43541,
              31.29076
            ],
            [
              74.43536,
              31.29061
            ],
            [
              74.43557,
              31.29057
            ],
            [
              74.43616,
              31.29047
            ],
            [
              74.43614,
              31.29028
            ],
            [
              74.4361,
              31.28978
            ],
            [
              74.43589,
              31.28978
            ],
            [
              74.43583,
              31.28929
            ],
            [
              74.43589,
              31.28928
            ],
            [
              74.43626,
              31.28927
            ],
            [
              74.43687,
              31.28924
            ],
            [
              74.43687,
              31.28931
            ],
            [
              74.43689,
              31.28954
            ],
            [
              74.43754,
              31.28938
            ],
            [
              74.43756,
              31.28936
            ],
            [
              74.43818,
              31.28944
            ],
            [
              74.4382,
              31.28945
            ],
            [
              74.43881,
              31.28952
            ],
            [
              74.43945,
              31.28958
            ],
            [
              74.43969,
              31.28961
            ],
            [
              74.43974,
              31.28962
            ],
            [
              74.4401,
              31.2895
            ],
            [
              74.44026,
              31.28945
            ],
            [
              74.44073,
              31.28981
            ],
            [
              74.44076,
              31.28983
            ],
            [
              74.44081,
              31.28991
            ],
            [
              74.44116,
              31.29038
            ],
            [
              74.44135,
              31.29041
            ],
            [
              74.44198,
              31.29049
            ],
            [
              74.44262,
              31.29057
            ],
            [
              74.44309,
              31.29068
            ],
            [
              74.44321,
              31.29046
            ],
            [
              74.44327,
              31.29037
            ],
            [
              74.44356,
              31.28998
            ],
            [
              74.44386,
              31.28949
            ],
            [
              74.44395,
              31.28936
            ],
            [
              74.44418,
              31.289
            ],
            [
              74.44452,
              31.28851
            ],
            [
              74.4446,
              31.2884
            ],
            [
              74.44462,
              31.28842
            ],
            [
              74.44472,
              31.28852
            ],
            [
              74.44524,
              31.28903
            ],
            [
              74.44586,
              31.28954
            ],
            [
              74.44591,
              31.28959
            ],
            [
              74.44648,
              31.29005
            ],
            [
              74.44655,
              31.29013
            ],
            [
              74.447,
              31.29056
            ],
            [
              74.4471,
              31.29067
            ],
            [
              74.44733,
              31.2909
            ],
            [
              74.44747,
              31.29107
            ],
            [
              74.44757,
              31.29115
            ],
            [
              74.44772,
              31.29129
            ],
            [
              74.44775,
              31.29131
            ],
            [
              74.44804,
              31.29158
            ],
            [
              74.44821,
              31.29174
            ],
            [
              74.44835,
              31.29179
            ],
            [
              74.44867,
              31.29191
            ],
            [
              74.44898,
              31.29197
            ],
            [
              74.44928,
              31.29203
            ],
            [
              74.44927,
              31.2921
            ],
            [
              74.44923,
              31.2926
            ],
            [
              74.44922,
              31.29286
            ],
            [
              74.44923,
              31.29309
            ],
            [
              74.44928,
              31.29354
            ],
            [
              74.44925,
              31.29359
            ],
            [
              74.44932,
              31.29409
            ],
            [
              74.44938,
              31.2945
            ],
            [
              74.4494,
              31.29458
            ],
            [
              74.44951,
              31.29508
            ],
            [
              74.44959,
              31.2954
            ],
            [
              74.44993,
              31.29559
            ],
            [
              74.45013,
              31.29569
            ],
            [
              74.4502,
              31.29573
            ],
            [
              74.45051,
              31.29588
            ],
            [
              74.4505,
              31.2961
            ],
            [
              74.45049,
              31.29659
            ],
            [
              74.45049,
              31.29662
            ],
            [
              74.45049,
              31.29699
            ],
            [
              74.45052,
              31.29709
            ],
            [
              74.45071,
              31.29755
            ],
            [
              74.45073,
              31.29759
            ],
            [
              74.4508,
              31.29775
            ],
            [
              74.4509,
              31.29809
            ],
            [
              74.45105,
              31.29847
            ],
            [
              74.45108,
              31.29859
            ],
            [
              74.45125,
              31.29909
            ],
            [
              74.45129,
              31.29921
            ],
            [
              74.45142,
              31.29959
            ],
            [
              74.45158,
              31.30009
            ],
            [
              74.45167,
              31.3004
            ],
            [
              74.45173,
              31.30058
            ],
            [
              74.45187,
              31.30097
            ],
            [
              74.45192,
              31.30108
            ],
            [
              74.45193,
              31.30121
            ],
            [
              74.452,
              31.30158
            ],
            [
              74.45207,
              31.30206
            ],
            [
              74.45208,
              31.30208
            ],
            [
              74.45234,
              31.30258
            ],
            [
              74.4524,
              31.30271
            ],
            [
              74.45182,
              31.30266
            ],
            [
              74.4517,
              31.30265
            ],
            [
              74.45118,
              31.30261
            ],
            [
              74.45054,
              31.30255
            ],
            [
              74.45035,
              31.30256
            ],
            [
              74.45027,
              31.30253
            ],
            [
              74.4499,
              31.30237
            ],
            [
              74.44964,
              31.30228
            ],
            [
              74.44927,
              31.30216
            ],
            [
              74.44909,
              31.3021
            ],
            [
              74.44902,
              31.3025
            ],
            [
              74.44862,
              31.30251
            ],
            [
              74.44797,
              31.30258
            ],
            [
              74.44788,
              31.30257
            ],
            [
              74.44787,
              31.30247
            ],
            [
              74.44786,
              31.30237
            ],
            [
              74.44734,
              31.30222
            ],
            [
              74.44671,
              31.30207
            ],
            [
              74.44607,
              31.30193
            ],
            [
              74.44604,
              31.30192
            ],
            [
              74.44581,
              31.30208
            ],
            [
              74.44543,
              31.30212
            ],
            [
              74.44478,
              31.3022
            ],
            [
              74.44442,
              31.30224
            ],
            [
              74.4444,
              31.30238
            ],
            [
              74.44436,
              31.30272
            ],
            [
              74.44412,
              31.30267
            ],
            [
              74.4439,
              31.30265
            ],
            [
              74.44394,
              31.30237
            ],
            [
              74.44396,
              31.30223
            ],
            [
              74.4435,
              31.30219
            ],
            [
              74.44286,
              31.30217
            ],
            [
              74.4427,
              31.30216
            ],
            [
              74.44222,
              31.30213
            ],
            [
              74.44158,
              31.30209
            ],
            [
              74.44136,
              31.30208
            ],
            [
              74.44094,
              31.30207
            ],
            [
              74.44089,
              31.30207
            ],
            [
              74.4403,
              31.30194
            ],
            [
              74.43986,
              31.30184
            ],
            [
              74.4398,
              31.30226
            ],
            [
              74.43977,
              31.30257
            ],
            [
              74.43964,
              31.30254
            ],
            [
              74.43901,
              31.30239
            ],
            [
              74.43892,
              31.30236
            ],
            [
              74.4389,
              31.30224
            ],
            [
              74.43887,
              31.30198
            ],
            [
              74.43838,
              31.30201
            ],
            [
              74.43814,
              31.30203
            ],
            [
              74.43812,
              31.30222
            ],
            [
              74.4381,
              31.30238
            ],
            [
              74.43778,
              31.30232
            ],
            [
              74.43773,
              31.3023
            ],
            [
              74.4377,
              31.3023
            ],
            [
              74.43762,
              31.30229
            ],
            [
              74.43709,
              31.30224
            ],
            [
              74.43645,
              31.30218
            ],
            [
              74.43638,
              31.30217
            ],
            [
              74.43599,
              31.30252
            ],
            [
              74.4358,
              31.30243
            ],
            [
              74.4354,
              31.3023
            ],
            [
              74.43537,
              31.30264
            ]
          ]
        ]
      }
    },
    {
      "type": "Feature",
      "properties": {
        "mauza": "Theh Punju",
        "mauza_urdu": null,
        "hb_no": null,
        "tehsil": "Nishter",
        "district": "Lahore",
        "source_object_id": 754210
      },
      "geometry": {
        "type": "Polygon",
        "coordinates": [
          [
            [
              74.35326,
              31.38723
            ],
            [
              74.35309,
              31.38746
            ],
            [
              74.35293,
              31.38767
            ],
            [
              74.3529,
              31.38776
            ],
            [
              74.35266,
              31.38797
            ],
            [
              74.3525,
              31.38821
            ],
            [
              74.35202,
              31.388
            ],
            [
              74.35189,
              31.38791
            ],
            [
              74.35136,
              31.38766
            ],
            [
              74.35116,
              31.38754
            ],
            [
              74.3507,
              31.38733
            ],
            [
              74.35035,
              31.38714
            ],
            [
              74.35004,
              31.38716
            ],
            [
              74.34964,
              31.38717
            ],
            [
              74.34942,
              31.38742
            ],
            [
              74.3493,
              31.38757
            ],
            [
              74.34927,
              31.3876
            ],
            [
              74.34878,
              31.38748
            ],
            [
              74.34813,
              31.38733
            ],
            [
              74.34764,
              31.3872
            ],
            [
              74.34748,
              31.38715
            ],
            [
              74.34708,
              31.38708
            ],
            [
              74.34682,
              31.38686
            ],
            [
              74.34663,
              31.38674
            ],
            [
              74.34615,
              31.38643
            ],
            [
              74.3459,
              31.38628
            ],
            [
              74.34548,
              31.38601
            ],
            [
              74.34507,
              31.38582
            ],
            [
              74.34496,
              31.38572
            ],
            [
              74.34503,
              31.38533
            ],
            [
              74.34512,
              31.38496
            ],
            [
              74.34511,
              31.38483
            ],
            [
              74.34503,
              31.38433
            ],
            [
              74.345,
              31.38387
            ],
            [
              74.34488,
              31.38385
            ],
            [
              74.34471,
              31.38373
            ],
            [
              74.34405,
              31.38339
            ],
            [
              74.34342,
              31.38301
            ],
            [
              74.34338,
              31.383
            ],
            [
              74.34325,
              31.38292
            ],
            [
              74.34272,
              31.38263
            ],
            [
              74.34268,
              31.3826
            ],
            [
              74.34242,
              31.3825
            ],
            [
              74.34234,
              31.38247
            ],
            [
              74.34206,
              31.38235
            ],
            [
              74.34192,
              31.38229
            ],
            [
              74.34141,
              31.38216
            ],
            [
              74.34092,
              31.38203
            ],
            [
              74.34076,
              31.38198
            ],
            [
              74.34057,
              31.38193
            ],
            [
              74.3401,
              31.38178
            ],
            [
              74.33996,
              31.38158
            ],
            [
              74.33966,
              31.38109
            ],
            [
              74.3394,
              31.38068
            ],
            [
              74.33933,
              31.38061
            ],
            [
              74.33925,
              31.3805
            ],
            [
              74.33879,
              31.38014
            ],
            [
              74.33872,
              31.38009
            ],
            [
              74.33812,
              31.37967
            ],
            [
              74.33805,
              31.37955
            ],
            [
              74.3379,
              31.37949
            ],
            [
              74.33774,
              31.37919
            ],
            [
              74.33772,
              31.3791
            ],
            [
              74.3377,
              31.37886
            ],
            [
              74.3377,
              31.3787
            ],
            [
              74.33768,
              31.3782
            ],
            [
              74.33773,
              31.37797
            ],
            [
              74.33774,
              31.37788
            ],
            [
              74.33775,
              31.37771
            ],
            [
              74.33782,
              31.37726
            ],
            [
              74.33779,
              31.37721
            ],
            [
              74.33777,
              31.37717
            ],
            [
              74.33725,
              31.37678
            ],
            [
              74.33721,
              31.37674
            ],
            [
              74.33661,
              31.37627
            ],
            [
              74.33657,
              31.37624
            ],
            [
              74.33611,
              31.37591
            ],
            [
              74.33594,
              31.3758
            ],
            [
              74.3359,
              31.37576
            ],
            [
              74.33524,
              31.37542
            ],
            [
              74.33509,
              31.37534
            ],
            [
              74.33458,
              31.37503
            ],
            [
              74.33433,
              31.37493
            ],
            [
              74.3342,
              31.37488
            ],
            [
              74.33392,
              31.37477
            ],
            [
              74.33332,
              31.37458
            ],
            [
              74.33327,
              31.37457
            ],
            [
              74.33291,
              31.37444
            ],
            [
              74.33261,
              31.37435
            ],
            [
              74.33195,
              31.37404
            ],
            [
              74.33184,
              31.37399
            ],
            [
              74.33155,
              31.37385
            ],
            [
              74.33127,
              31.37355
            ],
            [
              74.33125,
              31.37352
            ],
            [
              74.33121,
              31.37351
            ],
            [
              74.33111,
              31.37303
            ],
            [
              74.33107,
              31.37283
            ],
            [
              74.33103,
              31.37254
            ],
            [
              74.33102,
              31.37229
            ],
            [
              74.33097,
              31.37205
            ],
            [
              74.33095,
              31.37165
            ],
            [
              74.33086,
              31.37156
            ],
            [
              74.33073,
              31.3711
            ],
            [
              74.33071,
              31.37107
            ],
            [
              74.33049,
              31.37087
            ],
            [
              74.33025,
              31.37064
            ],
            [
              74.33015,
              31.3706
            ],
            [
              74.32982,
              31.37044
            ],
            [
              74.32916,
              31.37014
            ],
            [
              74.32897,
              31.37009
            ],
            [
              74.32851,
              31.36992
            ],
            [
              74.32785,
              31.36974
            ],
            [
              74.32777,
              31.36971
            ],
            [
              74.32752,
              31.36963
            ],
            [
              74.3272,
              31.36952
            ],
            [
              74.32706,
              31.36945
            ],
            [
              74.32719,
              31.36935
            ],
            [
              74.32731,
              31.36923
            ],
            [
              74.3278,
              31.36875
            ],
            [
              74.32784,
              31.36871
            ],
            [
              74.32831,
              31.3682
            ],
            [
              74.3284,
              31.36814
            ],
            [
              74.32887,
              31.36768
            ],
            [
              74.32901,
              31.36753
            ],
            [
              74.32938,
              31.3672
            ],
            [
              74.32941,
              31.36716
            ],
            [
              74.32962,
              31.36694
            ],
            [
              74.32976,
              31.36683
            ],
            [
              74.32961,
              31.36674
            ],
            [
              74.32944,
              31.36666
            ],
            [
              74.32894,
              31.36632
            ],
            [
              74.32871,
              31.3662
            ],
            [
              74.32828,
              31.36594
            ],
            [
              74.32794,
              31.36573
            ],
            [
              74.32761,
              31.36554
            ],
            [
              74.32718,
              31.36527
            ],
            [
              74.32695,
              31.36513
            ],
            [
              74.32676,
              31.36502
            ],
            [
              74.32686,
              31.36479
            ],
            [
              74.32691,
              31.36454
            ],
            [
              74.32701,
              31.36429
            ],
            [
              74.32714,
              31.36379
            ],
            [
              74.32726,
              31.36328
            ],
            [
              74.32726,
              31.36318
            ],
            [
              74.32731,
              31.36279
            ],
            [
              74.32731,
              31.36229
            ],
            [
              74.32732,
              31.36211
            ],
            [
              74.32737,
              31.36194
            ],
            [
              74.3274,
              31.36189
            ],
            [
              74.32746,
              31.36179
            ],
            [
              74.32765,
              31.36129
            ],
            [
              74.32769,
              31.36115
            ],
            [
              74.3279,
              31.36081
            ],
            [
              74.3279,
              31.36078
            ],
            [
              74.3279,
              31.36078
            ],
            [
              74.32797,
              31.36064
            ],
            [
              74.32817,
              31.36027
            ],
            [
              74.32845,
              31.35976
            ],
            [
              74.32854,
              31.35931
            ],
            [
              74.32856,
              31.35926
            ],
            [
              74.32866,
              31.3591
            ],
            [
              74.32868,
              31.359
            ],
            [
              74.32878,
              31.35882
            ],
            [
              74.32878,
              31.35876
            ],
            [
              74.32879,
              31.35872
            ],
            [
              74.32894,
              31.35826
            ],
            [
              74.32907,
              31.35776
            ],
            [
              74.32917,
              31.35741
            ],
            [
              74.32919,
              31.35726
            ],
            [
              74.32925,
              31.35676
            ],
            [
              74.32929,
              31.35651
            ],
            [
              74.32931,
              31.35647
            ],
            [
              74.32931,
              31.35626
            ],
            [
              74.32941,
              31.35576
            ],
            [
              74.32944,
              31.35547
            ],
            [
              74.3296,
              31.35546
            ],
            [
              74.33024,
              31.35546
            ],
            [
              74.33087,
              31.35522
            ],
            [
              74.33091,
              31.3552
            ],
            [
              74.33126,
              31.35506
            ],
            [
              74.33084,
              31.35471
            ],
            [
              74.33028,
              31.35424
            ],
            [
              74.33007,
              31.35404
            ],
            [
              74.32996,
              31.35375
            ],
            [
              74.32974,
              31.35327
            ],
            [
              74.32954,
              31.35278
            ],
            [
              74.32947,
              31.35264
            ],
            [
              74.33007,
              31.35247
            ],
            [
              74.3304,
              31.35235
            ],
            [
              74.3307,
              31.35228
            ],
            [
              74.33085,
              31.35223
            ],
            [
              74.33111,
              31.35216
            ],
            [
              74.33132,
              31.35171
            ],
            [
              74.33149,
              31.35133
            ],
            [
              74.33192,
              31.35122
            ],
            [
              74.33255,
              31.35104
            ],
            [
              74.33311,
              31.35091
            ],
            [
              74.33317,
              31.35064
            ],
            [
              74.33323,
              31.35029
            ],
            [
              74.33328,
              31.35014
            ],
            [
              74.33353,
              31.34964
            ],
            [
              74.33358,
              31.34948
            ],
            [
              74.33374,
              31.34939
            ],
            [
              74.33426,
              31.34918
            ],
            [
              74.33437,
              31.34917
            ],
            [
              74.335,
              31.34908
            ],
            [
              74.33536,
              31.34904
            ],
            [
              74.33557,
              31.34856
            ],
            [
              74.33561,
              31.34856
            ],
            [
              74.33561,
              31.34845
            ],
            [
              74.33568,
              31.34835
            ],
            [
              74.33565,
              31.34806
            ],
            [
              74.33557,
              31.34781
            ],
            [
              74.33556,
              31.34762
            ],
            [
              74.33568,
              31.34756
            ],
            [
              74.33588,
              31.34741
            ],
            [
              74.33617,
              31.34705
            ],
            [
              74.33626,
              31.34694
            ],
            [
              74.33643,
              31.34654
            ],
            [
              74.33676,
              31.34611
            ],
            [
              74.33682,
              31.34603
            ],
            [
              74.33725,
              31.34551
            ],
            [
              74.33736,
              31.3454
            ],
            [
              74.33767,
              31.345
            ],
            [
              74.33721,
              31.34452
            ],
            [
              74.33703,
              31.34402
            ],
            [
              74.33705,
              31.34399
            ],
            [
              74.33706,
              31.34358
            ],
            [
              74.33706,
              31.34354
            ],
            [
              74.33705,
              31.34313
            ],
            [
              74.33703,
              31.34304
            ],
            [
              74.3369,
              31.34255
            ],
            [
              74.33685,
              31.34231
            ],
            [
              74.33663,
              31.34207
            ],
            [
              74.33652,
              31.34197
            ],
            [
              74.33625,
              31.34169
            ],
            [
              74.33617,
              31.34159
            ],
            [
              74.33583,
              31.3412
            ],
            [
              74.33578,
              31.34112
            ],
            [
              74.33533,
              31.34064
            ],
            [
              74.3353,
              31.34064
            ],
            [
              74.33525,
              31.3406
            ],
            [
              74.33497,
              31.34016
            ],
            [
              74.3348,
              31.33994
            ],
            [
              74.33511,
              31.33979
            ],
            [
              74.3354,
              31.33964
            ],
            [
              74.33573,
              31.33951
            ],
            [
              74.336,
              31.33941
            ],
            [
              74.33608,
              31.33937
            ],
            [
              74.33616,
              31.33957
            ],
            [
              74.33637,
              31.33948
            ],
            [
              74.33674,
              31.33938
            ],
            [
              74.33678,
              31.33959
            ],
            [
              74.33694,
              31.34007
            ],
            [
              74.33704,
              31.34039
            ],
            [
              74.33707,
              31.3404
            ],
            [
              74.3375,
              31.34017
            ],
            [
              74.3377,
              31.34017
            ],
            [
              74.33834,
              31.34024
            ],
            [
              74.33899,
              31.34032
            ],
            [
              74.33911,
              31.34024
            ],
            [
              74.33925,
              31.34018
            ],
            [
              74.33964,
              31.34046
            ],
            [
              74.34022,
              31.34079
            ],
            [
              74.3403,
              31.34087
            ],
            [
              74.34039,
              31.34092
            ],
            [
              74.34039,
              31.34092
            ],
            [
              74.3403,
              31.34087
            ],
            [
              74.34023,
              31.3408
            ],
            [
              74.34022,
              31.34079
            ],
            [
              74.33964,
              31.34046
            ],
            [
              74.33926,
              31.34018
            ],
            [
              74.33962,
              31.34013
            ],
            [
              74.34001,
              31.34005
            ],
            [
              74.34018,
              31.34009
            ],
            [
              74.34018,
              31.34009
            ],
            [
              74.34026,
              31.34015
            ],
            [
              74.34079,
              31.34035
            ],
            [
              74.34091,
              31.34032
            ],
            [
              74.34091,
              31.34032
            ],
            [
              74.34131,
              31.34017
            ],
            [
              74.34148,
              31.34038
            ],
            [
              74.34156,
              31.34048
            ],
            [
              74.34187,
              31.34086
            ],
            [
              74.34225,
              31.34128
            ],
            [
              74.3423,
              31.34133
            ],
            [
              74.34259,
              31.34169
            ],
            [
              74.34279,
              31.34181
            ],
            [
              74.34293,
              31.34187
            ],
            [
              74.34304,
              31.34196
            ],
            [
              74.34359,
              31.34221
            ],
            [
              74.34367,
              31.34227
            ],
            [
              74.34398,
              31.34247
            ],
            [
              74.34425,
              31.34261
            ],
            [
              74.34458,
              31.34272
            ],
            [
              74.34491,
              31.34291
            ],
            [
              74.34491,
              31.3428
            ],
            [
              74.34513,
              31.34281
            ],
            [
              74.34509,
              31.3432
            ],
            [
              74.34496,
              31.3437
            ],
            [
              74.34496,
              31.34377
            ],
            [
              74.34562,
              31.34412
            ],
            [
              74.34567,
              31.34416
            ],
            [
              74.34629,
              31.34448
            ],
            [
              74.34653,
              31.34463
            ],
            [
              74.34695,
              31.34488
            ],
            [
              74.34761,
              31.34521
            ],
            [
              74.34779,
              31.34531
            ],
            [
              74.34821,
              31.34554
            ],
            [
              74.34827,
              31.34557
            ],
            [
              74.34881,
              31.34585
            ],
            [
              74.34873,
              31.34601
            ],
            [
              74.34869,
              31.34623
            ],
            [
              74.34892,
              31.34639
            ],
            [
              74.34896,
              31.34638
            ],
            [
              74.34912,
              31.34638
            ],
            [
              74.34911,
              31.34649
            ],
            [
              74.34909,
              31.34666
            ],
            [
              74.34902,
              31.34694
            ],
            [
              74.34905,
              31.34699
            ],
            [
              74.34918,
              31.34703
            ],
            [
              74.34914,
              31.34748
            ],
            [
              74.34914,
              31.34758
            ],
            [
              74.34924,
              31.34762
            ],
            [
              74.34938,
              31.34797
            ],
            [
              74.34942,
              31.34846
            ],
            [
              74.34941,
              31.34859
            ],
            [
              74.34967,
              31.34895
            ],
            [
              74.34994,
              31.34943
            ],
            [
              74.3501,
              31.34992
            ],
            [
              74.35024,
              31.35041
            ],
            [
              74.35035,
              31.35074
            ],
            [
              74.35036,
              31.3509
            ],
            [
              74.35041,
              31.35139
            ],
            [
              74.35043,
              31.35144
            ],
            [
              74.35045,
              31.35161
            ],
            [
              74.35049,
              31.35189
            ],
            [
              74.35053,
              31.35238
            ],
            [
              74.35061,
              31.35269
            ],
            [
              74.35049,
              31.35288
            ],
            [
              74.35027,
              31.35338
            ],
            [
              74.35003,
              31.35385
            ],
            [
              74.35002,
              31.35387
            ],
            [
              74.35001,
              31.35389
            ],
            [
              74.34986,
              31.35429
            ],
            [
              74.34994,
              31.35439
            ],
            [
              74.35007,
              31.35445
            ],
            [
              74.35028,
              31.35468
            ],
            [
              74.35024,
              31.35487
            ],
            [
              74.35017,
              31.35537
            ],
            [
              74.35014,
              31.35562
            ],
            [
              74.35009,
              31.35587
            ],
            [
              74.35007,
              31.35607
            ],
            [
              74.35017,
              31.35614
            ],
            [
              74.35063,
              31.35634
            ],
            [
              74.35083,
              31.35644
            ],
            [
              74.35089,
              31.35645
            ],
            [
              74.35111,
              31.35682
            ],
            [
              74.35126,
              31.35696
            ],
            [
              74.35151,
              31.35713
            ],
            [
              74.35168,
              31.35729
            ],
            [
              74.35218,
              31.35761
            ],
            [
              74.35235,
              31.35775
            ],
            [
              74.35286,
              31.3582
            ],
            [
              74.35291,
              31.35823
            ],
            [
              74.35302,
              31.35832
            ],
            [
              74.35343,
              31.3587
            ],
            [
              74.35353,
              31.35881
            ],
            [
              74.35359,
              31.35885
            ],
            [
              74.35381,
              31.35893
            ],
            [
              74.35391,
              31.35901
            ],
            [
              74.35387,
              31.35909
            ],
            [
              74.35386,
              31.35915
            ],
            [
              74.35388,
              31.35918
            ],
            [
              74.35403,
              31.35935
            ],
            [
              74.35407,
              31.35938
            ],
            [
              74.35413,
              31.35949
            ],
            [
              74.35422,
              31.3596
            ],
            [
              74.35427,
              31.35965
            ],
            [
              74.35469,
              31.36013
            ],
            [
              74.35491,
              31.3604
            ],
            [
              74.35496,
              31.36047
            ],
            [
              74.35508,
              31.36061
            ],
            [
              74.35512,
              31.36065
            ],
            [
              74.35558,
              31.36093
            ],
            [
              74.35575,
              31.36108
            ],
            [
              74.35625,
              31.36137
            ],
            [
              74.35647,
              31.36154
            ],
            [
              74.35692,
              31.3618
            ],
            [
              74.35713,
              31.36192
            ],
            [
              74.35734,
              31.362
            ],
            [
              74.35758,
              31.36212
            ],
            [
              74.35775,
              31.36218
            ],
            [
              74.35781,
              31.36248
            ],
            [
              74.35795,
              31.36297
            ],
            [
              74.35817,
              31.36345
            ],
            [
              74.35828,
              31.36374
            ],
            [
              74.35831,
              31.36378
            ],
            [
              74.35852,
              31.36393
            ],
            [
              74.35877,
              31.36414
            ],
            [
              74.35874,
              31.36442
            ],
            [
              74.35881,
              31.36491
            ],
            [
              74.35882,
              31.36504
            ],
            [
              74.35884,
              31.36541
            ],
            [
              74.35882,
              31.36543
            ],
            [
              74.35908,
              31.36589
            ],
            [
              74.35934,
              31.36631
            ],
            [
              74.35928,
              31.36632
            ],
            [
              74.35925,
              31.36633
            ],
            [
              74.35927,
              31.36638
            ],
            [
              74.3593,
              31.36643
            ],
            [
              74.3596,
              31.36686
            ],
            [
              74.3598,
              31.36721
            ],
            [
              74.35984,
              31.36732
            ],
            [
              74.36025,
              31.3673
            ],
            [
              74.36025,
              31.36733
            ],
            [
              74.36026,
              31.36736
            ],
            [
              74.3603,
              31.36782
            ],
            [
              74.36038,
              31.36832
            ],
            [
              74.36038,
              31.36837
            ],
            [
              74.36051,
              31.36839
            ],
            [
              74.36076,
              31.36843
            ],
            [
              74.3609,
              31.36879
            ],
            [
              74.3611,
              31.36928
            ],
            [
              74.36114,
              31.3694
            ],
            [
              74.36122,
              31.36956
            ],
            [
              74.36129,
              31.36976
            ],
            [
              74.36132,
              31.36981
            ],
            [
              74.36141,
              31.37002
            ],
            [
              74.36155,
              31.37025
            ],
            [
              74.36179,
              31.37065
            ],
            [
              74.36177,
              31.37073
            ],
            [
              74.36175,
              31.37079
            ],
            [
              74.36164,
              31.37123
            ],
            [
              74.36155,
              31.37136
            ],
            [
              74.36153,
              31.37147
            ],
            [
              74.36183,
              31.37137
            ],
            [
              74.3619,
              31.37172
            ],
            [
              74.362,
              31.37196
            ],
            [
              74.36202,
              31.37204
            ],
            [
              74.36208,
              31.37221
            ],
            [
              74.36214,
              31.3727
            ],
            [
              74.36217,
              31.37273
            ],
            [
              74.36222,
              31.37309
            ],
            [
              74.36225,
              31.37319
            ],
            [
              74.36225,
              31.37322
            ],
            [
              74.36226,
              31.37338
            ],
            [
              74.36224,
              31.37369
            ],
            [
              74.36222,
              31.37381
            ],
            [
              74.36223,
              31.37394
            ],
            [
              74.36223,
              31.37406
            ],
            [
              74.36224,
              31.37414
            ],
            [
              74.36222,
              31.37418
            ],
            [
              74.36215,
              31.37454
            ],
            [
              74.36213,
              31.37468
            ],
            [
              74.36207,
              31.37484
            ],
            [
              74.36217,
              31.37498
            ],
            [
              74.36241,
              31.37517
            ],
            [
              74.3627,
              31.3755
            ],
            [
              74.36265,
              31.37565
            ],
            [
              74.36263,
              31.37569
            ],
            [
              74.3625,
              31.37615
            ],
            [
              74.36237,
              31.37666
            ],
            [
              74.36228,
              31.37671
            ],
            [
              74.36128,
              31.3772
            ],
            [
              74.36119,
              31.37723
            ],
            [
              74.36104,
              31.37748
            ],
            [
              74.36092,
              31.37771
            ],
            [
              74.36066,
              31.37822
            ],
            [
              74.36066,
              31.37839
            ],
            [
              74.36067,
              31.37857
            ],
            [
              74.36067,
              31.37871
            ],
            [
              74.36067,
              31.37893
            ],
            [
              74.36054,
              31.37921
            ],
            [
              74.36051,
              31.37941
            ],
            [
              74.36041,
              31.37971
            ],
            [
              74.36025,
              31.38022
            ],
            [
              74.36019,
              31.3804
            ],
            [
              74.3601,
              31.38072
            ],
            [
              74.35997,
              31.38122
            ],
            [
              74.35997,
              31.38119
            ],
            [
              74.35995,
              31.38122
            ],
            [
              74.35982,
              31.38162
            ],
            [
              74.3598,
              31.38165
            ],
            [
              74.35981,
              31.38172
            ],
            [
              74.35968,
              31.38203
            ],
            [
              74.35963,
              31.38222
            ],
            [
              74.35953,
              31.38249
            ],
            [
              74.35952,
              31.38259
            ],
            [
              74.35946,
              31.38273
            ],
            [
              74.35942,
              31.38285
            ],
            [
              74.35928,
              31.38323
            ],
            [
              74.35927,
              31.38328
            ],
            [
              74.35882,
              31.38348
            ],
            [
              74.35819,
              31.38376
            ],
            [
              74.35816,
              31.38377
            ],
            [
              74.35757,
              31.38405
            ],
            [
              74.35742,
              31.3841
            ],
            [
              74.35709,
              31.38382
            ],
            [
              74.3569,
              31.38369
            ],
            [
              74.3565,
              31.38335
            ],
            [
              74.35648,
              31.38333
            ],
            [
              74.35643,
              31.38335
            ],
            [
              74.35625,
              31.38343
            ],
            [
              74.35602,
              31.38352
            ],
            [
              74.35562,
              31.38373
            ],
            [
              74.35531,
              31.38383
            ],
            [
              74.35525,
              31.3839
            ],
            [
              74.355,
              31.38407
            ],
            [
              74.35456,
              31.38442
            ],
            [
              74.35447,
              31.38449
            ],
            [
              74.35439,
              31.38465
            ],
            [
              74.35428,
              31.38493
            ],
            [
              74.35427,
              31.38496
            ],
            [
              74.35413,
              31.38543
            ],
            [
              74.35408,
              31.38559
            ],
            [
              74.35418,
              31.38593
            ],
            [
              74.35428,
              31.38639
            ],
            [
              74.35421,
              31.38642
            ],
            [
              74.35407,
              31.38655
            ],
            [
              74.3539,
              31.38667
            ],
            [
              74.35387,
              31.3867
            ],
            [
              74.35353,
              31.38695
            ],
            [
              74.35343,
              31.38702
            ],
            [
              74.35326,
              31.38723
            ]
          ],
          [
            [
              74.35721,
              31.37043
            ],
            [
              74.35737,
              31.37092
            ],
            [
              74.35745,
              31.37104
            ],
            [
              74.35753,
              31.37134
            ],
            [
              74.35755,
              31.37141
            ],
            [
              74.35763,
              31.37156
            ],
            [
              74.35767,
              31.37156
            ],
            [
              74.35779,
              31.37152
            ],
            [
              74.35786,
              31.37149
            ],
            [
              74.35793,
              31.37146
            ],
            [
              74.35801,
              31.37144
            ],
            [
              74.35811,
              31.37139
            ],
            [
              74.35816,
              31.37137
            ],
            [
              74.35817,
              31.37136
            ],
            [
              74.3583,
              31.37131
            ],
            [
              74.35837,
              31.37128
            ],
            [
              74.35851,
              31.37122
            ],
            [
              74.3587,
              31.37115
            ],
            [
              74.35884,
              31.37131
            ],
            [
              74.35914,
              31.37128
            ],
            [
              74.35927,
              31.37123
            ],
            [
              74.35939,
              31.37118
            ],
            [
              74.35938,
              31.371
            ],
            [
              74.35953,
              31.37083
            ],
            [
              74.3599,
              31.37032
            ],
            [
              74.35997,
              31.3702
            ],
            [
              74.36012,
              31.36996
            ],
            [
              74.35996,
              31.36993
            ],
            [
              74.35973,
              31.36983
            ],
            [
              74.3593,
              31.36964
            ],
            [
              74.35895,
              31.3695
            ],
            [
              74.35883,
              31.36987
            ],
            [
              74.35869,
              31.37018
            ],
            [
              74.35862,
              31.37035
            ],
            [
              74.35805,
              31.37027
            ],
            [
              74.3574,
              31.37018
            ],
            [
              74.35725,
              31.37014
            ],
            [
              74.35711,
              31.37012
            ],
            [
              74.35721,
              31.37043
            ]
          ]
        ]
      }
    }
  ]
}