{
  "type": "Feature",
  "properties": {
    "name": "Nishtar",
    "name_source": "Nishter",
    "district": "Lahore",
    "admin_level": "Tehsil",
    "source": "Punjab PULSE Land Information System (lis.pulse.gop.pk) -> ArcGIS Server gismaps.punjab-zameen.gov.pk, service Punjab/Admin__Boundaries/MapServer, layer 2 (Tehsils)",
    "source_object_id": 610,
    "source_id_field": 1005,
    "retrieved": "2026-09-17",
    "note": "This is the current (post Punjab Local Government Act 2019) Tehsil Nishtar, pulled from the dedicated Tehsils layer of the Punjab government Admin Boundaries ArcGIS service (distinct from the pre-2019 Nishtar Town, which is not present in this service)."
  },
  "geometry": {
    "type": "Polygon",
    "coordinates": [
      [
        [
          74.457839,
          31.329764
        ],
        [
          74.457422,
          31.329917
        ],
        [
          74.456933,
          31.330138
        ],
        [
          74.456708,
          31.330681
        ],
        [
          74.45644,
          31.331077
        ],
        [
          74.456201,
          31.331584
        ],
        [
          74.456112,
          31.331823
        ],
        [
          74.455933,
          31.332187
        ],
        [
          74.455769,
          31.332515
        ],
        [
          74.455669,
          31.332698
        ],
        [
          74.455634,
          31.332776
        ],
        [
          74.455402,
          31.333172
        ],
        [
          74.455088,
          31.333754
        ],
        [
          74.454956,
          31.334061
        ],
        [
          74.454795,
          31.334571
        ],
        [
          74.45479,
          31.334693
        ],
        [
          74.454722,
          31.334719
        ],
        [
          74.454565,
          31.334547
        ],
        [
          74.453952,
          31.334628
        ],
        [
          74.453352,
          31.334547
        ],
        [
          74.452414,
          31.334295
        ],
        [
          74.45162,
          31.334329
        ],
        [
          74.45052,
          31.334252
        ],
        [
          74.450083,
          31.334219
        ],
        [
          74.449278,
          31.334152
        ],
        [
          74.448222,
          31.334257
        ],
        [
          74.448165,
          31.334257
        ],
        [
          74.447403,
          31.334186
        ],
        [
          74.447203,
          31.334276
        ],
        [
          74.447032,
          31.334352
        ],
        [
          74.446723,
          31.334505
        ],
        [
          74.445647,
          31.334605
        ],
        [
          74.444843,
          31.334662
        ],
        [
          74.443886,
          31.334923
        ],
        [
          74.443111,
          31.33539
        ],
        [
          74.442064,
          31.335975
        ],
        [
          74.441293,
          31.336384
        ],
        [
          74.440884,
          31.336703
        ],
        [
          74.440917,
          31.336813
        ],
        [
          74.440208,
          31.337217
        ],
        [
          74.439461,
          31.337631
        ],
        [
          74.43897,
          31.337831
        ],
        [
          74.438642,
          31.33795
        ],
        [
          74.438157,
          31.338359
        ],
        [
          74.437866,
          31.338607
        ],
        [
          74.437662,
          31.338964
        ],
        [
          74.4376,
          31.339363
        ],
        [
          74.437362,
          31.339459
        ],
        [
          74.437076,
          31.339563
        ],
        [
          74.436743,
          31.339797
        ],
        [
          74.436144,
          31.340196
        ],
        [
          74.435634,
          31.34052
        ],
        [
          74.435406,
          31.340872
        ],
        [
          74.435287,
          31.341062
        ],
        [
          74.434925,
          31.341476
        ],
        [
          74.434516,
          31.341672
        ],
        [
          74.434624,
          31.34223
        ],
        [
          74.434154,
          31.342426
        ],
        [
          74.433673,
          31.34258
        ],
        [
          74.433719,
          31.342641
        ],
        [
          74.433422,
          31.34261
        ],
        [
          74.433303,
          31.342477
        ],
        [
          74.431809,
          31.342301
        ],
        [
          74.431637,
          31.342324
        ],
        [
          74.430947,
          31.342239
        ],
        [
          74.430628,
          31.342044
        ],
        [
          74.430505,
          31.342006
        ],
        [
          74.430305,
          31.341982
        ],
        [
          74.429967,
          31.341929
        ],
        [
          74.429781,
          31.341744
        ],
        [
          74.429772,
          31.341611
        ],
        [
          74.42932,
          31.340816
        ],
        [
          74.428811,
          31.340454
        ],
        [
          74.428506,
          31.340254
        ],
        [
          74.427668,
          31.339793
        ],
        [
          74.427216,
          31.339402
        ],
        [
          74.42636,
          31.338612
        ],
        [
          74.424884,
          31.337461
        ],
        [
          74.424332,
          31.337004
        ],
        [
          74.423557,
          31.336528
        ],
        [
          74.422871,
          31.336571
        ],
        [
          74.42192,
          31.336514
        ],
        [
          74.420958,
          31.3362
        ],
        [
          74.420206,
          31.336238
        ],
        [
          74.41925,
          31.336347
        ],
        [
          74.41866,
          31.336409
        ],
        [
          74.418312,
          31.33639
        ],
        [
          74.418279,
          31.336357
        ],
        [
          74.417741,
          31.336266
        ],
        [
          74.417323,
          31.336109
        ],
        [
          74.417085,
          31.335848
        ],
        [
          74.416447,
          31.335781
        ],
        [
          74.415833,
          31.335595
        ],
        [
          74.415181,
          31.335386
        ],
        [
          74.41352,
          31.335011
        ],
        [
          74.413515,
          31.33501
        ],
        [
          74.412031,
          31.334677
        ],
        [
          74.411498,
          31.334572
        ],
        [
          74.410965,
          31.335476
        ],
        [
          74.410749,
          31.336115
        ],
        [
          74.410408,
          31.337128
        ],
        [
          74.410327,
          31.338146
        ],
        [
          74.410275,
          31.338803
        ],
        [
          74.410259,
          31.338895
        ],
        [
          74.410203,
          31.339222
        ],
        [
          74.410156,
          31.33965
        ],
        [
          74.410037,
          31.340573
        ],
        [
          74.409454,
          31.340698
        ],
        [
          74.409467,
          31.340731
        ],
        [
          74.409482,
          31.340772
        ],
        [
          74.409701,
          31.341351
        ],
        [
          74.409716,
          31.34149
        ],
        [
          74.40984,
          31.342414
        ],
        [
          74.409908,
          31.342996
        ],
        [
          74.409823,
          31.343316
        ],
        [
          74.409769,
          31.343521
        ],
        [
          74.409212,
          31.343592
        ],
        [
          74.40868,
          31.343592
        ],
        [
          74.408409,
          31.343663
        ],
        [
          74.408052,
          31.343765
        ],
        [
          74.407956,
          31.343792
        ],
        [
          74.407531,
          31.343907
        ],
        [
          74.407582,
          31.344169
        ],
        [
          74.407603,
          31.344272
        ],
        [
          74.407674,
          31.344501
        ],
        [
          74.407861,
          31.345072
        ],
        [
          74.408025,
          31.34559
        ],
        [
          74.408162,
          31.346253
        ],
        [
          74.408197,
          31.346467
        ],
        [
          74.408391,
          31.347252
        ],
        [
          74.408537,
          31.347523
        ],
        [
          74.40873,
          31.34788
        ],
        [
          74.408801,
          31.347999
        ],
        [
          74.408811,
          31.348468
        ],
        [
          74.408819,
          31.348855
        ],
        [
          74.408822,
          31.349019
        ],
        [
          74.408873,
          31.349578
        ],
        [
          74.40892,
          31.35023
        ],
        [
          74.408926,
          31.350301
        ],
        [
          74.408861,
          31.350649
        ],
        [
          74.408834,
          31.350807
        ],
        [
          74.408602,
          31.351425
        ],
        [
          74.408632,
          31.351636
        ],
        [
          74.408537,
          31.35227
        ],
        [
          74.408656,
          31.352755
        ],
        [
          74.408711,
          31.352981
        ],
        [
          74.408712,
          31.352984
        ],
        [
          74.408804,
          31.353365
        ],
        [
          74.40887,
          31.353727
        ],
        [
          74.408951,
          31.353982
        ],
        [
          74.40897,
          31.354057
        ],
        [
          74.408995,
          31.354141
        ],
        [
          74.409033,
          31.354284
        ],
        [
          74.409096,
          31.354548
        ],
        [
          74.409125,
          31.354792
        ],
        [
          74.409157,
          31.355099
        ],
        [
          74.409164,
          31.35517
        ],
        [
          74.409219,
          31.355556
        ],
        [
          74.409265,
          31.355881
        ],
        [
          74.409331,
          31.356279
        ],
        [
          74.409415,
          31.356654
        ],
        [
          74.409422,
          31.35678
        ],
        [
          74.409313,
          31.357326
        ],
        [
          74.409331,
          31.357424
        ],
        [
          74.409357,
          31.357767
        ],
        [
          74.409404,
          31.357898
        ],
        [
          74.409513,
          31.358496
        ],
        [
          74.409021,
          31.358888
        ],
        [
          74.408572,
          31.359233
        ],
        [
          74.408418,
          31.35937
        ],
        [
          74.408426,
          31.359646
        ],
        [
          74.408456,
          31.359941
        ],
        [
          74.408463,
          31.360043
        ],
        [
          74.408456,
          31.360285
        ],
        [
          74.408645,
          31.360385
        ],
        [
          74.408877,
          31.360495
        ],
        [
          74.409078,
          31.360607
        ],
        [
          74.409074,
          31.360652
        ],
        [
          74.40907,
          31.360691
        ],
        [
          74.409001,
          31.361487
        ],
        [
          74.408962,
          31.362069
        ],
        [
          74.408953,
          31.36221
        ],
        [
          74.408885,
          31.362454
        ],
        [
          74.408769,
          31.362945
        ],
        [
          74.408772,
          31.363031
        ],
        [
          74.409236,
          31.363192
        ],
        [
          74.409464,
          31.363257
        ],
        [
          74.409491,
          31.363265
        ],
        [
          74.409552,
          31.363276
        ],
        [
          74.409676,
          31.363364
        ],
        [
          74.409483,
          31.363895
        ],
        [
          74.409352,
          31.364293
        ],
        [
          74.409502,
          31.364519
        ],
        [
          74.409725,
          31.364883
        ],
        [
          74.409818,
          31.365022
        ],
        [
          74.409891,
          31.365174
        ],
        [
          74.409967,
          31.365345
        ],
        [
          74.410113,
          31.365694
        ],
        [
          74.410287,
          31.366124
        ],
        [
          74.410365,
          31.366324
        ],
        [
          74.410464,
          31.366558
        ],
        [
          74.410582,
          31.366855
        ],
        [
          74.410605,
          31.367843
        ],
        [
          74.41061,
          31.368309
        ],
        [
          74.410591,
          31.368566
        ],
        [
          74.410013,
          31.368913
        ],
        [
          74.409673,
          31.369127
        ],
        [
          74.408949,
          31.369559
        ],
        [
          74.408906,
          31.369602
        ],
        [
          74.408199,
          31.370191
        ],
        [
          74.40775,
          31.370915
        ],
        [
          74.40766,
          31.371725
        ],
        [
          74.407653,
          31.371872
        ],
        [
          74.407518,
          31.372486
        ],
        [
          74.407444,
          31.372843
        ],
        [
          74.406644,
          31.37386
        ],
        [
          74.406498,
          31.374045
        ],
        [
          74.405634,
          31.374602
        ],
        [
          74.405202,
          31.374863
        ],
        [
          74.404435,
          31.375252
        ],
        [
          74.403539,
          31.375602
        ],
        [
          74.402661,
          31.375948
        ],
        [
          74.401936,
          31.376208
        ],
        [
          74.401729,
          31.376976
        ],
        [
          74.401601,
          31.37745
        ],
        [
          74.401612,
          31.378182
        ],
        [
          74.401626,
          31.378403
        ],
        [
          74.401654,
          31.378418
        ],
        [
          74.401722,
          31.378942
        ],
        [
          74.401447,
          31.379438
        ],
        [
          74.401123,
          31.37997
        ],
        [
          74.401058,
          31.380088
        ],
        [
          74.401194,
          31.380213
        ],
        [
          74.400769,
          31.38097
        ],
        [
          74.400473,
          31.381516
        ],
        [
          74.400479,
          31.381566
        ],
        [
          74.400502,
          31.381741
        ],
        [
          74.400502,
          31.381851
        ],
        [
          74.400516,
          31.382515
        ],
        [
          74.400537,
          31.38279
        ],
        [
          74.400534,
          31.382968
        ],
        [
          74.400534,
          31.383018
        ],
        [
          74.400591,
          31.383211
        ],
        [
          74.400612,
          31.383315
        ],
        [
          74.400684,
          31.383493
        ],
        [
          74.400824,
          31.383861
        ],
        [
          74.400919,
          31.384023
        ],
        [
          74.400537,
          31.384558
        ],
        [
          74.400593,
          31.385172
        ],
        [
          74.400601,
          31.385261
        ],
        [
          74.400718,
          31.38527
        ],
        [
          74.40084,
          31.385279
        ],
        [
          74.400798,
          31.385975
        ],
        [
          74.400992,
          31.38627
        ],
        [
          74.40124,
          31.386566
        ],
        [
          74.401234,
          31.386885
        ],
        [
          74.401233,
          31.386948
        ],
        [
          74.401169,
          31.387308
        ],
        [
          74.401171,
          31.387545
        ],
        [
          74.401181,
          31.387543
        ],
        [
          74.401201,
          31.387537
        ],
        [
          74.401204,
          31.387613
        ],
        [
          74.400223,
          31.387795
        ],
        [
          74.400244,
          31.388484
        ],
        [
          74.400248,
          31.388741
        ],
        [
          74.400913,
          31.389808
        ],
        [
          74.400958,
          31.38988
        ],
        [
          74.401551,
          31.390854
        ],
        [
          74.402252,
          31.391553
        ],
        [
          74.402432,
          31.391732
        ],
        [
          74.402893,
          31.392178
        ],
        [
          74.403043,
          31.39231
        ],
        [
          74.403428,
          31.392532
        ],
        [
          74.403999,
          31.392863
        ],
        [
          74.404838,
          31.393285
        ],
        [
          74.404527,
          31.39392
        ],
        [
          74.404506,
          31.393943
        ],
        [
          74.404428,
          31.394028
        ],
        [
          74.404271,
          31.3942
        ],
        [
          74.403996,
          31.394502
        ],
        [
          74.403671,
          31.395148
        ],
        [
          74.402625,
          31.395129
        ],
        [
          74.401676,
          31.395112
        ],
        [
          74.401037,
          31.395847
        ],
        [
          74.400808,
          31.396129
        ],
        [
          74.400241,
          31.396868
        ],
        [
          74.39942,
          31.39695
        ],
        [
          74.398695,
          31.397835
        ],
        [
          74.398467,
          31.398117
        ],
        [
          74.398094,
          31.398817
        ],
        [
          74.398053,
          31.398894
        ],
        [
          74.397923,
          31.399139
        ],
        [
          74.397912,
          31.39916
        ],
        [
          74.397994,
          31.399247
        ],
        [
          74.398505,
          31.399791
        ],
        [
          74.398626,
          31.39992
        ],
        [
          74.398869,
          31.400273
        ],
        [
          74.399258,
          31.400837
        ],
        [
          74.399607,
          31.401344
        ],
        [
          74.399732,
          31.401558
        ],
        [
          74.400153,
          31.401664
        ],
        [
          74.400513,
          31.401917
        ],
        [
          74.40033,
          31.403076
        ],
        [
          74.400879,
          31.40332
        ],
        [
          74.401224,
          31.403381
        ],
        [
          74.401721,
          31.403469
        ],
        [
          74.402541,
          31.403386
        ],
        [
          74.402622,
          31.403371
        ],
        [
          74.402893,
          31.40332
        ],
        [
          74.403902,
          31.403119
        ],
        [
          74.404114,
          31.403076
        ],
        [
          74.405273,
          31.40271
        ],
        [
          74.405884,
          31.40271
        ],
        [
          74.406494,
          31.40271
        ],
        [
          74.407471,
          31.40271
        ],
        [
          74.408325,
          31.402893
        ],
        [
          74.408875,
          31.402893
        ],
        [
          74.409912,
          31.403076
        ],
        [
          74.410522,
          31.402893
        ],
        [
          74.411072,
          31.402893
        ],
        [
          74.411926,
          31.402893
        ],
        [
          74.41272,
          31.40271
        ],
        [
          74.41333,
          31.40271
        ],
        [
          74.413696,
          31.402527
        ],
        [
          74.41449,
          31.402283
        ],
        [
          74.414307,
          31.402893
        ],
        [
          74.414917,
          31.403076
        ],
        [
          74.41571,
          31.403503
        ],
        [
          74.416504,
          31.404297
        ],
        [
          74.416504,
          31.404907
        ],
        [
          74.417114,
          31.405273
        ],
        [
          74.41748,
          31.404724
        ],
        [
          74.418091,
          31.404907
        ],
        [
          74.418726,
          31.4052
        ],
        [
          74.418781,
          31.405367
        ],
        [
          74.418866,
          31.405572
        ],
        [
          74.419023,
          31.405942
        ],
        [
          74.419184,
          31.406289
        ],
        [
          74.41925,
          31.40641
        ],
        [
          74.419276,
          31.406498
        ],
        [
          74.419572,
          31.406458
        ],
        [
          74.420107,
          31.406377
        ],
        [
          74.420344,
          31.406249
        ],
        [
          74.420674,
          31.406084
        ],
        [
          74.420945,
          31.405905
        ],
        [
          74.421219,
          31.405821
        ],
        [
          74.421593,
          31.40566
        ],
        [
          74.421739,
          31.405612
        ],
        [
          74.422222,
          31.40551
        ],
        [
          74.42369,
          31.405301
        ],
        [
          74.423786,
          31.405546
        ],
        [
          74.424243,
          31.405554
        ],
        [
          74.424243,
          31.405652
        ],
        [
          74.424199,
          31.405887
        ],
        [
          74.424152,
          31.406275
        ],
        [
          74.424119,
          31.406469
        ],
        [
          74.424031,
          31.406864
        ],
        [
          74.423998,
          31.407018
        ],
        [
          74.424155,
          31.407029
        ],
        [
          74.424309,
          31.40704
        ],
        [
          74.424708,
          31.407128
        ],
        [
          74.424873,
          31.40715
        ],
        [
          74.424792,
          31.407571
        ],
        [
          74.424741,
          31.407765
        ],
        [
          74.42466,
          31.408094
        ],
        [
          74.424697,
          31.408105
        ],
        [
          74.42462,
          31.408361
        ],
        [
          74.424488,
          31.408949
        ],
        [
          74.424435,
          31.408969
        ],
        [
          74.424196,
          31.409306
        ],
        [
          74.423898,
          31.409667
        ],
        [
          74.42381,
          31.409774
        ],
        [
          74.423776,
          31.409818
        ],
        [
          74.423205,
          31.409584
        ],
        [
          74.422985,
          31.410028
        ],
        [
          74.422887,
          31.410292
        ],
        [
          74.423195,
          31.410482
        ],
        [
          74.423376,
          31.41057
        ],
        [
          74.423083,
          31.41097
        ],
        [
          74.422785,
          31.411405
        ],
        [
          74.422678,
          31.411556
        ],
        [
          74.422687,
          31.411732
        ],
        [
          74.422697,
          31.411995
        ],
        [
          74.422692,
          31.412405
        ],
        [
          74.422839,
          31.412693
        ],
        [
          74.422931,
          31.412805
        ],
        [
          74.423356,
          31.412918
        ],
        [
          74.423371,
          31.412854
        ],
        [
          74.424069,
          31.413079
        ],
        [
          74.424391,
          31.413171
        ],
        [
          74.424493,
          31.413201
        ],
        [
          74.424689,
          31.413269
        ],
        [
          74.424864,
          31.413303
        ],
        [
          74.425299,
          31.413337
        ],
        [
          74.425772,
          31.413362
        ],
        [
          74.425977,
          31.413362
        ],
        [
          74.426021,
          31.413713
        ],
        [
          74.426041,
          31.413913
        ],
        [
          74.42627,
          31.413894
        ],
        [
          74.426597,
          31.413913
        ],
        [
          74.426704,
          31.413908
        ],
        [
          74.42688,
          31.413904
        ],
        [
          74.426963,
          31.413884
        ],
        [
          74.42709,
          31.41385
        ],
        [
          74.427168,
          31.41385
        ],
        [
          74.427188,
          31.41386
        ],
        [
          74.427271,
          31.413801
        ],
        [
          74.427422,
          31.413655
        ],
        [
          74.427685,
          31.413367
        ],
        [
          74.427715,
          31.413318
        ],
        [
          74.427859,
          31.413083
        ],
        [
          74.42789,
          31.41303
        ],
        [
          74.427938,
          31.41305
        ],
        [
          74.428275,
          31.413095
        ],
        [
          74.428396,
          31.413086
        ],
        [
          74.428796,
          31.413126
        ],
        [
          74.429348,
          31.413184
        ],
        [
          74.429474,
          31.413265
        ],
        [
          74.429415,
          31.414038
        ],
        [
          74.430188,
          31.414311
        ],
        [
          74.430093,
          31.415371
        ],
        [
          74.430075,
          31.415434
        ],
        [
          74.429986,
          31.415604
        ],
        [
          74.430098,
          31.416287
        ],
        [
          74.42977,
          31.41723
        ],
        [
          74.429947,
          31.417882
        ],
        [
          74.430005,
          31.418886
        ],
        [
          74.429956,
          31.418879
        ],
        [
          74.429663,
          31.419333
        ],
        [
          74.428921,
          31.420275
        ],
        [
          74.428892,
          31.420439
        ],
        [
          74.428728,
          31.421246
        ],
        [
          74.428382,
          31.421885
        ],
        [
          74.428278,
          31.422356
        ],
        [
          74.428146,
          31.423116
        ],
        [
          74.427739,
          31.423516
        ],
        [
          74.427015,
          31.424151
        ],
        [
          74.426455,
          31.424637
        ],
        [
          74.426001,
          31.425547
        ],
        [
          74.425823,
          31.425818
        ],
        [
          74.425459,
          31.426343
        ],
        [
          74.42502,
          31.426725
        ],
        [
          74.423928,
          31.427595
        ],
        [
          74.423788,
          31.427695
        ],
        [
          74.423324,
          31.428134
        ],
        [
          74.422985,
          31.42847
        ],
        [
          74.422582,
          31.428805
        ],
        [
          74.422311,
          31.429037
        ],
        [
          74.421939,
          31.429234
        ],
        [
          74.421508,
          31.429501
        ],
        [
          74.421333,
          31.429591
        ],
        [
          74.420826,
          31.42973
        ],
        [
          74.420744,
          31.429748
        ],
        [
          74.42043,
          31.429855
        ],
        [
          74.419994,
          31.430326
        ],
        [
          74.419612,
          31.43074
        ],
        [
          74.419477,
          31.430747
        ],
        [
          74.419409,
          31.430786
        ],
        [
          74.419013,
          31.431036
        ],
        [
          74.418509,
          31.431307
        ],
        [
          74.417728,
          31.431864
        ],
        [
          74.416689,
          31.432021
        ],
        [
          74.416175,
          31.431939
        ],
        [
          74.415454,
          31.431846
        ],
        [
          74.414808,
          31.431886
        ],
        [
          74.414408,
          31.431953
        ],
        [
          74.414009,
          31.431996
        ],
        [
          74.413673,
          31.432043
        ],
        [
          74.413295,
          31.432114
        ],
        [
          74.41292,
          31.432182
        ],
        [
          74.41267,
          31.43215
        ],
        [
          74.411974,
          31.43206
        ],
        [
          74.411682,
          31.432118
        ],
        [
          74.411403,
          31.43216
        ],
        [
          74.411175,
          31.432189
        ],
        [
          74.4108,
          31.432246
        ],
        [
          74.410793,
          31.432333
        ],
        [
          74.410896,
          31.43239
        ],
        [
          74.410791,
          31.432655
        ],
        [
          74.410726,
          31.433294
        ],
        [
          74.410771,
          31.433431
        ],
        [
          74.410693,
          31.434386
        ],
        [
          74.411172,
          31.435302
        ],
        [
          74.411258,
          31.435534
        ],
        [
          74.411535,
          31.436261
        ],
        [
          74.411559,
          31.436325
        ],
        [
          74.411942,
          31.436834
        ],
        [
          74.411948,
          31.436843
        ],
        [
          74.412174,
          31.437145
        ],
        [
          74.412188,
          31.437163
        ],
        [
          74.41237,
          31.437189
        ],
        [
          74.413309,
          31.437361
        ],
        [
          74.413695,
          31.437671
        ],
        [
          74.41391,
          31.437859
        ],
        [
          74.414142,
          31.438071
        ],
        [
          74.414442,
          31.438347
        ],
        [
          74.415154,
          31.43898
        ],
        [
          74.415841,
          31.439789
        ],
        [
          74.415832,
          31.439796
        ],
        [
          74.416412,
          31.439917
        ],
        [
          74.416686,
          31.440002
        ],
        [
          74.41717,
          31.440514
        ],
        [
          74.417371,
          31.440726
        ],
        [
          74.417374,
          31.44073
        ],
        [
          74.418323,
          31.44021
        ],
        [
          74.418331,
          31.440205
        ],
        [
          74.418874,
          31.440538
        ],
        [
          74.41971,
          31.440743
        ],
        [
          74.419988,
          31.440801
        ],
        [
          74.420543,
          31.440916
        ],
        [
          74.421414,
          31.441061
        ],
        [
          74.421986,
          31.441111
        ],
        [
          74.421991,
          31.441112
        ],
        [
          74.422301,
          31.441219
        ],
        [
          74.422333,
          31.441239
        ],
        [
          74.422443,
          31.441306
        ],
        [
          74.423223,
          31.441725
        ],
        [
          74.423328,
          31.441791
        ],
        [
          74.42336,
          31.44179
        ],
        [
          74.423416,
          31.441787
        ],
        [
          74.423521,
          31.442231
        ],
        [
          74.423671,
          31.44262
        ],
        [
          74.424046,
          31.443548
        ],
        [
          74.424449,
          31.44434
        ],
        [
          74.425066,
          31.445321
        ],
        [
          74.424709,
          31.445835
        ],
        [
          74.424802,
          31.445868
        ],
        [
          74.424575,
          31.446241
        ],
        [
          74.42457,
          31.446249
        ],
        [
          74.424573,
          31.446259
        ],
        [
          74.424827,
          31.447017
        ],
        [
          74.424777,
          31.447606
        ],
        [
          74.424552,
          31.447952
        ],
        [
          74.423557,
          31.448869
        ],
        [
          74.422629,
          31.449583
        ],
        [
          74.42189,
          31.450051
        ],
        [
          74.421347,
          31.450618
        ],
        [
          74.42114,
          31.451004
        ],
        [
          74.421094,
          31.451182
        ],
        [
          74.421001,
          31.451614
        ],
        [
          74.421037,
          31.451685
        ],
        [
          74.421426,
          31.451767
        ],
        [
          74.422583,
          31.451996
        ],
        [
          74.422655,
          31.452002
        ],
        [
          74.422884,
          31.452024
        ],
        [
          74.423265,
          31.452061
        ],
        [
          74.4233,
          31.45206
        ],
        [
          74.423421,
          31.452749
        ],
        [
          74.423365,
          31.453014
        ],
        [
          74.423246,
          31.453573
        ],
        [
          74.42326,
          31.454773
        ],
        [
          74.42336,
          31.455522
        ],
        [
          74.423714,
          31.456229
        ],
        [
          74.423648,
          31.456249
        ],
        [
          74.421711,
          31.456832
        ],
        [
          74.421466,
          31.456901
        ],
        [
          74.420489,
          31.457175
        ],
        [
          74.420476,
          31.457178
        ],
        [
          74.42028,
          31.457483
        ],
        [
          74.420302,
          31.457498
        ],
        [
          74.421097,
          31.458031
        ],
        [
          74.422292,
          31.458895
        ],
        [
          74.423153,
          31.459516
        ],
        [
          74.423856,
          31.460091
        ],
        [
          74.423829,
          31.460344
        ],
        [
          74.423782,
          31.460787
        ],
        [
          74.423752,
          31.461069
        ],
        [
          74.423752,
          31.461069
        ],
        [
          74.423752,
          31.461192
        ],
        [
          74.423503,
          31.461399
        ],
        [
          74.423377,
          31.461504
        ],
        [
          74.423246,
          31.462411
        ],
        [
          74.423237,
          31.462468
        ],
        [
          74.422857,
          31.462896
        ],
        [
          74.422494,
          31.463152
        ],
        [
          74.422453,
          31.463178
        ],
        [
          74.421804,
          31.463601
        ],
        [
          74.421741,
          31.463627
        ],
        [
          74.421718,
          31.463636
        ],
        [
          74.4211,
          31.463847
        ],
        [
          74.420873,
          31.463925
        ],
        [
          74.420816,
          31.464219
        ],
        [
          74.421084,
          31.464451
        ],
        [
          74.421135,
          31.464443
        ],
        [
          74.421167,
          31.464469
        ],
        [
          74.421132,
          31.464499
        ],
        [
          74.421141,
          31.464526
        ],
        [
          74.420941,
          31.464554
        ],
        [
          74.421293,
          31.46524
        ],
        [
          74.422016,
          31.464764
        ],
        [
          74.422311,
          31.465416
        ],
        [
          74.422468,
          31.465402
        ],
        [
          74.422468,
          31.465401
        ],
        [
          74.422517,
          31.465395
        ],
        [
          74.422517,
          31.465409
        ],
        [
          74.422313,
          31.465543
        ],
        [
          74.422089,
          31.465691
        ],
        [
          74.422053,
          31.465762
        ],
        [
          74.421846,
          31.466165
        ],
        [
          74.421836,
          31.466533
        ],
        [
          74.421978,
          31.467058
        ],
        [
          74.422075,
          31.467272
        ],
        [
          74.422242,
          31.467961
        ],
        [
          74.422449,
          31.468967
        ],
        [
          74.422478,
          31.469096
        ],
        [
          74.422428,
          31.469281
        ],
        [
          74.422271,
          31.469326
        ],
        [
          74.421964,
          31.469413
        ],
        [
          74.422021,
          31.469482
        ],
        [
          74.422467,
          31.470013
        ],
        [
          74.422913,
          31.470548
        ],
        [
          74.423145,
          31.470406
        ],
        [
          74.423916,
          31.471166
        ],
        [
          74.424148,
          31.470977
        ],
        [
          74.424427,
          31.471301
        ],
        [
          74.424612,
          31.471284
        ],
        [
          74.424819,
          31.471212
        ],
        [
          74.424787,
          31.471505
        ],
        [
          74.424905,
          31.471655
        ],
        [
          74.42499,
          31.471795
        ],
        [
          74.425104,
          31.471742
        ],
        [
          74.425207,
          31.471651
        ],
        [
          74.425337,
          31.471537
        ],
        [
          74.425333,
          31.471394
        ],
        [
          74.42533,
          31.471244
        ],
        [
          74.42549,
          31.471094
        ],
        [
          74.425737,
          31.471052
        ],
        [
          74.425755,
          31.470945
        ],
        [
          74.426293,
          31.470805
        ],
        [
          74.426415,
          31.470873
        ],
        [
          74.426647,
          31.471251
        ],
        [
          74.427154,
          31.472108
        ],
        [
          74.426981,
          31.47217
        ],
        [
          74.42644,
          31.472365
        ],
        [
          74.425687,
          31.472608
        ],
        [
          74.425501,
          31.472347
        ],
        [
          74.424719,
          31.472729
        ],
        [
          74.424512,
          31.472668
        ],
        [
          74.424131,
          31.472372
        ],
        [
          74.423527,
          31.472055
        ],
        [
          74.423174,
          31.471819
        ],
        [
          74.42311,
          31.471919
        ],
        [
          74.422242,
          31.471191
        ],
        [
          74.42235,
          31.471144
        ],
        [
          74.421646,
          31.470252
        ],
        [
          74.420922,
          31.469285
        ],
        [
          74.420604,
          31.468892
        ],
        [
          74.419926,
          31.468004
        ],
        [
          74.419494,
          31.466808
        ],
        [
          74.419366,
          31.466601
        ],
        [
          74.419494,
          31.466451
        ],
        [
          74.419198,
          31.466497
        ],
        [
          74.417428,
          31.466661
        ],
        [
          74.417288,
          31.466622
        ],
        [
          74.416507,
          31.466551
        ],
        [
          74.416378,
          31.466569
        ],
        [
          74.415722,
          31.466854
        ],
        [
          74.415183,
          31.467001
        ],
        [
          74.414194,
          31.467268
        ],
        [
          74.413644,
          31.467497
        ],
        [
          74.413284,
          31.467557
        ],
        [
          74.413163,
          31.467593
        ],
        [
          74.412945,
          31.467657
        ],
        [
          74.411107,
          31.467814
        ],
        [
          74.410577,
          31.467789
        ],
        [
          74.410116,
          31.467899
        ],
        [
          74.409544,
          31.468095
        ],
        [
          74.409119,
          31.46816
        ],
        [
          74.408947,
          31.468238
        ],
        [
          74.408926,
          31.468267
        ],
        [
          74.408655,
          31.46841
        ],
        [
          74.408367,
          31.46852
        ],
        [
          74.407909,
          31.468711
        ],
        [
          74.407721,
          31.4688
        ],
        [
          74.407593,
          31.468848
        ],
        [
          74.407546,
          31.468766
        ],
        [
          74.40754,
          31.468755
        ],
        [
          74.407179,
          31.467909
        ],
        [
          74.406866,
          31.467124
        ],
        [
          74.406781,
          31.466872
        ],
        [
          74.406749,
          31.466786
        ],
        [
          74.406687,
          31.466593
        ],
        [
          74.406491,
          31.465946
        ],
        [
          74.406362,
          31.465475
        ],
        [
          74.406284,
          31.465262
        ],
        [
          74.40627,
          31.465212
        ],
        [
          74.40624,
          31.465148
        ],
        [
          74.406013,
          31.46467
        ],
        [
          74.405675,
          31.463818
        ],
        [
          74.405603,
          31.463635
        ],
        [
          74.405503,
          31.463414
        ],
        [
          74.405317,
          31.462978
        ],
        [
          74.405067,
          31.462721
        ],
        [
          74.404885,
          31.462503
        ],
        [
          74.40475,
          31.462304
        ],
        [
          74.404182,
          31.461997
        ],
        [
          74.404114,
          31.461968
        ],
        [
          74.403899,
          31.461816
        ],
        [
          74.403803,
          31.461749
        ],
        [
          74.402921,
          31.461154
        ],
        [
          74.402342,
          31.460721
        ],
        [
          74.402001,
          31.460521
        ],
        [
          74.401365,
          31.459972
        ],
        [
          74.400965,
          31.458915
        ],
        [
          74.40029,
          31.458414
        ],
        [
          74.400127,
          31.458304
        ],
        [
          74.399437,
          31.458203
        ],
        [
          74.398824,
          31.45811
        ],
        [
          74.398749,
          31.458101
        ],
        [
          74.398601,
          31.458096
        ],
        [
          74.398304,
          31.457858
        ],
        [
          74.397983,
          31.4576
        ],
        [
          74.397846,
          31.45753
        ],
        [
          74.396108,
          31.457041
        ],
        [
          74.396019,
          31.456999
        ],
        [
          74.395972,
          31.456977
        ],
        [
          74.39563,
          31.456959
        ],
        [
          74.394412,
          31.456848
        ],
        [
          74.393872,
          31.456582
        ],
        [
          74.393268,
          31.456273
        ],
        [
          74.392901,
          31.456762
        ],
        [
          74.392442,
          31.457471
        ],
        [
          74.392393,
          31.457483
        ],
        [
          74.392224,
          31.457522
        ],
        [
          74.391921,
          31.458583
        ],
        [
          74.391868,
          31.458581
        ],
        [
          74.391363,
          31.458248
        ],
        [
          74.391286,
          31.458159
        ],
        [
          74.391061,
          31.457718
        ],
        [
          74.391171,
          31.457074
        ],
        [
          74.390711,
          31.457013
        ],
        [
          74.390758,
          31.456359
        ],
        [
          74.389631,
          31.456323
        ],
        [
          74.38902,
          31.456366
        ],
        [
          74.388869,
          31.456377
        ],
        [
          74.388585,
          31.456445
        ],
        [
          74.38831,
          31.456511
        ],
        [
          74.388198,
          31.457131
        ],
        [
          74.388099,
          31.457605
        ],
        [
          74.387626,
          31.457715
        ],
        [
          74.386874,
          31.457858
        ],
        [
          74.386829,
          31.457867
        ],
        [
          74.386535,
          31.457888
        ],
        [
          74.386082,
          31.457989
        ],
        [
          74.385937,
          31.45872
        ],
        [
          74.38575,
          31.459218
        ],
        [
          74.385664,
          31.459543
        ],
        [
          74.38511,
          31.459607
        ],
        [
          74.38439,
          31.45969
        ],
        [
          74.383748,
          31.459857
        ],
        [
          74.38328,
          31.460075
        ],
        [
          74.383148,
          31.460164
        ],
        [
          74.382656,
          31.460602
        ],
        [
          74.38229,
          31.460928
        ],
        [
          74.382219,
          31.460975
        ],
        [
          74.381443,
          31.461362
        ],
        [
          74.381353,
          31.461404
        ],
        [
          74.381042,
          31.461519
        ],
        [
          74.380767,
          31.461597
        ],
        [
          74.380477,
          31.461703
        ],
        [
          74.380378,
          31.46174
        ],
        [
          74.379697,
          31.461953
        ],
        [
          74.37918,
          31.462141
        ],
        [
          74.379123,
          31.462161
        ],
        [
          74.378115,
          31.462231
        ],
        [
          74.376961,
          31.462154
        ],
        [
          74.375866,
          31.461916
        ],
        [
          74.375798,
          31.461902
        ],
        [
          74.374724,
          31.461684
        ],
        [
          74.374673,
          31.461672
        ],
        [
          74.373677,
          31.461434
        ],
        [
          74.372889,
          31.461237
        ],
        [
          74.372566,
          31.460564
        ],
        [
          74.371822,
          31.459969
        ],
        [
          74.371519,
          31.45972
        ],
        [
          74.370486,
          31.459092
        ],
        [
          74.369528,
          31.458453
        ],
        [
          74.368974,
          31.457953
        ],
        [
          74.36837,
          31.45743
        ],
        [
          74.368281,
          31.457371
        ],
        [
          74.368108,
          31.457076
        ],
        [
          74.36773,
          31.456416
        ],
        [
          74.36731,
          31.455696
        ],
        [
          74.368148,
          31.45549
        ],
        [
          74.368224,
          31.455085
        ],
        [
          74.368251,
          31.455074
        ],
        [
          74.368238,
          31.455012
        ],
        [
          74.368241,
          31.454998
        ],
        [
          74.368391,
          31.454783
        ],
        [
          74.368451,
          31.454112
        ],
        [
          74.368474,
          31.453552
        ],
        [
          74.368551,
          31.452267
        ],
        [
          74.368513,
          31.451342
        ],
        [
          74.368908,
          31.451041
        ],
        [
          74.36884,
          31.450372
        ],
        [
          74.368873,
          31.4503
        ],
        [
          74.369479,
          31.44934
        ],
        [
          74.369432,
          31.448728
        ],
        [
          74.369461,
          31.448091
        ],
        [
          74.369146,
          31.446913
        ],
        [
          74.368721,
          31.445271
        ],
        [
          74.36892,
          31.445173
        ],
        [
          74.369005,
          31.444634
        ],
        [
          74.369435,
          31.444268
        ],
        [
          74.369744,
          31.444048
        ],
        [
          74.369949,
          31.443826
        ],
        [
          74.370419,
          31.44342
        ],
        [
          74.370353,
          31.443391
        ],
        [
          74.369558,
          31.443048
        ],
        [
          74.368712,
          31.442388
        ],
        [
          74.368244,
          31.442027
        ],
        [
          74.367684,
          31.441535
        ],
        [
          74.366831,
          31.440903
        ],
        [
          74.366299,
          31.440853
        ],
        [
          74.365877,
          31.440883
        ],
        [
          74.3658,
          31.440889
        ],
        [
          74.36561,
          31.441665
        ],
        [
          74.3656,
          31.441709
        ],
        [
          74.364304,
          31.441824
        ],
        [
          74.363437,
          31.440935
        ],
        [
          74.363005,
          31.440889
        ],
        [
          74.36238,
          31.440942
        ],
        [
          74.361745,
          31.441071
        ],
        [
          74.361277,
          31.441135
        ],
        [
          74.361088,
          31.441153
        ],
        [
          74.360605,
          31.441018
        ],
        [
          74.360332,
          31.440942
        ],
        [
          74.358718,
          31.440392
        ],
        [
          74.357829,
          31.440068
        ],
        [
          74.357123,
          31.439843
        ],
        [
          74.35676,
          31.439742
        ],
        [
          74.356766,
          31.439726
        ],
        [
          74.356685,
          31.439722
        ],
        [
          74.356659,
          31.439714
        ],
        [
          74.356657,
          31.43972
        ],
        [
          74.356437,
          31.439708
        ],
        [
          74.355865,
          31.439666
        ],
        [
          74.355441,
          31.439503
        ],
        [
          74.355118,
          31.439375
        ],
        [
          74.35488,
          31.439286
        ],
        [
          74.354558,
          31.439131
        ],
        [
          74.354167,
          31.438941
        ],
        [
          74.353975,
          31.438904
        ],
        [
          74.353585,
          31.438593
        ],
        [
          74.353256,
          31.438331
        ],
        [
          74.353198,
          31.438278
        ],
        [
          74.35277,
          31.437863
        ],
        [
          74.35263,
          31.437734
        ],
        [
          74.352418,
          31.437496
        ],
        [
          74.352059,
          31.437092
        ],
        [
          74.351993,
          31.436974
        ],
        [
          74.351716,
          31.436477
        ],
        [
          74.351643,
          31.436341
        ],
        [
          74.351503,
          31.435948
        ],
        [
          74.351382,
          31.435613
        ],
        [
          74.351266,
          31.435269
        ],
        [
          74.351138,
          31.434913
        ],
        [
          74.351036,
          31.434644
        ],
        [
          74.350949,
          31.434251
        ],
        [
          74.350856,
          31.433824
        ],
        [
          74.350775,
          31.433393
        ],
        [
          74.350747,
          31.433196
        ],
        [
          74.35073,
          31.43309
        ],
        [
          74.350714,
          31.432989
        ],
        [
          74.350692,
          31.432512
        ],
        [
          74.350677,
          31.432008
        ],
        [
          74.350755,
          31.431624
        ],
        [
          74.350846,
          31.431184
        ],
        [
          74.351004,
          31.430553
        ],
        [
          74.351052,
          31.430372
        ],
        [
          74.351121,
          31.429961
        ],
        [
          74.351188,
          31.429537
        ],
        [
          74.351225,
          31.42904
        ],
        [
          74.351253,
          31.428663
        ],
        [
          74.351316,
          31.428556
        ],
        [
          74.351397,
          31.428383
        ],
        [
          74.351446,
          31.428278
        ],
        [
          74.351579,
          31.428018
        ],
        [
          74.351649,
          31.427872
        ],
        [
          74.351789,
          31.427491
        ],
        [
          74.351856,
          31.427331
        ],
        [
          74.351969,
          31.427051
        ],
        [
          74.352156,
          31.426689
        ],
        [
          74.352368,
          31.42629
        ],
        [
          74.352413,
          31.426225
        ],
        [
          74.352554,
          31.425916
        ],
        [
          74.35275,
          31.425521
        ],
        [
          74.353059,
          31.425067
        ],
        [
          74.353226,
          31.42484
        ],
        [
          74.353563,
          31.42459
        ],
        [
          74.353716,
          31.424477
        ],
        [
          74.353867,
          31.424386
        ],
        [
          74.35414,
          31.424194
        ],
        [
          74.354613,
          31.423863
        ],
        [
          74.354698,
          31.423626
        ],
        [
          74.354914,
          31.423038
        ],
        [
          74.354994,
          31.422765
        ],
        [
          74.3551,
          31.422414
        ],
        [
          74.355114,
          31.42226
        ],
        [
          74.355172,
          31.4218
        ],
        [
          74.35518,
          31.421726
        ],
        [
          74.355197,
          31.421573
        ],
        [
          74.355198,
          31.421215
        ],
        [
          74.355208,
          31.420789
        ],
        [
          74.35511,
          31.42041
        ],
        [
          74.354703,
          31.420405
        ],
        [
          74.354012,
          31.420397
        ],
        [
          74.353723,
          31.420295
        ],
        [
          74.353104,
          31.420081
        ],
        [
          74.352787,
          31.419971
        ],
        [
          74.352448,
          31.419914
        ],
        [
          74.351923,
          31.419827
        ],
        [
          74.351703,
          31.419789
        ],
        [
          74.350886,
          31.419556
        ],
        [
          74.350504,
          31.419326
        ],
        [
          74.350084,
          31.419076
        ],
        [
          74.349787,
          31.418889
        ],
        [
          74.349327,
          31.418612
        ],
        [
          74.349248,
          31.418571
        ],
        [
          74.348978,
          31.418395
        ],
        [
          74.348735,
          31.418355
        ],
        [
          74.348724,
          31.418354
        ],
        [
          74.34848,
          31.418326
        ],
        [
          74.348045,
          31.418302
        ],
        [
          74.34788,
          31.418285
        ],
        [
          74.347382,
          31.418231
        ],
        [
          74.346838,
          31.418228
        ],
        [
          74.346841,
          31.417651
        ],
        [
          74.346836,
          31.417432
        ],
        [
          74.34684,
          31.41736
        ],
        [
          74.346966,
          31.416965
        ],
        [
          74.347007,
          31.416843
        ],
        [
          74.347143,
          31.416434
        ],
        [
          74.347332,
          31.416042
        ],
        [
          74.347447,
          31.415807
        ],
        [
          74.347591,
          31.415547
        ],
        [
          74.34772,
          31.415293
        ],
        [
          74.347828,
          31.415036
        ],
        [
          74.347988,
          31.414653
        ],
        [
          74.347883,
          31.414224
        ],
        [
          74.347882,
          31.414219
        ],
        [
          74.347798,
          31.413857
        ],
        [
          74.347797,
          31.413846
        ],
        [
          74.347763,
          31.413544
        ],
        [
          74.347736,
          31.413284
        ],
        [
          74.347731,
          31.413141
        ],
        [
          74.347706,
          31.412937
        ],
        [
          74.347677,
          31.41262
        ],
        [
          74.347636,
          31.41224
        ],
        [
          74.347604,
          31.411895
        ],
        [
          74.347601,
          31.411584
        ],
        [
          74.3476,
          31.411302
        ],
        [
          74.347497,
          31.410956
        ],
        [
          74.347402,
          31.410634
        ],
        [
          74.34735,
          31.410437
        ],
        [
          74.347293,
          31.410177
        ],
        [
          74.347206,
          31.409769
        ],
        [
          74.34717,
          31.409606
        ],
        [
          74.347196,
          31.409262
        ],
        [
          74.347229,
          31.408784
        ],
        [
          74.347233,
          31.408721
        ],
        [
          74.34717,
          31.408461
        ],
        [
          74.347112,
          31.408189
        ],
        [
          74.347076,
          31.40802
        ],
        [
          74.346906,
          31.407879
        ],
        [
          74.346548,
          31.407542
        ],
        [
          74.346304,
          31.407475
        ],
        [
          74.345851,
          31.407346
        ],
        [
          74.345644,
          31.407285
        ],
        [
          74.34542,
          31.407309
        ],
        [
          74.34518,
          31.407338
        ],
        [
          74.345092,
          31.407362
        ],
        [
          74.344579,
          31.407403
        ],
        [
          74.344204,
          31.407432
        ],
        [
          74.343751,
          31.407412
        ],
        [
          74.34353,
          31.407406
        ],
        [
          74.343029,
          31.407428
        ],
        [
          74.342442,
          31.407453
        ],
        [
          74.342438,
          31.407492
        ],
        [
          74.342398,
          31.407949
        ],
        [
          74.342503,
          31.408436
        ],
        [
          74.342606,
          31.408935
        ],
        [
          74.342446,
          31.409145
        ],
        [
          74.342073,
          31.409629
        ],
        [
          74.341868,
          31.409886
        ],
        [
          74.341828,
          31.410355
        ],
        [
          74.341808,
          31.410539
        ],
        [
          74.341774,
          31.410702
        ],
        [
          74.341765,
          31.410851
        ],
        [
          74.341325,
          31.411006
        ],
        [
          74.341159,
          31.411065
        ],
        [
          74.34094,
          31.411123
        ],
        [
          74.340764,
          31.411206
        ],
        [
          74.340722,
          31.411221
        ],
        [
          74.34009,
          31.4114
        ],
        [
          74.339557,
          31.411556
        ],
        [
          74.339359,
          31.41159
        ],
        [
          74.339182,
          31.411607
        ],
        [
          74.339016,
          31.411631
        ],
        [
          74.338738,
          31.411688
        ],
        [
          74.338582,
          31.411704
        ],
        [
          74.338323,
          31.411711
        ],
        [
          74.338161,
          31.411708
        ],
        [
          74.337831,
          31.411729
        ],
        [
          74.337786,
          31.411732
        ],
        [
          74.337503,
          31.411744
        ],
        [
          74.337236,
          31.41173
        ],
        [
          74.337027,
          31.411708
        ],
        [
          74.336737,
          31.411658
        ],
        [
          74.336608,
          31.411658
        ],
        [
          74.336551,
          31.411645
        ],
        [
          74.336265,
          31.411599
        ],
        [
          74.336079,
          31.411582
        ],
        [
          74.335677,
          31.411544
        ],
        [
          74.335666,
          31.41157
        ],
        [
          74.335407,
          31.411511
        ],
        [
          74.335018,
          31.411424
        ],
        [
          74.334565,
          31.411344
        ],
        [
          74.334166,
          31.411296
        ],
        [
          74.333855,
          31.411268
        ],
        [
          74.333652,
          31.411232
        ],
        [
          74.333346,
          31.411196
        ],
        [
          74.333296,
          31.41119
        ],
        [
          74.333064,
          31.411353
        ],
        [
          74.333032,
          31.411376
        ],
        [
          74.332843,
          31.411517
        ],
        [
          74.332616,
          31.411704
        ],
        [
          74.332569,
          31.411744
        ],
        [
          74.332272,
          31.412115
        ],
        [
          74.332155,
          31.412289
        ],
        [
          74.332076,
          31.412406
        ],
        [
          74.331933,
          31.412642
        ],
        [
          74.331649,
          31.41273
        ],
        [
          74.331503,
          31.412781
        ],
        [
          74.331185,
          31.412882
        ],
        [
          74.33085,
          31.41289
        ],
        [
          74.330528,
          31.412884
        ],
        [
          74.329989,
          31.412901
        ],
        [
          74.329605,
          31.412951
        ],
        [
          74.329195,
          31.412981
        ],
        [
          74.329024,
          31.412996
        ],
        [
          74.328546,
          31.413082
        ],
        [
          74.328057,
          31.413169
        ],
        [
          74.327732,
          31.413215
        ],
        [
          74.327425,
          31.413219
        ],
        [
          74.327022,
          31.413225
        ],
        [
          74.326605,
          31.413238
        ],
        [
          74.326365,
          31.413242
        ],
        [
          74.326155,
          31.413251
        ],
        [
          74.325879,
          31.413276
        ],
        [
          74.325636,
          31.413276
        ],
        [
          74.325253,
          31.413305
        ],
        [
          74.32501,
          31.413331
        ],
        [
          74.32469,
          31.413379
        ],
        [
          74.324433,
          31.4134
        ],
        [
          74.324265,
          31.413385
        ],
        [
          74.324111,
          31.413383
        ],
        [
          74.323774,
          31.413392
        ],
        [
          74.323595,
          31.4134
        ],
        [
          74.323235,
          31.413383
        ],
        [
          74.323081,
          31.413377
        ],
        [
          74.323081,
          31.41343
        ],
        [
          74.322777,
          31.413432
        ],
        [
          74.322211,
          31.413442
        ],
        [
          74.321893,
          31.41347
        ],
        [
          74.321768,
          31.413623
        ],
        [
          74.321473,
          31.413919
        ],
        [
          74.321349,
          31.413647
        ],
        [
          74.321216,
          31.413329
        ],
        [
          74.32109,
          31.413072
        ],
        [
          74.321001,
          31.412888
        ],
        [
          74.320963,
          31.412747
        ],
        [
          74.320841,
          31.412459
        ],
        [
          74.32077,
          31.412263
        ],
        [
          74.320709,
          31.41213
        ],
        [
          74.320647,
          31.41202
        ],
        [
          74.320603,
          31.411949
        ],
        [
          74.320563,
          31.411866
        ],
        [
          74.320568,
          31.411742
        ],
        [
          74.320591,
          31.41162
        ],
        [
          74.320591,
          31.411553
        ],
        [
          74.320595,
          31.411403
        ],
        [
          74.320565,
          31.411171
        ],
        [
          74.32053,
          31.410997
        ],
        [
          74.320536,
          31.410855
        ],
        [
          74.320513,
          31.410784
        ],
        [
          74.320485,
          31.410752
        ],
        [
          74.320357,
          31.410676
        ],
        [
          74.320268,
          31.410605
        ],
        [
          74.320214,
          31.410546
        ],
        [
          74.320129,
          31.410373
        ],
        [
          74.320062,
          31.410211
        ],
        [
          74.319959,
          31.409998
        ],
        [
          74.319885,
          31.409833
        ],
        [
          74.319759,
          31.409646
        ],
        [
          74.319573,
          31.409751
        ],
        [
          74.319364,
          31.409897
        ],
        [
          74.319126,
          31.410042
        ],
        [
          74.318924,
          31.410192
        ],
        [
          74.318701,
          31.410364
        ],
        [
          74.318594,
          31.410375
        ],
        [
          74.318332,
          31.410352
        ],
        [
          74.318254,
          31.41036
        ],
        [
          74.317888,
          31.410366
        ],
        [
          74.317576,
          31.410369
        ],
        [
          74.317292,
          31.410394
        ],
        [
          74.316954,
          31.410432
        ],
        [
          74.316561,
          31.410457
        ],
        [
          74.316244,
          31.410484
        ],
        [
          74.315933,
          31.41048
        ],
        [
          74.315549,
          31.410504
        ],
        [
          74.315507,
          31.410522
        ],
        [
          74.315357,
          31.410525
        ],
        [
          74.315082,
          31.410535
        ],
        [
          74.314648,
          31.410558
        ],
        [
          74.314317,
          31.410575
        ],
        [
          74.313837,
          31.410602
        ],
        [
          74.313434,
          31.410642
        ],
        [
          74.313226,
          31.410661
        ],
        [
          74.312872,
          31.410712
        ],
        [
          74.312492,
          31.410752
        ],
        [
          74.311936,
          31.410857
        ],
        [
          74.311793,
          31.41091
        ],
        [
          74.311513,
          31.411007
        ],
        [
          74.311344,
          31.411106
        ],
        [
          74.311003,
          31.411234
        ],
        [
          74.310628,
          31.411401
        ],
        [
          74.310038,
          31.411629
        ],
        [
          74.309949,
          31.411686
        ],
        [
          74.309923,
          31.412613
        ],
        [
          74.309925,
          31.412771
        ],
        [
          74.309827,
          31.413599
        ],
        [
          74.309819,
          31.413621
        ],
        [
          74.309821,
          31.413636
        ],
        [
          74.309825,
          31.413737
        ],
        [
          74.30968,
          31.41414
        ],
        [
          74.309528,
          31.414481
        ],
        [
          74.309408,
          31.414721
        ],
        [
          74.309244,
          31.414913
        ],
        [
          74.309075,
          31.415065
        ],
        [
          74.308919,
          31.415223
        ],
        [
          74.308656,
          31.415517
        ],
        [
          74.308603,
          31.415614
        ],
        [
          74.308401,
          31.415886
        ],
        [
          74.308123,
          31.416238
        ],
        [
          74.307898,
          31.416525
        ],
        [
          74.307444,
          31.416715
        ],
        [
          74.307255,
          31.416794
        ],
        [
          74.307134,
          31.417064
        ],
        [
          74.307116,
          31.417104
        ],
        [
          74.306914,
          31.417445
        ],
        [
          74.306855,
          31.417569
        ],
        [
          74.306754,
          31.417748
        ],
        [
          74.30665,
          31.417913
        ],
        [
          74.306598,
          31.418027
        ],
        [
          74.30652,
          31.41814
        ],
        [
          74.306473,
          31.41826
        ],
        [
          74.306385,
          31.418406
        ],
        [
          74.306136,
          31.41864
        ],
        [
          74.305873,
          31.418859
        ],
        [
          74.305698,
          31.418914
        ],
        [
          74.305367,
          31.419017
        ],
        [
          74.304841,
          31.419171
        ],
        [
          74.304491,
          31.419255
        ],
        [
          74.3042,
          31.419316
        ],
        [
          74.30376,
          31.419388
        ],
        [
          74.303459,
          31.419419
        ],
        [
          74.303275,
          31.419417
        ],
        [
          74.302883,
          31.419448
        ],
        [
          74.302624,
          31.419441
        ],
        [
          74.302231,
          31.41931
        ],
        [
          74.302045,
          31.419251
        ],
        [
          74.301853,
          31.419196
        ],
        [
          74.301358,
          31.41896
        ],
        [
          74.301332,
          31.418944
        ],
        [
          74.301174,
          31.418847
        ],
        [
          74.300844,
          31.418644
        ],
        [
          74.300693,
          31.418533
        ],
        [
          74.300627,
          31.418484
        ],
        [
          74.300606,
          31.418477
        ],
        [
          74.299986,
          31.418275
        ],
        [
          74.299896,
          31.41825
        ],
        [
          74.299746,
          31.418225
        ],
        [
          74.299734,
          31.418223
        ],
        [
          74.299551,
          31.418183
        ],
        [
          74.299289,
          31.41813
        ],
        [
          74.298742,
          31.417968
        ],
        [
          74.298619,
          31.417953
        ],
        [
          74.29804,
          31.417599
        ],
        [
          74.297549,
          31.417319
        ],
        [
          74.29674,
          31.416337
        ],
        [
          74.295741,
          31.41518
        ],
        [
          74.295339,
          31.414461
        ],
        [
          74.294649,
          31.413104
        ],
        [
          74.294601,
          31.412941
        ],
        [
          74.294408,
          31.412173
        ],
        [
          74.294182,
          31.411339
        ],
        [
          74.294134,
          31.411165
        ],
        [
          74.293858,
          31.410216
        ],
        [
          74.293742,
          31.40983
        ],
        [
          74.293714,
          31.409713
        ],
        [
          74.293602,
          31.409238
        ],
        [
          74.293528,
          31.408845
        ],
        [
          74.293465,
          31.408247
        ],
        [
          74.293435,
          31.408218
        ],
        [
          74.293314,
          31.407736
        ],
        [
          74.293276,
          31.407397
        ],
        [
          74.293262,
          31.407206
        ],
        [
          74.293249,
          31.407037
        ],
        [
          74.293232,
          31.406683
        ],
        [
          74.293221,
          31.406501
        ],
        [
          74.293219,
          31.406473
        ],
        [
          74.292854,
          31.406504
        ],
        [
          74.292415,
          31.406543
        ],
        [
          74.291749,
          31.406589
        ],
        [
          74.291482,
          31.406678
        ],
        [
          74.291202,
          31.405894
        ],
        [
          74.291196,
          31.405847
        ],
        [
          74.291044,
          31.405579
        ],
        [
          74.290652,
          31.404809
        ],
        [
          74.290595,
          31.404541
        ],
        [
          74.290426,
          31.404285
        ],
        [
          74.290009,
          31.403652
        ],
        [
          74.289604,
          31.403777
        ],
        [
          74.289087,
          31.403905
        ],
        [
          74.288811,
          31.40398
        ],
        [
          74.288381,
          31.404127
        ],
        [
          74.287782,
          31.404319
        ],
        [
          74.287483,
          31.404463
        ],
        [
          74.286773,
          31.404783
        ],
        [
          74.286461,
          31.404797
        ],
        [
          74.285845,
          31.404836
        ],
        [
          74.285577,
          31.404852
        ],
        [
          74.284976,
          31.404878
        ],
        [
          74.284725,
          31.404892
        ],
        [
          74.284388,
          31.404974
        ],
        [
          74.283906,
          31.405085
        ],
        [
          74.283694,
          31.40514
        ],
        [
          74.283297,
          31.405234
        ],
        [
          74.283153,
          31.405256
        ],
        [
          74.282675,
          31.40536
        ],
        [
          74.282633,
          31.405374
        ],
        [
          74.282245,
          31.405475
        ],
        [
          74.281918,
          31.405551
        ],
        [
          74.281749,
          31.405608
        ],
        [
          74.281536,
          31.405657
        ],
        [
          74.281366,
          31.405692
        ],
        [
          74.280891,
          31.405803
        ],
        [
          74.280718,
          31.405844
        ],
        [
          74.280426,
          31.405912
        ],
        [
          74.28022,
          31.405959
        ],
        [
          74.279811,
          31.406065
        ],
        [
          74.279507,
          31.406135
        ],
        [
          74.279198,
          31.406196
        ],
        [
          74.279071,
          31.406222
        ],
        [
          74.278958,
          31.406259
        ],
        [
          74.278792,
          31.406361
        ],
        [
          74.278561,
          31.406501
        ],
        [
          74.278456,
          31.406557
        ],
        [
          74.278298,
          31.406641
        ],
        [
          74.278073,
          31.406748
        ],
        [
          74.277889,
          31.406782
        ],
        [
          74.277803,
          31.406798
        ],
        [
          74.27772,
          31.406815
        ],
        [
          74.277486,
          31.406865
        ],
        [
          74.277436,
          31.406872
        ],
        [
          74.277424,
          31.406839
        ],
        [
          74.277349,
          31.406548
        ],
        [
          74.277236,
          31.406057
        ],
        [
          74.277142,
          31.405786
        ],
        [
          74.277067,
          31.405569
        ],
        [
          74.276953,
          31.40559
        ],
        [
          74.276115,
          31.405742
        ],
        [
          74.27558,
          31.405536
        ],
        [
          74.275383,
          31.405462
        ],
        [
          74.275378,
          31.40543
        ],
        [
          74.275348,
          31.405242
        ],
        [
          74.275317,
          31.405238
        ],
        [
          74.275074,
          31.405206
        ],
        [
          74.274482,
          31.405319
        ],
        [
          74.273884,
          31.405426
        ],
        [
          74.27369,
          31.40578
        ],
        [
          74.273627,
          31.405827
        ],
        [
          74.273392,
          31.405807
        ],
        [
          74.273266,
          31.405801
        ],
        [
          74.272907,
          31.405739
        ],
        [
          74.272856,
          31.405735
        ],
        [
          74.27277,
          31.405738
        ],
        [
          74.272214,
          31.405769
        ],
        [
          74.271835,
          31.405591
        ],
        [
          74.271761,
          31.405598
        ],
        [
          74.271301,
          31.405692
        ],
        [
          74.270949,
          31.405786
        ],
        [
          74.270741,
          31.40588
        ],
        [
          74.270338,
          31.406017
        ],
        [
          74.270179,
          31.406076
        ],
        [
          74.270072,
          31.40612
        ],
        [
          74.269979,
          31.406147
        ],
        [
          74.26946,
          31.406322
        ],
        [
          74.269301,
          31.40635
        ],
        [
          74.268785,
          31.406558
        ],
        [
          74.268457,
          31.406772
        ],
        [
          74.268252,
          31.406799
        ],
        [
          74.268097,
          31.40695
        ],
        [
          74.267565,
          31.407084
        ],
        [
          74.266967,
          31.407269
        ],
        [
          74.266265,
          31.407489
        ],
        [
          74.265403,
          31.407795
        ],
        [
          74.265165,
          31.407908
        ],
        [
          74.264933,
          31.408128
        ],
        [
          74.264076,
          31.40886
        ],
        [
          74.263559,
          31.409273
        ],
        [
          74.262976,
          31.410163
        ],
        [
          74.262604,
          31.410644
        ],
        [
          74.262048,
          31.411346
        ],
        [
          74.261432,
          31.412075
        ],
        [
          74.261016,
          31.412688
        ],
        [
          74.260959,
          31.412801
        ],
        [
          74.260656,
          31.413146
        ],
        [
          74.260126,
          31.413735
        ],
        [
          74.259694,
          31.41433
        ],
        [
          74.259555,
          31.41452
        ],
        [
          74.258913,
          31.415281
        ],
        [
          74.258776,
          31.416153
        ],
        [
          74.258752,
          31.416287
        ],
        [
          74.258681,
          31.416885
        ],
        [
          74.25858,
          31.417363
        ],
        [
          74.258529,
          31.41792
        ],
        [
          74.258535,
          31.418907
        ],
        [
          74.258478,
          31.419544
        ],
        [
          74.258467,
          31.419761
        ],
        [
          74.25841,
          31.420689
        ],
        [
          74.258386,
          31.4212
        ],
        [
          74.258306,
          31.421944
        ],
        [
          74.258175,
          31.42303
        ],
        [
          74.258116,
          31.423488
        ],
        [
          74.257964,
          31.424362
        ],
        [
          74.257974,
          31.425211
        ],
        [
          74.257565,
          31.425008
        ],
        [
          74.257413,
          31.424812
        ],
        [
          74.257103,
          31.424656
        ],
        [
          74.256572,
          31.424395
        ],
        [
          74.256153,
          31.424203
        ],
        [
          74.255862,
          31.42406
        ],
        [
          74.255729,
          31.423994
        ],
        [
          74.255386,
          31.423832
        ],
        [
          74.25523,
          31.423765
        ],
        [
          74.25499,
          31.423655
        ],
        [
          74.254375,
          31.423451
        ],
        [
          74.253895,
          31.423314
        ],
        [
          74.253528,
          31.423206
        ],
        [
          74.253014,
          31.423042
        ],
        [
          74.252753,
          31.42296
        ],
        [
          74.252279,
          31.422804
        ],
        [
          74.251881,
          31.422646
        ],
        [
          74.251486,
          31.422471
        ],
        [
          74.251339,
          31.422402
        ],
        [
          74.250947,
          31.422202
        ],
        [
          74.250677,
          31.422016
        ],
        [
          74.250578,
          31.421997
        ],
        [
          74.250326,
          31.421926
        ],
        [
          74.250155,
          31.421865
        ],
        [
          74.24993,
          31.421791
        ],
        [
          74.249692,
          31.421719
        ],
        [
          74.249468,
          31.421618
        ],
        [
          74.249186,
          31.421511
        ],
        [
          74.24888,
          31.421374
        ],
        [
          74.248822,
          31.421342
        ],
        [
          74.248387,
          31.421203
        ],
        [
          74.24793,
          31.421045
        ],
        [
          74.247448,
          31.420895
        ],
        [
          74.247211,
          31.420818
        ],
        [
          74.247116,
          31.420788
        ],
        [
          74.247161,
          31.42078
        ],
        [
          74.247325,
          31.420416
        ],
        [
          74.247625,
          31.420305
        ],
        [
          74.247939,
          31.41977
        ],
        [
          74.248125,
          31.41947
        ],
        [
          74.248578,
          31.418831
        ],
        [
          74.248717,
          31.418621
        ],
        [
          74.249042,
          31.417975
        ],
        [
          74.249228,
          31.417482
        ],
        [
          74.249278,
          31.417293
        ],
        [
          74.249353,
          31.417211
        ],
        [
          74.24957,
          31.416729
        ],
        [
          74.249663,
          31.416536
        ],
        [
          74.249727,
          31.416311
        ],
        [
          74.249813,
          31.41598
        ],
        [
          74.249888,
          31.415608
        ],
        [
          74.250038,
          31.415176
        ],
        [
          74.25012,
          31.414916
        ],
        [
          74.250202,
          31.414609
        ],
        [
          74.25042,
          31.413845
        ],
        [
          74.250509,
          31.413485
        ],
        [
          74.250641,
          31.412956
        ],
        [
          74.250745,
          31.41256
        ],
        [
          74.250934,
          31.411746
        ],
        [
          74.250973,
          31.411572
        ],
        [
          74.251209,
          31.410797
        ],
        [
          74.251466,
          31.410008
        ],
        [
          74.251744,
          31.40903
        ],
        [
          74.25173,
          31.408352
        ],
        [
          74.251773,
          31.40762
        ],
        [
          74.251815,
          31.406703
        ],
        [
          74.251826,
          31.406164
        ],
        [
          74.251683,
          31.405072
        ],
        [
          74.251673,
          31.404408
        ],
        [
          74.251651,
          31.403277
        ],
        [
          74.251651,
          31.403098
        ],
        [
          74.25158,
          31.402641
        ],
        [
          74.25153,
          31.401442
        ],
        [
          74.251523,
          31.401175
        ],
        [
          74.251458,
          31.400693
        ],
        [
          74.251376,
          31.399729
        ],
        [
          74.251266,
          31.39838
        ],
        [
          74.251187,
          31.39743
        ],
        [
          74.251134,
          31.396813
        ],
        [
          74.249892,
          31.396799
        ],
        [
          74.249864,
          31.396798
        ],
        [
          74.249774,
          31.396403
        ],
        [
          74.249602,
          31.395645
        ],
        [
          74.249452,
          31.395005
        ],
        [
          74.249297,
          31.394725
        ],
        [
          74.24892,
          31.394101
        ],
        [
          74.248826,
          31.393947
        ],
        [
          74.248322,
          31.393183
        ],
        [
          74.247872,
          31.392447
        ],
        [
          74.247563,
          31.391957
        ],
        [
          74.247275,
          31.391391
        ],
        [
          74.246842,
          31.39057
        ],
        [
          74.246663,
          31.390727
        ],
        [
          74.246547,
          31.39083
        ],
        [
          74.246054,
          31.391263
        ],
        [
          74.245892,
          31.391401
        ],
        [
          74.245255,
          31.392012
        ],
        [
          74.244892,
          31.392119
        ],
        [
          74.244565,
          31.392216
        ],
        [
          74.244562,
          31.392217
        ],
        [
          74.244561,
          31.392216
        ],
        [
          74.243751,
          31.391938
        ],
        [
          74.243634,
          31.391619
        ],
        [
          74.243282,
          31.390701
        ],
        [
          74.24313,
          31.390282
        ],
        [
          74.243087,
          31.389961
        ],
        [
          74.243085,
          31.389961
        ],
        [
          74.243024,
          31.389878
        ],
        [
          74.242994,
          31.389838
        ],
        [
          74.242798,
          31.389487
        ],
        [
          74.242607,
          31.389122
        ],
        [
          74.242569,
          31.389026
        ],
        [
          74.242362,
          31.388513
        ],
        [
          74.24221,
          31.38797
        ],
        [
          74.242204,
          31.3871
        ],
        [
          74.242256,
          31.386977
        ],
        [
          74.242448,
          31.386525
        ],
        [
          74.242573,
          31.386175
        ],
        [
          74.242689,
          31.385865
        ],
        [
          74.242701,
          31.385528
        ],
        [
          74.242727,
          31.3854
        ],
        [
          74.24283,
          31.385168
        ],
        [
          74.243131,
          31.384424
        ],
        [
          74.243359,
          31.383798
        ],
        [
          74.243451,
          31.383424
        ],
        [
          74.243499,
          31.383246
        ],
        [
          74.243567,
          31.382994
        ],
        [
          74.243731,
          31.382486
        ],
        [
          74.243995,
          31.381528
        ],
        [
          74.244113,
          31.381127
        ],
        [
          74.244115,
          31.380659
        ],
        [
          74.24414,
          31.380219
        ],
        [
          74.244098,
          31.379642
        ],
        [
          74.244043,
          31.379476
        ],
        [
          74.244028,
          31.379157
        ],
        [
          74.244049,
          31.379072
        ],
        [
          74.244062,
          31.37902
        ],
        [
          74.244898,
          31.378426
        ],
        [
          74.245048,
          31.37832
        ],
        [
          74.245088,
          31.378291
        ],
        [
          74.245083,
          31.37828
        ],
        [
          74.245065,
          31.378239
        ],
        [
          74.245737,
          31.377791
        ],
        [
          74.246555,
          31.377378
        ],
        [
          74.246653,
          31.377327
        ],
        [
          74.247364,
          31.376961
        ],
        [
          74.248307,
          31.376509
        ],
        [
          74.248476,
          31.376426
        ],
        [
          74.248848,
          31.376244
        ],
        [
          74.24961,
          31.376114
        ],
        [
          74.250337,
          31.375873
        ],
        [
          74.25041,
          31.375849
        ],
        [
          74.251567,
          31.375221
        ],
        [
          74.25191,
          31.37432
        ],
        [
          74.251918,
          31.374299
        ],
        [
          74.252891,
          31.373936
        ],
        [
          74.253316,
          31.373767
        ],
        [
          74.253524,
          31.373689
        ],
        [
          74.254607,
          31.373309
        ],
        [
          74.255044,
          31.373118
        ],
        [
          74.25582,
          31.372803
        ],
        [
          74.256133,
          31.371833
        ],
        [
          74.257019,
          31.370623
        ],
        [
          74.257379,
          31.370052
        ],
        [
          74.257658,
          31.369525
        ],
        [
          74.25784,
          31.369204
        ],
        [
          74.258253,
          31.368357
        ],
        [
          74.258884,
          31.367949
        ],
        [
          74.259531,
          31.367537
        ],
        [
          74.259678,
          31.367443
        ],
        [
          74.260516,
          31.366929
        ],
        [
          74.26057,
          31.366896
        ],
        [
          74.26093,
          31.366679
        ],
        [
          74.261418,
          31.366325
        ],
        [
          74.261686,
          31.366042
        ],
        [
          74.262147,
          31.36543
        ],
        [
          74.262468,
          31.364847
        ],
        [
          74.262542,
          31.364772
        ],
        [
          74.262976,
          31.364023
        ],
        [
          74.263188,
          31.363651
        ],
        [
          74.263699,
          31.362684
        ],
        [
          74.263732,
          31.362485
        ],
        [
          74.263866,
          31.361706
        ],
        [
          74.263783,
          31.361034
        ],
        [
          74.26378,
          31.359823
        ],
        [
          74.263774,
          31.359473
        ],
        [
          74.263718,
          31.359071
        ],
        [
          74.263707,
          31.358985
        ],
        [
          74.263764,
          31.358853
        ],
        [
          74.263732,
          31.35833
        ],
        [
          74.263717,
          31.35803
        ],
        [
          74.263637,
          31.356998
        ],
        [
          74.263607,
          31.35659
        ],
        [
          74.263833,
          31.355808
        ],
        [
          74.263738,
          31.355405
        ],
        [
          74.263658,
          31.35462
        ],
        [
          74.263748,
          31.354194
        ],
        [
          74.263857,
          31.353706
        ],
        [
          74.264015,
          31.352866
        ],
        [
          74.264916,
          31.352176
        ],
        [
          74.265173,
          31.352062
        ],
        [
          74.266403,
          31.351472
        ],
        [
          74.267293,
          31.351015
        ],
        [
          74.268112,
          31.350591
        ],
        [
          74.268947,
          31.350139
        ],
        [
          74.269249,
          31.349899
        ],
        [
          74.270092,
          31.349183
        ],
        [
          74.270501,
          31.348824
        ],
        [
          74.270524,
          31.348781
        ],
        [
          74.270528,
          31.348727
        ],
        [
          74.270931,
          31.348237
        ],
        [
          74.271065,
          31.348038
        ],
        [
          74.271403,
          31.347527
        ],
        [
          74.272357,
          31.347196
        ],
        [
          74.273247,
          31.346982
        ],
        [
          74.273946,
          31.346956
        ],
        [
          74.274558,
          31.34697
        ],
        [
          74.2756,
          31.346984
        ],
        [
          74.275872,
          31.346986
        ],
        [
          74.276737,
          31.346994
        ],
        [
          74.277513,
          31.34701
        ],
        [
          74.278009,
          31.347048
        ],
        [
          74.278397,
          31.347056
        ],
        [
          74.278625,
          31.34707
        ],
        [
          74.278771,
          31.34711
        ],
        [
          74.279172,
          31.347144
        ],
        [
          74.279596,
          31.3473
        ],
        [
          74.279677,
          31.347313
        ],
        [
          74.280186,
          31.347465
        ],
        [
          74.280776,
          31.347941
        ],
        [
          74.280921,
          31.348243
        ],
        [
          74.280973,
          31.348298
        ],
        [
          74.281138,
          31.34857
        ],
        [
          74.28159,
          31.349112
        ],
        [
          74.281623,
          31.349188
        ],
        [
          74.281702,
          31.349416
        ],
        [
          74.281765,
          31.349497
        ],
        [
          74.281762,
          31.349636
        ],
        [
          74.281793,
          31.349817
        ],
        [
          74.282253,
          31.349801
        ],
        [
          74.283045,
          31.349773
        ],
        [
          74.283444,
          31.349771
        ],
        [
          74.283474,
          31.349768
        ],
        [
          74.283617,
          31.349764
        ],
        [
          74.283661,
          31.349779
        ],
        [
          74.284102,
          31.349821
        ],
        [
          74.284609,
          31.349959
        ],
        [
          74.28503,
          31.350058
        ],
        [
          74.285235,
          31.350061
        ],
        [
          74.285349,
          31.350049
        ],
        [
          74.286017,
          31.349918
        ],
        [
          74.286367,
          31.349754
        ],
        [
          74.287309,
          31.349259
        ],
        [
          74.288214,
          31.348771
        ],
        [
          74.288813,
          31.348459
        ],
        [
          74.289162,
          31.348284
        ],
        [
          74.289437,
          31.348112
        ],
        [
          74.289551,
          31.348065
        ],
        [
          74.289818,
          31.34797
        ],
        [
          74.29007,
          31.347941
        ],
        [
          74.290227,
          31.347916
        ],
        [
          74.290243,
          31.34791
        ],
        [
          74.290993,
          31.347715
        ],
        [
          74.291769,
          31.347474
        ],
        [
          74.292687,
          31.347334
        ],
        [
          74.29371,
          31.347229
        ],
        [
          74.293715,
          31.347232
        ],
        [
          74.29384,
          31.346858
        ],
        [
          74.293941,
          31.346594
        ],
        [
          74.294137,
          31.346203
        ],
        [
          74.29419,
          31.346099
        ],
        [
          74.294331,
          31.345821
        ],
        [
          74.294422,
          31.345626
        ],
        [
          74.294464,
          31.345537
        ],
        [
          74.294692,
          31.34513
        ],
        [
          74.294896,
          31.344826
        ],
        [
          74.295036,
          31.344653
        ],
        [
          74.295367,
          31.344172
        ],
        [
          74.295729,
          31.343872
        ],
        [
          74.295909,
          31.343757
        ],
        [
          74.296246,
          31.343493
        ],
        [
          74.296413,
          31.343397
        ],
        [
          74.296654,
          31.343272
        ],
        [
          74.296986,
          31.343116
        ],
        [
          74.297228,
          31.342989
        ],
        [
          74.297561,
          31.342846
        ],
        [
          74.297585,
          31.342835
        ],
        [
          74.297841,
          31.342668
        ],
        [
          74.297922,
          31.342625
        ],
        [
          74.297984,
          31.342583
        ],
        [
          74.298684,
          31.342216
        ],
        [
          74.29946,
          31.341764
        ],
        [
          74.299931,
          31.341512
        ],
        [
          74.299983,
          31.341497
        ],
        [
          74.300065,
          31.341451
        ],
        [
          74.300349,
          31.341317
        ],
        [
          74.300895,
          31.341077
        ],
        [
          74.30103,
          31.341014
        ],
        [
          74.301535,
          31.340772
        ],
        [
          74.301868,
          31.340608
        ],
        [
          74.302146,
          31.340476
        ],
        [
          74.302432,
          31.340298
        ],
        [
          74.302703,
          31.340131
        ],
        [
          74.30298,
          31.339974
        ],
        [
          74.303109,
          31.339887
        ],
        [
          74.303591,
          31.339592
        ],
        [
          74.303676,
          31.339539
        ],
        [
          74.303949,
          31.339326
        ],
        [
          74.303967,
          31.339222
        ],
        [
          74.304138,
          31.339037
        ],
        [
          74.304269,
          31.338889
        ],
        [
          74.304567,
          31.338511
        ],
        [
          74.304751,
          31.338358
        ],
        [
          74.304931,
          31.338242
        ],
        [
          74.30498,
          31.33819
        ],
        [
          74.305071,
          31.338034
        ],
        [
          74.305275,
          31.337691
        ],
        [
          74.305411,
          31.337601
        ],
        [
          74.305685,
          31.337429
        ],
        [
          74.305728,
          31.337402
        ],
        [
          74.305772,
          31.337345
        ],
        [
          74.3059,
          31.337172
        ],
        [
          74.305918,
          31.337147
        ],
        [
          74.306182,
          31.336798
        ],
        [
          74.306303,
          31.336637
        ],
        [
          74.306502,
          31.336366
        ],
        [
          74.306771,
          31.336021
        ],
        [
          74.306974,
          31.335767
        ],
        [
          74.307177,
          31.335497
        ],
        [
          74.307416,
          31.335178
        ],
        [
          74.30813,
          31.33425
        ],
        [
          74.308221,
          31.334145
        ],
        [
          74.308416,
          31.333893
        ],
        [
          74.30844,
          31.333855
        ],
        [
          74.309282,
          31.333193
        ],
        [
          74.309213,
          31.332979
        ],
        [
          74.309311,
          31.333235
        ],
        [
          74.309413,
          31.333162
        ],
        [
          74.309561,
          31.33307
        ],
        [
          74.309729,
          31.332967
        ],
        [
          74.310042,
          31.332769
        ],
        [
          74.310236,
          31.332654
        ],
        [
          74.310572,
          31.332538
        ],
        [
          74.310926,
          31.332422
        ],
        [
          74.311286,
          31.332318
        ],
        [
          74.311434,
          31.332644
        ],
        [
          74.311508,
          31.332806
        ],
        [
          74.311585,
          31.332999
        ],
        [
          74.311669,
          31.333155
        ],
        [
          74.311729,
          31.33331
        ],
        [
          74.311784,
          31.333504
        ],
        [
          74.311863,
          31.333712
        ],
        [
          74.311964,
          31.333992
        ],
        [
          74.312002,
          31.334091
        ],
        [
          74.312167,
          31.334282
        ],
        [
          74.312465,
          31.334638
        ],
        [
          74.312722,
          31.334943
        ],
        [
          74.312968,
          31.335188
        ],
        [
          74.313207,
          31.335408
        ],
        [
          74.313302,
          31.335496
        ],
        [
          74.313456,
          31.33566
        ],
        [
          74.313608,
          31.335744
        ],
        [
          74.313816,
          31.335879
        ],
        [
          74.313936,
          31.335959
        ],
        [
          74.314244,
          31.336166
        ],
        [
          74.314444,
          31.336161
        ],
        [
          74.314838,
          31.336169
        ],
        [
          74.315128,
          31.336181
        ],
        [
          74.315402,
          31.336192
        ],
        [
          74.315741,
          31.336208
        ],
        [
          74.315824,
          31.336223
        ],
        [
          74.316385,
          31.336243
        ],
        [
          74.316428,
          31.336262
        ],
        [
          74.316655,
          31.336221
        ],
        [
          74.316982,
          31.336112
        ],
        [
          74.317178,
          31.336032
        ],
        [
          74.317444,
          31.335938
        ],
        [
          74.317602,
          31.335866
        ],
        [
          74.317745,
          31.33579
        ],
        [
          74.318046,
          31.335665
        ],
        [
          74.318309,
          31.335558
        ],
        [
          74.318738,
          31.335386
        ],
        [
          74.319385,
          31.335525
        ],
        [
          74.319852,
          31.335604
        ],
        [
          74.319904,
          31.33561
        ],
        [
          74.320281,
          31.335697
        ],
        [
          74.320652,
          31.335765
        ],
        [
          74.320972,
          31.335829
        ],
        [
          74.321586,
          31.335981
        ],
        [
          74.321632,
          31.335985
        ],
        [
          74.32195,
          31.336074
        ],
        [
          74.32209,
          31.336113
        ],
        [
          74.322324,
          31.336179
        ],
        [
          74.322515,
          31.336235
        ],
        [
          74.32293,
          31.336315
        ],
        [
          74.323115,
          31.336354
        ],
        [
          74.323298,
          31.336386
        ],
        [
          74.323407,
          31.336406
        ],
        [
          74.323685,
          31.336448
        ],
        [
          74.324135,
          31.336451
        ],
        [
          74.324425,
          31.336414
        ],
        [
          74.324729,
          31.336386
        ],
        [
          74.324764,
          31.336383
        ],
        [
          74.324813,
          31.336372
        ],
        [
          74.324999,
          31.33633
        ],
        [
          74.325355,
          31.336237
        ],
        [
          74.325815,
          31.336111
        ],
        [
          74.326068,
          31.335982
        ],
        [
          74.326172,
          31.335929
        ],
        [
          74.326558,
          31.335718
        ],
        [
          74.326757,
          31.335549
        ],
        [
          74.326932,
          31.335383
        ],
        [
          74.327216,
          31.335106
        ],
        [
          74.327254,
          31.335069
        ],
        [
          74.327265,
          31.334826
        ],
        [
          74.32729,
          31.334683
        ],
        [
          74.327378,
          31.334094
        ],
        [
          74.327439,
          31.334058
        ],
        [
          74.327439,
          31.334056
        ],
        [
          74.327685,
          31.333856
        ],
        [
          74.328367,
          31.33347
        ],
        [
          74.328435,
          31.333435
        ],
        [
          74.328804,
          31.333198
        ],
        [
          74.328797,
          31.333115
        ],
        [
          74.329047,
          31.332982
        ],
        [
          74.329372,
          31.33284
        ],
        [
          74.329722,
          31.332693
        ],
        [
          74.329825,
          31.33263
        ],
        [
          74.329929,
          31.332577
        ],
        [
          74.330009,
          31.332517
        ],
        [
          74.330688,
          31.332164
        ],
        [
          74.33108,
          31.33193
        ],
        [
          74.331167,
          31.331879
        ],
        [
          74.331301,
          31.331786
        ],
        [
          74.331904,
          31.33135
        ],
        [
          74.332159,
          31.331185
        ],
        [
          74.332368,
          31.331
        ],
        [
          74.332553,
          31.330854
        ],
        [
          74.332816,
          31.330625
        ],
        [
          74.332901,
          31.330534
        ],
        [
          74.333221,
          31.330151
        ],
        [
          74.333276,
          31.330085
        ],
        [
          74.333726,
          31.329795
        ],
        [
          74.334379,
          31.329363
        ],
        [
          74.335018,
          31.328939
        ],
        [
          74.335585,
          31.328613
        ],
        [
          74.336103,
          31.328322
        ],
        [
          74.336724,
          31.327966
        ],
        [
          74.337084,
          31.327775
        ],
        [
          74.337089,
          31.327772
        ],
        [
          74.337116,
          31.327758
        ],
        [
          74.336981,
          31.32724
        ],
        [
          74.336985,
          31.327198
        ],
        [
          74.336832,
          31.326583
        ],
        [
          74.33684,
          31.326386
        ],
        [
          74.336865,
          31.325707
        ],
        [
          74.336873,
          31.325582
        ],
        [
          74.336912,
          31.324944
        ],
        [
          74.336873,
          31.324726
        ],
        [
          74.337176,
          31.323953
        ],
        [
          74.337187,
          31.323926
        ],
        [
          74.337466,
          31.323657
        ],
        [
          74.337551,
          31.323577
        ],
        [
          74.337843,
          31.323287
        ],
        [
          74.337908,
          31.323204
        ],
        [
          74.338265,
          31.322745
        ],
        [
          74.338497,
          31.322467
        ],
        [
          74.338932,
          31.32197
        ],
        [
          74.339135,
          31.321738
        ],
        [
          74.33917,
          31.321743
        ],
        [
          74.339642,
          31.321803
        ],
        [
          74.339621,
          31.321655
        ],
        [
          74.339553,
          31.321189
        ],
        [
          74.339446,
          31.320807
        ],
        [
          74.33942,
          31.320701
        ],
        [
          74.339328,
          31.320321
        ],
        [
          74.33911,
          31.320136
        ],
        [
          74.338868,
          31.319501
        ],
        [
          74.338468,
          31.31859
        ],
        [
          74.338397,
          31.318426
        ],
        [
          74.338025,
          31.317809
        ],
        [
          74.337583,
          31.317141
        ],
        [
          74.337179,
          31.31647
        ],
        [
          74.336965,
          31.316131
        ],
        [
          74.336938,
          31.316044
        ],
        [
          74.336905,
          31.315939
        ],
        [
          74.336873,
          31.315789
        ],
        [
          74.336866,
          31.315449
        ],
        [
          74.336862,
          31.315257
        ],
        [
          74.336844,
          31.3151
        ],
        [
          74.336698,
          31.314307
        ],
        [
          74.336662,
          31.314197
        ],
        [
          74.336648,
          31.314124
        ],
        [
          74.336566,
          31.313701
        ],
        [
          74.336501,
          31.313333
        ],
        [
          74.336506,
          31.313124
        ],
        [
          74.336516,
          31.312712
        ],
        [
          74.336475,
          31.312714
        ],
        [
          74.335502,
          31.312758
        ],
        [
          74.334974,
          31.312762
        ],
        [
          74.334835,
          31.312858
        ],
        [
          74.334398,
          31.312851
        ],
        [
          74.334392,
          31.312851
        ],
        [
          74.333914,
          31.312754
        ],
        [
          74.333465,
          31.312531
        ],
        [
          74.333341,
          31.312469
        ],
        [
          74.333664,
          31.312182
        ],
        [
          74.333879,
          31.311999
        ],
        [
          74.333956,
          31.3119
        ],
        [
          74.334044,
          31.311769
        ],
        [
          74.334187,
          31.311496
        ],
        [
          74.334561,
          31.31101
        ],
        [
          74.334666,
          31.310812
        ],
        [
          74.335086,
          31.309977
        ],
        [
          74.335363,
          31.309467
        ],
        [
          74.335377,
          31.309441
        ],
        [
          74.3353,
          31.30882
        ],
        [
          74.335268,
          31.308624
        ],
        [
          74.33521,
          31.308258
        ],
        [
          74.335254,
          31.307822
        ],
        [
          74.33529,
          31.307565
        ],
        [
          74.335321,
          31.307047
        ],
        [
          74.33533,
          31.30702
        ],
        [
          74.335253,
          31.306321
        ],
        [
          74.335368,
          31.305713
        ],
        [
          74.335402,
          31.305533
        ],
        [
          74.335411,
          31.305482
        ],
        [
          74.335767,
          31.304771
        ],
        [
          74.336074,
          31.304182
        ],
        [
          74.336184,
          31.303992
        ],
        [
          74.336237,
          31.303811
        ],
        [
          74.336303,
          31.303614
        ],
        [
          74.336456,
          31.30321
        ],
        [
          74.336463,
          31.303189
        ],
        [
          74.336633,
          31.302585
        ],
        [
          74.336895,
          31.301681
        ],
        [
          74.337335,
          31.301236
        ],
        [
          74.337328,
          31.301206
        ],
        [
          74.337296,
          31.301143
        ],
        [
          74.337221,
          31.301049
        ],
        [
          74.337006,
          31.300736
        ],
        [
          74.336966,
          31.300672
        ],
        [
          74.336882,
          31.300547
        ],
        [
          74.336823,
          31.300472
        ],
        [
          74.336729,
          31.300321
        ],
        [
          74.336693,
          31.300268
        ],
        [
          74.336673,
          31.300238
        ],
        [
          74.336586,
          31.300134
        ],
        [
          74.336536,
          31.300089
        ],
        [
          74.336502,
          31.300058
        ],
        [
          74.336355,
          31.299917
        ],
        [
          74.336248,
          31.29982
        ],
        [
          74.336138,
          31.299737
        ],
        [
          74.335956,
          31.299581
        ],
        [
          74.335761,
          31.29941
        ],
        [
          74.335604,
          31.299269
        ],
        [
          74.335497,
          31.299152
        ],
        [
          74.335348,
          31.298995
        ],
        [
          74.335303,
          31.298942
        ],
        [
          74.33519,
          31.298805
        ],
        [
          74.335036,
          31.298599
        ],
        [
          74.334921,
          31.298456
        ],
        [
          74.334855,
          31.298365
        ],
        [
          74.334829,
          31.298328
        ],
        [
          74.334753,
          31.298227
        ],
        [
          74.334697,
          31.298174
        ],
        [
          74.334612,
          31.298078
        ],
        [
          74.334513,
          31.297964
        ],
        [
          74.334436,
          31.297884
        ],
        [
          74.334403,
          31.297858
        ],
        [
          74.334252,
          31.297745
        ],
        [
          74.334108,
          31.297643
        ],
        [
          74.333898,
          31.29752
        ],
        [
          74.333739,
          31.297429
        ],
        [
          74.333585,
          31.29734
        ],
        [
          74.333469,
          31.297276
        ],
        [
          74.333407,
          31.297237
        ],
        [
          74.333278,
          31.297163
        ],
        [
          74.33325,
          31.297146
        ],
        [
          74.333113,
          31.297052
        ],
        [
          74.333074,
          31.297025
        ],
        [
          74.333028,
          31.296993
        ],
        [
          74.332907,
          31.296902
        ],
        [
          74.3328,
          31.296819
        ],
        [
          74.332609,
          31.296669
        ],
        [
          74.332494,
          31.296586
        ],
        [
          74.332343,
          31.296466
        ],
        [
          74.332257,
          31.296408
        ],
        [
          74.332225,
          31.296386
        ],
        [
          74.33218,
          31.296345
        ],
        [
          74.332087,
          31.296261
        ],
        [
          74.332071,
          31.296245
        ],
        [
          74.332068,
          31.296243
        ],
        [
          74.332068,
          31.296243
        ],
        [
          74.332005,
          31.296184
        ],
        [
          74.33186,
          31.296054
        ],
        [
          74.331723,
          31.295935
        ],
        [
          74.331625,
          31.295865
        ],
        [
          74.331542,
          31.295801
        ],
        [
          74.331474,
          31.295727
        ],
        [
          74.331406,
          31.295652
        ],
        [
          74.330382,
          31.294748
        ],
        [
          74.330191,
          31.29442
        ],
        [
          74.330129,
          31.29434
        ],
        [
          74.330083,
          31.294252
        ],
        [
          74.330087,
          31.29424
        ],
        [
          74.330072,
          31.294215
        ],
        [
          74.330025,
          31.294204
        ],
        [
          74.330301,
          31.293486
        ],
        [
          74.330111,
          31.292391
        ],
        [
          74.330032,
          31.291861
        ],
        [
          74.329993,
          31.291667
        ],
        [
          74.329957,
          31.291523
        ],
        [
          74.329932,
          31.291433
        ],
        [
          74.329914,
          31.291342
        ],
        [
          74.329895,
          31.291262
        ],
        [
          74.32991,
          31.291245
        ],
        [
          74.329974,
          31.291121
        ],
        [
          74.330007,
          31.291059
        ],
        [
          74.330059,
          31.29098
        ],
        [
          74.330183,
          31.29082
        ],
        [
          74.330245,
          31.290747
        ],
        [
          74.330369,
          31.290627
        ],
        [
          74.33054,
          31.290503
        ],
        [
          74.330733,
          31.29037
        ],
        [
          74.330857,
          31.290289
        ],
        [
          74.330936,
          31.290233
        ],
        [
          74.33108,
          31.290149
        ],
        [
          74.331187,
          31.290062
        ],
        [
          74.331273,
          31.289988
        ],
        [
          74.331396,
          31.2899
        ],
        [
          74.331575,
          31.289746
        ],
        [
          74.331606,
          31.289738
        ],
        [
          74.331655,
          31.289693
        ],
        [
          74.331766,
          31.289597
        ],
        [
          74.331854,
          31.289506
        ],
        [
          74.331924,
          31.289434
        ],
        [
          74.331993,
          31.289356
        ],
        [
          74.332032,
          31.289291
        ],
        [
          74.332081,
          31.289207
        ],
        [
          74.332124,
          31.289123
        ],
        [
          74.332152,
          31.289005
        ],
        [
          74.332162,
          31.288962
        ],
        [
          74.332164,
          31.288882
        ],
        [
          74.332161,
          31.288858
        ],
        [
          74.332153,
          31.288779
        ],
        [
          74.332149,
          31.288691
        ],
        [
          74.332152,
          31.288532
        ],
        [
          74.332166,
          31.288419
        ],
        [
          74.33218,
          31.288282
        ],
        [
          74.332181,
          31.288257
        ],
        [
          74.332178,
          31.288239
        ],
        [
          74.332181,
          31.288224
        ],
        [
          74.332195,
          31.287404
        ],
        [
          74.33221,
          31.287209
        ],
        [
          74.332432,
          31.286804
        ],
        [
          74.33245,
          31.286723
        ],
        [
          74.332437,
          31.28665
        ],
        [
          74.332426,
          31.286569
        ],
        [
          74.332411,
          31.286385
        ],
        [
          74.332403,
          31.286314
        ],
        [
          74.332377,
          31.286139
        ],
        [
          74.332367,
          31.286017
        ],
        [
          74.332357,
          31.285881
        ],
        [
          74.332356,
          31.285761
        ],
        [
          74.332346,
          31.28574
        ],
        [
          74.332303,
          31.28571
        ],
        [
          74.332209,
          31.28562
        ],
        [
          74.332126,
          31.285551
        ],
        [
          74.33205,
          31.285493
        ],
        [
          74.332003,
          31.285474
        ],
        [
          74.332005,
          31.285444
        ],
        [
          74.33201,
          31.285377
        ],
        [
          74.332019,
          31.285267
        ],
        [
          74.332092,
          31.2852
        ],
        [
          74.332364,
          31.284944
        ],
        [
          74.33253,
          31.284799
        ],
        [
          74.332544,
          31.284787
        ],
        [
          74.33281,
          31.284474
        ],
        [
          74.33284,
          31.28444
        ],
        [
          74.332918,
          31.284313
        ],
        [
          74.333044,
          31.284139
        ],
        [
          74.333092,
          31.284058
        ],
        [
          74.333252,
          31.283855
        ],
        [
          74.333335,
          31.283671
        ],
        [
          74.333371,
          31.283501
        ],
        [
          74.333399,
          31.283351
        ],
        [
          74.333388,
          31.283315
        ],
        [
          74.333337,
          31.283178
        ],
        [
          74.33327,
          31.28294
        ],
        [
          74.333217,
          31.28276
        ],
        [
          74.33319,
          31.282672
        ],
        [
          74.333132,
          31.282443
        ],
        [
          74.333172,
          31.282162
        ],
        [
          74.333154,
          31.282116
        ],
        [
          74.333037,
          31.281941
        ],
        [
          74.33296,
          31.281788
        ],
        [
          74.33288,
          31.281628
        ],
        [
          74.332844,
          31.281551
        ],
        [
          74.332827,
          31.281478
        ],
        [
          74.332778,
          31.281284
        ],
        [
          74.332757,
          31.281158
        ],
        [
          74.33274,
          31.281063
        ],
        [
          74.332863,
          31.280911
        ],
        [
          74.332915,
          31.28081
        ],
        [
          74.332904,
          31.280786
        ],
        [
          74.332756,
          31.280561
        ],
        [
          74.332701,
          31.280504
        ],
        [
          74.332616,
          31.280374
        ],
        [
          74.33252,
          31.280214
        ],
        [
          74.332449,
          31.280079
        ],
        [
          74.332399,
          31.279976
        ],
        [
          74.332364,
          31.279929
        ],
        [
          74.332366,
          31.27991
        ],
        [
          74.332364,
          31.279906
        ],
        [
          74.332369,
          31.279875
        ],
        [
          74.332376,
          31.279616
        ],
        [
          74.332409,
          31.279428
        ],
        [
          74.332411,
          31.279341
        ],
        [
          74.332436,
          31.279159
        ],
        [
          74.3325,
          31.278875
        ],
        [
          74.332573,
          31.278421
        ],
        [
          74.332806,
          31.278314
        ],
        [
          74.332994,
          31.278233
        ],
        [
          74.33317,
          31.278174
        ],
        [
          74.333369,
          31.278143
        ],
        [
          74.333559,
          31.278126
        ],
        [
          74.333692,
          31.278129
        ],
        [
          74.333841,
          31.27813
        ],
        [
          74.333993,
          31.278139
        ],
        [
          74.334075,
          31.278141
        ],
        [
          74.334359,
          31.27815
        ],
        [
          74.334563,
          31.278154
        ],
        [
          74.334786,
          31.278147
        ],
        [
          74.334983,
          31.278159
        ],
        [
          74.334987,
          31.278157
        ],
        [
          74.335026,
          31.278139
        ],
        [
          74.335088,
          31.278107
        ],
        [
          74.335318,
          31.278047
        ],
        [
          74.335396,
          31.278035
        ],
        [
          74.335478,
          31.27801
        ],
        [
          74.335589,
          31.278004
        ],
        [
          74.335682,
          31.277989
        ],
        [
          74.335829,
          31.277984
        ],
        [
          74.336024,
          31.277969
        ],
        [
          74.336243,
          31.277947
        ],
        [
          74.336359,
          31.277937
        ],
        [
          74.336486,
          31.27793
        ],
        [
          74.33666,
          31.277924
        ],
        [
          74.336681,
          31.277923
        ],
        [
          74.336843,
          31.277909
        ],
        [
          74.337373,
          31.277811
        ],
        [
          74.337774,
          31.277676
        ],
        [
          74.337954,
          31.277522
        ],
        [
          74.338218,
          31.277322
        ],
        [
          74.338408,
          31.277108
        ],
        [
          74.338544,
          31.276938
        ],
        [
          74.338544,
          31.276933
        ],
        [
          74.338525,
          31.276837
        ],
        [
          74.338516,
          31.27662
        ],
        [
          74.338511,
          31.27634
        ],
        [
          74.338511,
          31.276177
        ],
        [
          74.338515,
          31.276081
        ],
        [
          74.338536,
          31.275914
        ],
        [
          74.338559,
          31.27576
        ],
        [
          74.338569,
          31.275693
        ],
        [
          74.338571,
          31.275604
        ],
        [
          74.33861,
          31.275396
        ],
        [
          74.338638,
          31.275275
        ],
        [
          74.338639,
          31.275265
        ],
        [
          74.338646,
          31.275208
        ],
        [
          74.338693,
          31.274956
        ],
        [
          74.338755,
          31.274688
        ],
        [
          74.33881,
          31.274464
        ],
        [
          74.338846,
          31.274308
        ],
        [
          74.338876,
          31.274165
        ],
        [
          74.338912,
          31.274006
        ],
        [
          74.33897,
          31.273751
        ],
        [
          74.339023,
          31.273539
        ],
        [
          74.339046,
          31.27347
        ],
        [
          74.339094,
          31.273273
        ],
        [
          74.339122,
          31.273166
        ],
        [
          74.339147,
          31.273038
        ],
        [
          74.339166,
          31.272981
        ],
        [
          74.339193,
          31.272826
        ],
        [
          74.339198,
          31.272772
        ],
        [
          74.339192,
          31.272769
        ],
        [
          74.339204,
          31.272704
        ],
        [
          74.339217,
          31.272567
        ],
        [
          74.339241,
          31.272499
        ],
        [
          74.339261,
          31.272378
        ],
        [
          74.339371,
          31.272014
        ],
        [
          74.3394,
          31.271898
        ],
        [
          74.339427,
          31.271801
        ],
        [
          74.33935,
          31.271732
        ],
        [
          74.339628,
          31.270947
        ],
        [
          74.339653,
          31.270575
        ],
        [
          74.339667,
          31.270094
        ],
        [
          74.339664,
          31.269979
        ],
        [
          74.339742,
          31.26954
        ],
        [
          74.339801,
          31.269308
        ],
        [
          74.339907,
          31.268887
        ],
        [
          74.339904,
          31.26873
        ],
        [
          74.339907,
          31.268708
        ],
        [
          74.339921,
          31.268585
        ],
        [
          74.33993,
          31.268512
        ],
        [
          74.33993,
          31.268328
        ],
        [
          74.339928,
          31.267991
        ],
        [
          74.339908,
          31.267762
        ],
        [
          74.339907,
          31.267624
        ],
        [
          74.339907,
          31.267621
        ],
        [
          74.339897,
          31.267431
        ],
        [
          74.339898,
          31.267224
        ],
        [
          74.339888,
          31.267144
        ],
        [
          74.339899,
          31.266896
        ],
        [
          74.339857,
          31.266503
        ],
        [
          74.339828,
          31.266193
        ],
        [
          74.33982,
          31.266031
        ],
        [
          74.339813,
          31.265999
        ],
        [
          74.33981,
          31.265835
        ],
        [
          74.339764,
          31.265775
        ],
        [
          74.33973,
          31.265713
        ],
        [
          74.3397,
          31.265611
        ],
        [
          74.33966,
          31.265494
        ],
        [
          74.339577,
          31.265325
        ],
        [
          74.339404,
          31.264954
        ],
        [
          74.339369,
          31.264873
        ],
        [
          74.339296,
          31.264781
        ],
        [
          74.339232,
          31.264665
        ],
        [
          74.339146,
          31.264447
        ],
        [
          74.339043,
          31.264261
        ],
        [
          74.339002,
          31.264175
        ],
        [
          74.338947,
          31.264025
        ],
        [
          74.338882,
          31.263869
        ],
        [
          74.338756,
          31.263564
        ],
        [
          74.338754,
          31.263551
        ],
        [
          74.338728,
          31.263458
        ],
        [
          74.338708,
          31.263369
        ],
        [
          74.33865,
          31.263151
        ],
        [
          74.338645,
          31.263132
        ],
        [
          74.338639,
          31.263065
        ],
        [
          74.338586,
          31.262888
        ],
        [
          74.33856,
          31.26278
        ],
        [
          74.338573,
          31.262673
        ],
        [
          74.338609,
          31.262546
        ],
        [
          74.338658,
          31.262434
        ],
        [
          74.338709,
          31.26235
        ],
        [
          74.338759,
          31.262284
        ],
        [
          74.338933,
          31.262049
        ],
        [
          74.338843,
          31.262023
        ],
        [
          74.338907,
          31.261937
        ],
        [
          74.339022,
          31.26178
        ],
        [
          74.339251,
          31.261439
        ],
        [
          74.339319,
          31.261321
        ],
        [
          74.339389,
          31.261186
        ],
        [
          74.339444,
          31.261009
        ],
        [
          74.339481,
          31.260847
        ],
        [
          74.339486,
          31.260778
        ],
        [
          74.339512,
          31.260587
        ],
        [
          74.339513,
          31.260582
        ],
        [
          74.339541,
          31.26038
        ],
        [
          74.339558,
          31.260217
        ],
        [
          74.339551,
          31.260141
        ],
        [
          74.339687,
          31.259997
        ],
        [
          74.339721,
          31.259999
        ],
        [
          74.339871,
          31.259977
        ],
        [
          74.34,
          31.259927
        ],
        [
          74.339985,
          31.259757
        ],
        [
          74.340088,
          31.259725
        ],
        [
          74.340104,
          31.25972
        ],
        [
          74.340249,
          31.259633
        ],
        [
          74.340502,
          31.259492
        ],
        [
          74.340658,
          31.259416
        ],
        [
          74.340718,
          31.259386
        ],
        [
          74.340993,
          31.259238
        ],
        [
          74.34122,
          31.259112
        ],
        [
          74.341374,
          31.259022
        ],
        [
          74.341573,
          31.258915
        ],
        [
          74.341776,
          31.258806
        ],
        [
          74.341961,
          31.258697
        ],
        [
          74.342006,
          31.258675
        ],
        [
          74.342207,
          31.258579
        ],
        [
          74.342227,
          31.258571
        ],
        [
          74.342428,
          31.25849
        ],
        [
          74.342559,
          31.258437
        ],
        [
          74.342656,
          31.258397
        ],
        [
          74.342858,
          31.258314
        ],
        [
          74.342923,
          31.258288
        ],
        [
          74.343082,
          31.258227
        ],
        [
          74.34341,
          31.258118
        ],
        [
          74.343577,
          31.258054
        ],
        [
          74.343847,
          31.257954
        ],
        [
          74.343865,
          31.257946
        ],
        [
          74.344006,
          31.257883
        ],
        [
          74.344328,
          31.257711
        ],
        [
          74.344467,
          31.257637
        ],
        [
          74.344765,
          31.2575
        ],
        [
          74.344932,
          31.257433
        ],
        [
          74.345227,
          31.257309
        ],
        [
          74.345235,
          31.257306
        ],
        [
          74.345326,
          31.257262
        ],
        [
          74.345586,
          31.257156
        ],
        [
          74.345775,
          31.25706
        ],
        [
          74.345966,
          31.256995
        ],
        [
          74.346107,
          31.256955
        ],
        [
          74.346324,
          31.256908
        ],
        [
          74.346471,
          31.256883
        ],
        [
          74.346551,
          31.25687
        ],
        [
          74.346571,
          31.256866
        ],
        [
          74.346771,
          31.256825
        ],
        [
          74.347057,
          31.256756
        ],
        [
          74.347206,
          31.256711
        ],
        [
          74.347256,
          31.256695
        ],
        [
          74.347439,
          31.256645
        ],
        [
          74.347721,
          31.25657
        ],
        [
          74.347793,
          31.256551
        ],
        [
          74.347822,
          31.256539
        ],
        [
          74.34799,
          31.256469
        ],
        [
          74.348312,
          31.256379
        ],
        [
          74.348668,
          31.256288
        ],
        [
          74.348837,
          31.256248
        ],
        [
          74.349025,
          31.256197
        ],
        [
          74.34908,
          31.256182
        ],
        [
          74.349394,
          31.2561
        ],
        [
          74.349437,
          31.256089
        ],
        [
          74.349569,
          31.256057
        ],
        [
          74.349866,
          31.25596
        ],
        [
          74.350031,
          31.255908
        ],
        [
          74.350033,
          31.255907
        ],
        [
          74.350063,
          31.25589
        ],
        [
          74.350402,
          31.255697
        ],
        [
          74.350569,
          31.255613
        ],
        [
          74.350733,
          31.255544
        ],
        [
          74.351083,
          31.255411
        ],
        [
          74.35126,
          31.255359
        ],
        [
          74.351562,
          31.255277
        ],
        [
          74.351806,
          31.255202
        ],
        [
          74.352051,
          31.255152
        ],
        [
          74.352189,
          31.255121
        ],
        [
          74.352219,
          31.255114
        ],
        [
          74.352219,
          31.255112
        ],
        [
          74.352226,
          31.255067
        ],
        [
          74.35247,
          31.254987
        ],
        [
          74.3527,
          31.254917
        ],
        [
          74.352903,
          31.254855
        ],
        [
          74.353041,
          31.254828
        ],
        [
          74.353158,
          31.254829
        ],
        [
          74.353171,
          31.254829
        ],
        [
          74.353307,
          31.255046
        ],
        [
          74.353468,
          31.255286
        ],
        [
          74.353625,
          31.255527
        ],
        [
          74.353807,
          31.255781
        ],
        [
          74.353921,
          31.255908
        ],
        [
          74.353994,
          31.255988
        ],
        [
          74.354035,
          31.25602
        ],
        [
          74.354254,
          31.256122
        ],
        [
          74.354515,
          31.256225
        ],
        [
          74.354702,
          31.256264
        ],
        [
          74.354902,
          31.256327
        ],
        [
          74.355084,
          31.256441
        ],
        [
          74.355189,
          31.256505
        ],
        [
          74.355379,
          31.256615
        ],
        [
          74.355675,
          31.256792
        ],
        [
          74.35596,
          31.256983
        ],
        [
          74.356147,
          31.257112
        ],
        [
          74.356425,
          31.25729
        ],
        [
          74.356745,
          31.257467
        ],
        [
          74.357043,
          31.257623
        ],
        [
          74.357382,
          31.257819
        ],
        [
          74.357444,
          31.257897
        ],
        [
          74.357684,
          31.25815
        ],
        [
          74.357911,
          31.258377
        ],
        [
          74.35806,
          31.258564
        ],
        [
          74.358342,
          31.258888
        ],
        [
          74.358548,
          31.259089
        ],
        [
          74.358709,
          31.259286
        ],
        [
          74.358943,
          31.259525
        ],
        [
          74.359129,
          31.259687
        ],
        [
          74.359359,
          31.259887
        ],
        [
          74.3595,
          31.260009
        ],
        [
          74.359672,
          31.260144
        ],
        [
          74.359714,
          31.260175
        ],
        [
          74.359819,
          31.26025
        ],
        [
          74.359944,
          31.260334
        ],
        [
          74.36014,
          31.26048
        ],
        [
          74.360293,
          31.260596
        ],
        [
          74.360325,
          31.260621
        ],
        [
          74.360338,
          31.260623
        ],
        [
          74.360385,
          31.260631
        ],
        [
          74.360604,
          31.260765
        ],
        [
          74.360651,
          31.260794
        ],
        [
          74.360709,
          31.260836
        ],
        [
          74.360831,
          31.260924
        ],
        [
          74.360915,
          31.260954
        ],
        [
          74.36102,
          31.260998
        ],
        [
          74.361054,
          31.261012
        ],
        [
          74.361313,
          31.261146
        ],
        [
          74.361367,
          31.261174
        ],
        [
          74.361448,
          31.261216
        ],
        [
          74.36154,
          31.261259
        ],
        [
          74.361559,
          31.261266
        ],
        [
          74.361799,
          31.261351
        ],
        [
          74.361959,
          31.261399
        ],
        [
          74.362219,
          31.261485
        ],
        [
          74.36233,
          31.261522
        ],
        [
          74.362334,
          31.261523
        ],
        [
          74.362584,
          31.261616
        ],
        [
          74.362864,
          31.261688
        ],
        [
          74.363145,
          31.261743
        ],
        [
          74.363403,
          31.261807
        ],
        [
          74.363469,
          31.261822
        ],
        [
          74.36373,
          31.261923
        ],
        [
          74.363852,
          31.261979
        ],
        [
          74.363986,
          31.262054
        ],
        [
          74.364244,
          31.262207
        ],
        [
          74.364387,
          31.262293
        ],
        [
          74.364481,
          31.26236
        ],
        [
          74.364709,
          31.262485
        ],
        [
          74.364763,
          31.262514
        ],
        [
          74.364975,
          31.262637
        ],
        [
          74.365229,
          31.262777
        ],
        [
          74.365415,
          31.262855
        ],
        [
          74.365634,
          31.26293
        ],
        [
          74.365644,
          31.262887
        ],
        [
          74.365851,
          31.262917
        ],
        [
          74.366182,
          31.262968
        ],
        [
          74.366507,
          31.26302
        ],
        [
          74.366903,
          31.263101
        ],
        [
          74.367087,
          31.263145
        ],
        [
          74.36728,
          31.263202
        ],
        [
          74.367282,
          31.263248
        ],
        [
          74.367262,
          31.263294
        ],
        [
          74.367224,
          31.263458
        ],
        [
          74.367195,
          31.263668
        ],
        [
          74.367151,
          31.264
        ],
        [
          74.367161,
          31.264146
        ],
        [
          74.367193,
          31.264439
        ],
        [
          74.367232,
          31.264702
        ],
        [
          74.367241,
          31.264766
        ],
        [
          74.367264,
          31.264843
        ],
        [
          74.367381,
          31.264924
        ],
        [
          74.367571,
          31.265043
        ],
        [
          74.367816,
          31.2652
        ],
        [
          74.367966,
          31.265304
        ],
        [
          74.368122,
          31.265397
        ],
        [
          74.368373,
          31.265527
        ],
        [
          74.368579,
          31.265621
        ],
        [
          74.36872,
          31.265676
        ],
        [
          74.368859,
          31.265718
        ],
        [
          74.369094,
          31.265778
        ],
        [
          74.369298,
          31.265815
        ],
        [
          74.369488,
          31.265853
        ],
        [
          74.369517,
          31.265859
        ],
        [
          74.369799,
          31.265946
        ],
        [
          74.369914,
          31.265916
        ],
        [
          74.370025,
          31.265883
        ],
        [
          74.370134,
          31.265932
        ],
        [
          74.370241,
          31.265999
        ],
        [
          74.370295,
          31.265995
        ],
        [
          74.370629,
          31.265976
        ],
        [
          74.370897,
          31.265962
        ],
        [
          74.37118,
          31.265953
        ],
        [
          74.371494,
          31.265949
        ],
        [
          74.371694,
          31.265959
        ],
        [
          74.371837,
          31.265977
        ],
        [
          74.371955,
          31.265992
        ],
        [
          74.372304,
          31.266025
        ],
        [
          74.372512,
          31.266045
        ],
        [
          74.372693,
          31.266051
        ],
        [
          74.373027,
          31.266043
        ],
        [
          74.373397,
          31.266039
        ],
        [
          74.373761,
          31.266045
        ],
        [
          74.374031,
          31.266023
        ],
        [
          74.374279,
          31.266018
        ],
        [
          74.374334,
          31.266016
        ],
        [
          74.374542,
          31.266023
        ],
        [
          74.374674,
          31.266025
        ],
        [
          74.374948,
          31.266028
        ],
        [
          74.375272,
          31.266033
        ],
        [
          74.375469,
          31.266046
        ],
        [
          74.375629,
          31.266058
        ],
        [
          74.375782,
          31.266071
        ],
        [
          74.375957,
          31.266086
        ],
        [
          74.37633,
          31.26615
        ],
        [
          74.376518,
          31.266188
        ],
        [
          74.376955,
          31.266266
        ],
        [
          74.377101,
          31.26629
        ],
        [
          74.377458,
          31.266362
        ],
        [
          74.377943,
          31.266463
        ],
        [
          74.378183,
          31.26653
        ],
        [
          74.378283,
          31.26654
        ],
        [
          74.378573,
          31.266566
        ],
        [
          74.378821,
          31.266587
        ],
        [
          74.379049,
          31.266623
        ],
        [
          74.379202,
          31.266668
        ],
        [
          74.379268,
          31.266687
        ],
        [
          74.379426,
          31.266759
        ],
        [
          74.379523,
          31.266817
        ],
        [
          74.379752,
          31.26697
        ],
        [
          74.380019,
          31.267147
        ],
        [
          74.380237,
          31.267338
        ],
        [
          74.380289,
          31.267384
        ],
        [
          74.380384,
          31.267515
        ],
        [
          74.380536,
          31.267749
        ],
        [
          74.380589,
          31.267831
        ],
        [
          74.380596,
          31.267841
        ],
        [
          74.380741,
          31.268119
        ],
        [
          74.381367,
          31.268205
        ],
        [
          74.381989,
          31.268257
        ],
        [
          74.382928,
          31.268571
        ],
        [
          74.382966,
          31.268584
        ],
        [
          74.383495,
          31.268485
        ],
        [
          74.383594,
          31.268468
        ],
        [
          74.38382,
          31.268428
        ],
        [
          74.384258,
          31.268352
        ],
        [
          74.384791,
          31.268255
        ],
        [
          74.385308,
          31.268133
        ],
        [
          74.385487,
          31.268091
        ],
        [
          74.385869,
          31.268001
        ],
        [
          74.386335,
          31.267857
        ],
        [
          74.386417,
          31.267832
        ],
        [
          74.387039,
          31.26764
        ],
        [
          74.387386,
          31.267564
        ],
        [
          74.388033,
          31.267421
        ],
        [
          74.388413,
          31.267301
        ],
        [
          74.389011,
          31.267112
        ],
        [
          74.389183,
          31.267139
        ],
        [
          74.389176,
          31.266982
        ],
        [
          74.389318,
          31.266975
        ],
        [
          74.389369,
          31.266879
        ],
        [
          74.38944,
          31.266747
        ],
        [
          74.389878,
          31.266611
        ],
        [
          74.390434,
          31.26644
        ],
        [
          74.390675,
          31.266362
        ],
        [
          74.391074,
          31.266235
        ],
        [
          74.392492,
          31.265804
        ],
        [
          74.392867,
          31.265694
        ],
        [
          74.392978,
          31.265661
        ],
        [
          74.393611,
          31.265328
        ],
        [
          74.394437,
          31.265131
        ],
        [
          74.394689,
          31.265071
        ],
        [
          74.395322,
          31.265052
        ],
        [
          74.395762,
          31.265047
        ],
        [
          74.395824,
          31.265047
        ],
        [
          74.395858,
          31.265046
        ],
        [
          74.395945,
          31.265045
        ],
        [
          74.396231,
          31.265045
        ],
        [
          74.396545,
          31.265128
        ],
        [
          74.39663,
          31.265148
        ],
        [
          74.397076,
          31.265381
        ],
        [
          74.397316,
          31.265507
        ],
        [
          74.398035,
          31.265921
        ],
        [
          74.398778,
          31.266217
        ],
        [
          74.398953,
          31.266228
        ],
        [
          74.402009,
          31.266415
        ],
        [
          74.402428,
          31.26656
        ],
        [
          74.402556,
          31.266673
        ],
        [
          74.402655,
          31.266762
        ],
        [
          74.403449,
          31.267537
        ],
        [
          74.40349,
          31.267742
        ],
        [
          74.403511,
          31.267788
        ],
        [
          74.403744,
          31.268028
        ],
        [
          74.403786,
          31.268326
        ],
        [
          74.403961,
          31.26853
        ],
        [
          74.403964,
          31.268635
        ],
        [
          74.403993,
          31.269255
        ],
        [
          74.404045,
          31.269693
        ],
        [
          74.404063,
          31.269844
        ],
        [
          74.40378,
          31.270152
        ],
        [
          74.4037,
          31.270521
        ],
        [
          74.40322,
          31.270546
        ],
        [
          74.403218,
          31.270571
        ],
        [
          74.403302,
          31.271009
        ],
        [
          74.40338,
          31.271033
        ],
        [
          74.403433,
          31.27105
        ],
        [
          74.403824,
          31.270955
        ],
        [
          74.404221,
          31.27091
        ],
        [
          74.404228,
          31.271046
        ],
        [
          74.404246,
          31.271403
        ],
        [
          74.404314,
          31.271409
        ],
        [
          74.404541,
          31.271431
        ],
        [
          74.404804,
          31.271467
        ],
        [
          74.405023,
          31.271661
        ],
        [
          74.405128,
          31.271753
        ],
        [
          74.405365,
          31.271852
        ],
        [
          74.405379,
          31.271857
        ],
        [
          74.405935,
          31.272078
        ],
        [
          74.406426,
          31.272518
        ],
        [
          74.40648,
          31.272529
        ],
        [
          74.406761,
          31.272723
        ],
        [
          74.406766,
          31.272726
        ],
        [
          74.407077,
          31.272921
        ],
        [
          74.407215,
          31.2731
        ],
        [
          74.407248,
          31.27311
        ],
        [
          74.407353,
          31.273143
        ],
        [
          74.40736,
          31.273152
        ],
        [
          74.407615,
          31.273521
        ],
        [
          74.407657,
          31.273581
        ],
        [
          74.407776,
          31.273751
        ],
        [
          74.407913,
          31.273947
        ],
        [
          74.408074,
          31.274046
        ],
        [
          74.408365,
          31.274225
        ],
        [
          74.408598,
          31.274442
        ],
        [
          74.408777,
          31.274553
        ],
        [
          74.409064,
          31.274732
        ],
        [
          74.409424,
          31.274939
        ],
        [
          74.409583,
          31.274994
        ],
        [
          74.409718,
          31.275037
        ],
        [
          74.409721,
          31.275038
        ],
        [
          74.410066,
          31.275148
        ],
        [
          74.410066,
          31.275148
        ],
        [
          74.410285,
          31.275192
        ],
        [
          74.410408,
          31.275217
        ],
        [
          74.410556,
          31.275246
        ],
        [
          74.410748,
          31.275284
        ],
        [
          74.411056,
          31.275479
        ],
        [
          74.411391,
          31.275686
        ],
        [
          74.411518,
          31.275777
        ],
        [
          74.411633,
          31.275859
        ],
        [
          74.411662,
          31.275859
        ],
        [
          74.411745,
          31.275859
        ],
        [
          74.411876,
          31.275935
        ],
        [
          74.412295,
          31.276162
        ],
        [
          74.412575,
          31.276253
        ],
        [
          74.413176,
          31.276457
        ],
        [
          74.413697,
          31.276632
        ],
        [
          74.413759,
          31.276653
        ],
        [
          74.414509,
          31.276765
        ],
        [
          74.415152,
          31.276862
        ],
        [
          74.415272,
          31.27688
        ],
        [
          74.415855,
          31.276872
        ],
        [
          74.416492,
          31.276882
        ],
        [
          74.417058,
          31.276885
        ],
        [
          74.417614,
          31.276897
        ],
        [
          74.41738,
          31.277025
        ],
        [
          74.417431,
          31.277027
        ],
        [
          74.417687,
          31.277035
        ],
        [
          74.417702,
          31.276457
        ],
        [
          74.417923,
          31.276064
        ],
        [
          74.418151,
          31.275691
        ],
        [
          74.418106,
          31.275279
        ],
        [
          74.418009,
          31.274218
        ],
        [
          74.417966,
          31.273975
        ],
        [
          74.417882,
          31.273799
        ],
        [
          74.417847,
          31.273659
        ],
        [
          74.417806,
          31.273299
        ],
        [
          74.417797,
          31.273004
        ],
        [
          74.417816,
          31.272593
        ],
        [
          74.41783,
          31.272214
        ],
        [
          74.417706,
          31.271745
        ],
        [
          74.417706,
          31.271355
        ],
        [
          74.417704,
          31.27058
        ],
        [
          74.417697,
          31.270334
        ],
        [
          74.41768,
          31.270213
        ],
        [
          74.417854,
          31.269561
        ],
        [
          74.417876,
          31.269446
        ],
        [
          74.417947,
          31.269085
        ],
        [
          74.417961,
          31.268733
        ],
        [
          74.417963,
          31.26786
        ],
        [
          74.417973,
          31.267429
        ],
        [
          74.418104,
          31.266868
        ],
        [
          74.418285,
          31.266263
        ],
        [
          74.419217,
          31.266365
        ],
        [
          74.419936,
          31.266451
        ],
        [
          74.420214,
          31.265951
        ],
        [
          74.420769,
          31.265844
        ],
        [
          74.422025,
          31.265664
        ],
        [
          74.422491,
          31.265609
        ],
        [
          74.423496,
          31.265882
        ],
        [
          74.423598,
          31.266216
        ],
        [
          74.423719,
          31.266594
        ],
        [
          74.424659,
          31.266399
        ],
        [
          74.425506,
          31.266201
        ],
        [
          74.425858,
          31.266163
        ],
        [
          74.426534,
          31.266011
        ],
        [
          74.426874,
          31.265621
        ],
        [
          74.42726,
          31.265437
        ],
        [
          74.427346,
          31.265433
        ],
        [
          74.428169,
          31.265202
        ],
        [
          74.428787,
          31.265038
        ],
        [
          74.42952,
          31.264731
        ],
        [
          74.429682,
          31.264664
        ],
        [
          74.429818,
          31.264583
        ],
        [
          74.430313,
          31.264207
        ],
        [
          74.430548,
          31.264024
        ],
        [
          74.43111,
          31.263734
        ],
        [
          74.431242,
          31.263684
        ],
        [
          74.431356,
          31.26364
        ],
        [
          74.431555,
          31.263565
        ],
        [
          74.432235,
          31.263313
        ],
        [
          74.432576,
          31.263153
        ],
        [
          74.432892,
          31.263019
        ],
        [
          74.432985,
          31.26298
        ],
        [
          74.433159,
          31.262903
        ],
        [
          74.433454,
          31.262685
        ],
        [
          74.433772,
          31.262451
        ],
        [
          74.433881,
          31.262378
        ],
        [
          74.434087,
          31.262239
        ],
        [
          74.434496,
          31.262694
        ],
        [
          74.435131,
          31.263251
        ],
        [
          74.435167,
          31.263241
        ],
        [
          74.436081,
          31.262825
        ],
        [
          74.436456,
          31.263279
        ],
        [
          74.43683,
          31.263836
        ],
        [
          74.437561,
          31.26341
        ],
        [
          74.438158,
          31.263049
        ],
        [
          74.438541,
          31.262837
        ],
        [
          74.438981,
          31.262715
        ],
        [
          74.440019,
          31.262432
        ],
        [
          74.440268,
          31.262353
        ],
        [
          74.440368,
          31.262606
        ],
        [
          74.441098,
          31.262384
        ],
        [
          74.441303,
          31.262318
        ],
        [
          74.441794,
          31.262229
        ],
        [
          74.44215,
          31.262153
        ],
        [
          74.442179,
          31.262334
        ],
        [
          74.442263,
          31.262791
        ],
        [
          74.442328,
          31.263242
        ],
        [
          74.442543,
          31.263509
        ],
        [
          74.442726,
          31.263754
        ],
        [
          74.44288,
          31.263967
        ],
        [
          74.443076,
          31.264428
        ],
        [
          74.4432,
          31.26471
        ],
        [
          74.442975,
          31.264984
        ],
        [
          74.442217,
          31.265001
        ],
        [
          74.441768,
          31.265218
        ],
        [
          74.441136,
          31.265488
        ],
        [
          74.441119,
          31.265498
        ],
        [
          74.441113,
          31.265823
        ],
        [
          74.441052,
          31.266488
        ],
        [
          74.440986,
          31.266783
        ],
        [
          74.440951,
          31.267013
        ],
        [
          74.440927,
          31.267118
        ],
        [
          74.440911,
          31.267259
        ],
        [
          74.440946,
          31.267403
        ],
        [
          74.440963,
          31.267525
        ],
        [
          74.44098,
          31.267653
        ],
        [
          74.441016,
          31.267718
        ],
        [
          74.441045,
          31.267813
        ],
        [
          74.441073,
          31.267898
        ],
        [
          74.441125,
          31.267935
        ],
        [
          74.441349,
          31.268207
        ],
        [
          74.441587,
          31.2685
        ],
        [
          74.441654,
          31.268574
        ],
        [
          74.441974,
          31.268804
        ],
        [
          74.442261,
          31.269023
        ],
        [
          74.442688,
          31.269362
        ],
        [
          74.442859,
          31.269743
        ],
        [
          74.442924,
          31.269895
        ],
        [
          74.443299,
          31.270516
        ],
        [
          74.443535,
          31.270855
        ],
        [
          74.443704,
          31.270904
        ],
        [
          74.444347,
          31.271161
        ],
        [
          74.444772,
          31.271334
        ],
        [
          74.44497,
          31.271422
        ],
        [
          74.445023,
          31.271568
        ],
        [
          74.445219,
          31.272079
        ],
        [
          74.445244,
          31.272317
        ],
        [
          74.445311,
          31.272903
        ],
        [
          74.445248,
          31.273006
        ],
        [
          74.444837,
          31.273567
        ],
        [
          74.444606,
          31.273849
        ],
        [
          74.444429,
          31.274056
        ],
        [
          74.444334,
          31.274201
        ],
        [
          74.444283,
          31.274369
        ],
        [
          74.444222,
          31.274509
        ],
        [
          74.44413,
          31.274759
        ],
        [
          74.444056,
          31.274942
        ],
        [
          74.444056,
          31.274997
        ],
        [
          74.444599,
          31.275248
        ],
        [
          74.444524,
          31.275594
        ],
        [
          74.444403,
          31.276108
        ],
        [
          74.444332,
          31.276479
        ],
        [
          74.444325,
          31.276881
        ],
        [
          74.444301,
          31.277402
        ],
        [
          74.444313,
          31.277471
        ],
        [
          74.444341,
          31.277573
        ],
        [
          74.444429,
          31.278259
        ],
        [
          74.444503,
          31.278987
        ],
        [
          74.44452,
          31.279366
        ],
        [
          74.44456,
          31.280156
        ],
        [
          74.444434,
          31.28086
        ],
        [
          74.444363,
          31.281238
        ],
        [
          74.444333,
          31.281448
        ],
        [
          74.444205,
          31.281461
        ],
        [
          74.443959,
          31.282621
        ],
        [
          74.443919,
          31.282853
        ],
        [
          74.443731,
          31.283959
        ],
        [
          74.443488,
          31.285412
        ],
        [
          74.443506,
          31.285497
        ],
        [
          74.443798,
          31.286968
        ],
        [
          74.44397,
          31.2873
        ],
        [
          74.444581,
          31.28841
        ],
        [
          74.4446,
          31.28838
        ],
        [
          74.444958,
          31.288708
        ],
        [
          74.445227,
          31.288951
        ],
        [
          74.445409,
          31.289113
        ],
        [
          74.445849,
          31.289509
        ],
        [
          74.446039,
          31.289678
        ],
        [
          74.446333,
          31.28992
        ],
        [
          74.446555,
          31.290107
        ],
        [
          74.446925,
          31.290507
        ],
        [
          74.447225,
          31.290836
        ],
        [
          74.447471,
          31.291085
        ],
        [
          74.447705,
          31.291296
        ],
        [
          74.448173,
          31.29167
        ],
        [
          74.448604,
          31.291928
        ],
        [
          74.449116,
          31.292016
        ],
        [
          74.449215,
          31.292033
        ],
        [
          74.449199,
          31.292307
        ],
        [
          74.449188,
          31.292827
        ],
        [
          74.449186,
          31.292985
        ],
        [
          74.449184,
          31.293524
        ],
        [
          74.449192,
          31.293611
        ],
        [
          74.449233,
          31.293949
        ],
        [
          74.449253,
          31.294104
        ],
        [
          74.449304,
          31.294573
        ],
        [
          74.44934,
          31.294778
        ],
        [
          74.449411,
          31.295218
        ],
        [
          74.449443,
          31.295425
        ],
        [
          74.450092,
          31.29576
        ],
        [
          74.450402,
          31.295907
        ],
        [
          74.450381,
          31.296158
        ],
        [
          74.450349,
          31.296746
        ],
        [
          74.450343,
          31.297003
        ],
        [
          74.450421,
          31.2972
        ],
        [
          74.450486,
          31.297367
        ],
        [
          74.450526,
          31.297469
        ],
        [
          74.450621,
          31.297708
        ],
        [
          74.450812,
          31.298262
        ],
        [
          74.450968,
          31.29872
        ],
        [
          74.451168,
          31.299347
        ],
        [
          74.451232,
          31.299537
        ],
        [
          74.451459,
          31.300302
        ],
        [
          74.451642,
          31.300913
        ],
        [
          74.451756,
          31.301264
        ],
        [
          74.451727,
          31.301264
        ],
        [
          74.451771,
          31.30153
        ],
        [
          74.45184,
          31.302027
        ],
        [
          74.451956,
          31.302253
        ],
        [
          74.452201,
          31.302697
        ],
        [
          74.452127,
          31.303078
        ],
        [
          74.452089,
          31.303143
        ],
        [
          74.451785,
          31.303649
        ],
        [
          74.451328,
          31.304201
        ],
        [
          74.451118,
          31.304539
        ],
        [
          74.450988,
          31.304632
        ],
        [
          74.450919,
          31.304682
        ],
        [
          74.450919,
          31.304872
        ],
        [
          74.450804,
          31.305015
        ],
        [
          74.450624,
          31.30531
        ],
        [
          74.450252,
          31.305338
        ],
        [
          74.450138,
          31.305824
        ],
        [
          74.450033,
          31.306153
        ],
        [
          74.450005,
          31.306243
        ],
        [
          74.450005,
          31.306354
        ],
        [
          74.450005,
          31.306661
        ],
        [
          74.4499,
          31.307166
        ],
        [
          74.449853,
          31.307337
        ],
        [
          74.449815,
          31.307803
        ],
        [
          74.450091,
          31.308137
        ],
        [
          74.450566,
          31.308774
        ],
        [
          74.450867,
          31.309294
        ],
        [
          74.450881,
          31.309317
        ],
        [
          74.451109,
          31.30945
        ],
        [
          74.451332,
          31.309575
        ],
        [
          74.451433,
          31.309631
        ],
        [
          74.451438,
          31.309637
        ],
        [
          74.451568,
          31.309784
        ],
        [
          74.452032,
          31.310307
        ],
        [
          74.452144,
          31.310493
        ],
        [
          74.452146,
          31.310497
        ],
        [
          74.452365,
          31.310992
        ],
        [
          74.45241,
          31.311339
        ],
        [
          74.45247,
          31.31181
        ],
        [
          74.452651,
          31.312918
        ],
        [
          74.452665,
          31.313007
        ],
        [
          74.452855,
          31.314138
        ],
        [
          74.453189,
          31.315137
        ],
        [
          74.453272,
          31.315387
        ],
        [
          74.453341,
          31.316219
        ],
        [
          74.453367,
          31.316529
        ],
        [
          74.453462,
          31.317074
        ],
        [
          74.453462,
          31.317076
        ],
        [
          74.453454,
          31.31714
        ],
        [
          74.453403,
          31.31754
        ],
        [
          74.453403,
          31.317569
        ],
        [
          74.453403,
          31.31804
        ],
        [
          74.453515,
          31.318382
        ],
        [
          74.453593,
          31.318623
        ],
        [
          74.454117,
          31.319289
        ],
        [
          74.4542,
          31.319456
        ],
        [
          74.455003,
          31.319495
        ],
        [
          74.455023,
          31.319496
        ],
        [
          74.455237,
          31.320722
        ],
        [
          74.45519,
          31.321424
        ],
        [
          74.4551,
          31.322109
        ],
        [
          74.455071,
          31.322328
        ],
        [
          74.455025,
          31.322521
        ],
        [
          74.454869,
          31.323184
        ],
        [
          74.454761,
          31.323934
        ],
        [
          74.454821,
          31.324481
        ],
        [
          74.454786,
          31.324595
        ],
        [
          74.454785,
          31.324599
        ],
        [
          74.454642,
          31.325064
        ],
        [
          74.45458,
          31.325527
        ],
        [
          74.454559,
          31.325683
        ],
        [
          74.454464,
          31.326408
        ],
        [
          74.454428,
          31.32717
        ],
        [
          74.454488,
          31.327836
        ],
        [
          74.454642,
          31.327848
        ],
        [
          74.454917,
          31.327908
        ],
        [
          74.455511,
          31.328038
        ],
        [
          74.455951,
          31.328282
        ],
        [
          74.456078,
          31.328352
        ],
        [
          74.456792,
          31.328876
        ],
        [
          74.457125,
          31.329304
        ],
        [
          74.457648,
          31.329495
        ],
        [
          74.457758,
          31.329649
        ],
        [
          74.457839,
          31.329764
        ]
      ]
    ]
  }
}